ImageFilePath,Genus,ScientificName,Length,Width,Embedding,Pred_NaiveBayes,Pred_LogisticRegression,Pred_NearestNeighbor,Pred_MLP_Baseline
/fs/ess/PAS2136/Rayeed/BeetlePalooza/individual_images/A00000008916.jpg/5e898cb6-c146-4bd6-9d0c-8d7a3bedd8c8_7fba9b0b-f16a-411d-b3d4-01ab538ee2e2.png,Pterostichus,Pterostichus melanarius,0.978987211652579,0.531728702004419,[[ 2.6646626 -1.7117445 -3.8813708 ...  1.614456  -2.2600834  2.5468345]],Pterostichus melanarius,Pterostichus melanarius,Pterostichus melanarius,Pterostichus melanarius
/fs/ess/PAS2136/Rayeed/BeetlePalooza/individual_images/A00000051184.jpg/0e8dd76a-59ac-4c9a-a360-aee06500b51e_ff2cdc25-e319-4237-98ce-e88a5dc5d196.png,Euryderus,Euryderus grossus,0.870635136073778,0.600092328999546,"[[ 2.6343825  -1.9188654  -0.36238176 ...  3.8924046  -2.8119724
  -0.76155895]]",Euryderus grossus,Euryderus grossus,Euryderus grossus,Euryderus grossus
/fs/ess/PAS2136/Rayeed/BeetlePalooza/individual_images/A00000051166.jpg/46535276-b912-4ac2-b4b8-8611c916db7b_fe71d356-8979-45a1-aeb7-ca476c887807.png,Selenophorus,Selenophorus planipennis,0.318386342379347,0.199862966753353,"[[ 1.7005166  -1.8883458   0.84857893 ...  3.4133782  -2.409298
   3.318     ]]",Amara quenseli,Amara quenseli,Calathus advena,Calathus advena
/fs/ess/PAS2136/Rayeed/BeetlePalooza/individual_images/A00000033571.jpg/1130806e-3b99-46b1-9ca2-5b7efb188405_17e85760-356a-4756-9e04-776dbcb150f8.png,Synuchus,Synuchus impunctatus,0.538520380223443,0.220723867353505,"[[ 1.8472723  -2.7120044   0.9788871  ...  0.93907464 -4.6448393
   5.524738  ]]",Calathus advena,Synuchus impunctatus,Calathus advena,Synuchus impunctatus
/fs/ess/PAS2136/Rayeed/BeetlePalooza/individual_images/A00000059781.jpg/4dad787b-4718-4be2-a540-222dc97e8c5a_e4580df6-ad4d-4831-8d1b-4aad0e4ed1b2.png,Omus,Omus dejeanii,1.07357987887552,0.63368396187324,[[ 1.2361803 -0.5123314 -1.47222   ... -1.0770696 -4.663395   5.6650877]],Carabus taedatus,Omus dejeanii,Carabus goryi,Omus dejeanii
/fs/ess/PAS2136/Rayeed/BeetlePalooza/individual_images/A00000051556.jpg/55593060-6faa-41b3-8ca5-dc4641cbdf5e_7af8b7b1-6b59-4610-b296-6f181da97d02.png,Pterostichus,Pterostichus restrictus,0.581493276596577,0.302311624394713,[[ 2.1327703 -1.7445909 -1.8827386 ...  1.5110444 -4.5275373  5.4049873]],Pterostichus restrictus,Pterostichus restrictus,Calathus advena,Pterostichus restrictus
/fs/ess/PAS2136/Rayeed/BeetlePalooza/individual_images/A00000012430.jpg/79b7155e-6d7f-4d81-be72-ac19bbf170f0_c0b173fb-16b5-4543-86ec-9740967b9ed2.png,Carabus,Carabus goryi,1.40731398357686,0.651222579185439,"[[ 0.75811636 -1.6096206  -5.8222356  ... -1.1436313  -4.5644765
   7.336743  ]]",Carabus goryi,Carabus goryi,Carabus goryi,Carabus goryi
/fs/ess/PAS2136/Rayeed/BeetlePalooza/individual_images/A00000046105.jpg/d3317d16-79d1-4e1c-9f9a-f9e836b206a9_9908683f-b276-466d-a97d-06a3536f1ea2.png,Carabus,Carabus goryi,1.47678168400743,0.762973059606306,[[ 2.0652504 -1.7214166 -3.6208353 ... -1.0372988 -4.6036167  4.9267216]],Carabus goryi,Carabus goryi,Carabus goryi,Carabus goryi
/fs/ess/PAS2136/Rayeed/BeetlePalooza/individual_images/A00000069273.jpg/cc696828-b9a1-42aa-bed0-3df71110353b_6e6418dc-57e4-43ab-bf4b-4356ea638b70.png,Pterostichus,Pterostichus trinarius,0.708210314263699,0.387889343035678,[[ 2.1546884 -1.3252848 -2.2433555 ...  1.9735037 -5.0739865  3.6404076]],Pterostichus melanarius,Pterostichus melanarius,Calathus advena,Pterostichus melanarius
/fs/ess/PAS2136/Rayeed/BeetlePalooza/individual_images/A00000040689.jpg/381e6c5c-e7c6-4346-903a-e5a1737359e3_3ee0d7a5-dc6c-4a40-8db4-b6f34d1e2104.png,Synuchus,Synuchus impunctatus,0.595611608121284,0.337078651685393,[[ 2.008446  -1.5444437 -2.362366  ...  0.4112419 -2.81393    5.5824857]],Synuchus impunctatus,Synuchus impunctatus,Synuchus impunctatus,Synuchus impunctatus
/fs/ess/PAS2136/Rayeed/BeetlePalooza/individual_images/A00000046110.jpg/d6aca355-971e-40d6-9858-90d568362299_37da765c-787e-4994-a715-1ae49dd138db.png,Pterostichus,Pterostichus lachrymosus,0.853520080765416,0.432654624486502,[[ 1.3351601 -1.8964432 -3.5483544 ...  1.1820693 -4.890831   6.03001  ]],Pterostichus lachrymosus,Pterostichus lachrymosus,Pterostichus lachrymosus,Pterostichus lachrymosus
/fs/ess/PAS2136/Rayeed/BeetlePalooza/individual_images/A00000050022.jpg/e61f6517-5870-441a-bb77-4c38a25548c2_fabfb254-6e96-433b-9194-ebb236b6681b.png,Cyclotrachelus,Cyclotrachelus torvus,1.00968806260895,0.572608011732332,[[ 2.0500255 -1.2156501 -2.2266574 ...  1.2532256 -2.5569396  2.6026173]],Cyclotrachelus torvus,Cyclotrachelus torvus,Cyclotrachelus torvus,Cyclotrachelus torvus
/fs/ess/PAS2136/Rayeed/BeetlePalooza/individual_images/A00000050026.jpg/79430b30-2e4d-4890-a9db-6e67c68804af_402b550b-61bb-46e4-8d0a-ef2e1b60a469.png,Cyclotrachelus,Cyclotrachelus torvus,0.904840222174279,0.523944787730128,[[ 2.0225146 -1.9032888 -2.5243824 ...  0.4803571 -2.8795137  4.975038 ]],Cyclotrachelus torvus,Cyclotrachelus torvus,Cyclotrachelus torvus,Cyclotrachelus torvus
/fs/ess/PAS2136/Rayeed/BeetlePalooza/individual_images/A00000046110.jpg/cf08a645-85b0-4043-b3be-d1d32465b9c3_0f82fb6b-cc64-4df4-8b1d-251f111ddca3.png,Pterostichus,Pterostichus lachrymosus,0.78817964344886,0.426718532816556,"[[ 2.2699568  -2.2701168  -0.80089384 ...  1.8471925  -4.0683565
   5.661393  ]]",Pterostichus melanarius,Pterostichus lachrymosus,Pterostichus melanarius,Pterostichus lachrymosus
/fs/ess/PAS2136/Rayeed/BeetlePalooza/individual_images/A00000051609.jpg/8641b474-7266-48dd-afb8-8e3391d3770a_964d73d4-f3a1-4806-b405-4553c16388f9.png,Amara,Amara quenseli,0.423669607205828,0.269198305370286,[[ 1.2189127 -2.7000084  0.9306843 ...  3.2407467 -2.5169384  2.5276053]],Amara quenseli,Amara quenseli,Harpalus desertus,Amara quenseli
/fs/ess/PAS2136/Rayeed/BeetlePalooza/individual_images/A00000046119.jpg/b1532ff5-322d-4688-afaf-269ae3d26645_90dd6b5f-6e22-4983-8915-c5d991e3e5df.png,Carabus,Carabus goryi,1.25748317703278,0.598014061577039,[[ 1.6481322 -1.9176431 -3.1151001 ... -1.2940782 -3.5643697  6.124937 ]],Carabus goryi,Carabus goryi,Carabus goryi,Carabus goryi
/fs/ess/PAS2136/Rayeed/BeetlePalooza/individual_images/A00000049812.jpg/86633963-eaa2-4964-9ca4-9700caade649_0794db2e-9dfb-4c29-903d-a5c66cb00a90.png,Cyclotrachelus,Cyclotrachelus torvus,0.92169057362735,0.538466290445322,[[ 1.2595043 -1.7546962 -3.3639839 ...  0.1877385 -6.3711286  5.4533796]],Pterostichus lachrymosus,Cyclotrachelus torvus,Pterostichus lachrymosus,Cyclotrachelus torvus
/fs/ess/PAS2136/Rayeed/BeetlePalooza/individual_images/A00000046228.jpg/35d26b49-b683-451e-b968-30c7ff3274fc_cd0772f8-215f-4b31-8044-4d48c8270696.png,Carabus,Carabus goryi,1.20953651448052,0.572018585598578,"[[ 1.0864223  -1.4583998  -1.9659832  ... -0.07411944 -2.681783
   6.5087314 ]]",Carabus goryi,Carabus goryi,Carabus goryi,Carabus goryi
/fs/ess/PAS2136/Rayeed/BeetlePalooza/individual_images/MLBS_009.W.20180522.CARABID.CARGOR(20).jpg/3f7c0503-420e-4b37-b7e7-32401b7c0f32_4f193629-8ed0-4476-8506-a6f23ed536a1.png,Carabus,Carabus goryi,1.38223462637798,0.6670917012439,[[ 2.2639823 -1.7128692 -4.431366  ... -0.7164828 -2.8900418  4.6383824]],Carabus goryi,Carabus goryi,Carabus goryi,Carabus goryi
/fs/ess/PAS2136/Rayeed/BeetlePalooza/individual_images/A00000008978.jpg/e1755eaa-8c5d-438a-8a3f-2e2a1f725e14_e47edce2-9f87-46f1-805b-ad13a528e1a2.png,Carabus,Carabus nemoralis,1.54059980919654,0.837837837837838,"[[ 2.0013444  -0.8554797  -2.2645917  ... -0.70185345 -3.3925905
   5.1009855 ]]",Calosoma affine,Calosoma affine,Calosoma affine,Carabus nemoralis
/fs/ess/PAS2136/Rayeed/BeetlePalooza/individual_images/A00000032880.jpg/d21dbdee-45e2-4c00-bb43-285b71b98a4e_f24b89a3-d0ce-4652-a04e-7013e4d93d59.png,Carabus,Carabus goryi,1.2268735285433,0.825748278421233,"[[ 1.592331   -2.0610967  -5.040499   ... -0.03785725 -6.983256
   4.9397182 ]]",Carabus goryi,Carabus goryi,Carabus goryi,Carabus goryi
/fs/ess/PAS2136/Rayeed/BeetlePalooza/individual_images/A00000033601.jpg/ddbf7963-65c2-421c-89bc-e896b591416d_528ef885-5892-41be-a658-3d39f0021a57.png,Synuchus,Synuchus impunctatus,0.595177903206451,0.323067106697948,"[[ 2.061331   -1.4016732  -1.7503204  ...  0.36700186 -3.7724247
   5.478098  ]]",Pterostichus restrictus,Synuchus impunctatus,Synuchus impunctatus,Synuchus impunctatus
/fs/ess/PAS2136/Rayeed/BeetlePalooza/individual_images/A00000051537.jpg/4138b4d6-c128-4365-8464-7ad5af4b0519_5c84bc54-a5dc-4af8-9901-80a5bca0364f.png,Cratacanthus,Cratacanthus dubius,0.51452879840983,0.34674372939223,"[[ 2.0875854  -1.9504876  -0.52875644 ...  4.0773354  -0.4695803
   2.2675953 ]]",Cratacanthus dubius,Cratacanthus dubius,Cratacanthus dubius,Cratacanthus dubius
/fs/ess/PAS2136/Rayeed/BeetlePalooza/individual_images/A00000051531.jpg/7a9a9e71-1806-4b2b-840b-14180e57d9e3_d62b48a1-5611-43aa-9280-d75726dcb2e6.png,Cratacanthus,Cratacanthus dubius,0.521279617519822,0.3642607071866,"[[ 2.3016608  -1.0576519  -0.12707105 ...  0.23484436 -4.413212
  -0.28474084]]",Harpalus pensylvanicus,Cratacanthus dubius,Cratacanthus dubius,Cratacanthus dubius
/fs/ess/PAS2136/Rayeed/BeetlePalooza/individual_images/A00000059776.jpg/97cab38f-67ba-4957-8cbd-6cd41867427c_41301a59-b8b5-4bc9-a3bd-2f67889fadf3.png,Scaphinotus,Scaphinotus angusticollis,1.17724082232873,0.608228737015764,"[[ 1.243584   -1.2971352  -2.153359   ... -0.01474316 -5.0916824
   7.4140396 ]]",Carabus goryi,Scaphinotus angusticollis,Carabus goryi,Scaphinotus angusticollis
/fs/ess/PAS2136/Rayeed/BeetlePalooza/individual_images/A00000033688.jpg/a855f156-d29f-4a0d-b05b-1f15f8793dab_956ccb04-dccd-4f5b-a006-0a2af809242d.png,Synuchus,Synuchus impunctatus,0.524674987773154,0.234381095262809,[[ 1.5432287 -1.008556  -2.9088962 ...  1.5909196 -5.4524126  2.9848518]],Synuchus impunctatus,Synuchus impunctatus,Synuchus impunctatus,Synuchus impunctatus
/fs/ess/PAS2136/Rayeed/BeetlePalooza/individual_images/A00000008918.jpg/8ee04665-30c8-4958-acd4-dc017d28002b_eca6a321-9f75-49ea-8728-35e694e9e663.png,Pterostichus,Pterostichus melanarius,0.950265082623157,0.501040355940596,"[[ 2.2646344  -1.5556254  -2.934192   ...  0.10430521 -2.9919655
   3.2199738 ]]",Pterostichus melanarius,Pterostichus melanarius,Pterostichus melanarius,Pterostichus melanarius
/fs/ess/PAS2136/Rayeed/BeetlePalooza/individual_images/A00000040677.jpg/0a27aa20-ea0b-4a3a-b2a9-b5e0773d5ec6_82b67463-9dc9-4182-98fa-3b4c8d599de5.png,Pterostichus,Pterostichus melanarius,0.944799241695081,0.522211486964307,[[ 2.1788735 -1.4265924 -1.338124  ...  1.712965  -3.4917755  3.930012 ]],Pterostichus melanarius,Pterostichus melanarius,Pterostichus melanarius,Pterostichus melanarius
/fs/ess/PAS2136/Rayeed/BeetlePalooza/individual_images/CPER_006.E.20180524.AXIBIP.01(11).jpg/12bd4739-2368-4c99-9f35-2e831f8c877d_df5d959a-cb38-4a6c-a798-f5e43305ea5d.png,Axinopalpus,Axinopalpus biplagiatus,0.16454235190182,0.10250631740368,"[[ 2.0599132  -2.347075    0.21060278 ...  2.4307206  -3.0481544
   7.6657615 ]]",Amara quenseli,Syntomus americanus,Syntomus americanus,Syntomus americanus
/fs/ess/PAS2136/Rayeed/BeetlePalooza/individual_images/A00000046298.jpg/3aca9280-aa27-4c85-b786-8b55782e178f_83d5f084-bf25-4781-9ce7-cc42f5084609.png,Carabus,Carabus goryi,1.35079900122164,0.586000672035803,[[ 1.1749825 -1.1084237 -2.470334  ... -0.5939767 -5.3200054  4.718467 ]],Carabus goryi,Carabus goryi,Carabus goryi,Carabus goryi
/fs/ess/PAS2136/Rayeed/BeetlePalooza/individual_images/A00000046185.jpg/353f99a5-5b5f-493b-9af2-a1cf0e11dc18_de6e73c2-4a57-4f6b-8a68-f97967953d6f.png,Pterostichus,Pterostichus acutipes,0.819562011965053,0.417976626102177,[[ 1.5934513 -1.4331248 -2.2874641 ...  1.0088992 -4.516056   3.6720762]],Pterostichus restrictus,Pterostichus tristis,Pterostichus restrictus,Pterostichus tristis
/fs/ess/PAS2136/Rayeed/BeetlePalooza/individual_images/A00000034550.jpg/0b19b8e8-c5cb-44b7-aa67-6cf0acbc3afc_6d2cc9cb-1326-4de9-a431-faae30181335.png,Anisodactylus,Anisodactylus ovularis,0.761230610768654,0.500055688589581,"[[ 2.1764753  -0.9104215  -3.1173043  ...  4.469419   -0.78263074
  -1.2946458 ]]",Harpalus pensylvanicus,Anisodactylus dulcicollis,Anisodactylus dulcicollis,Anisodactylus dulcicollis
/fs/ess/PAS2136/Rayeed/BeetlePalooza/individual_images/A00000040688.jpg/c6c53cbc-fde6-4c21-b7ef-e452145d1193_354a1774-a6d7-41da-a0af-629af0acae83.png,Synuchus,Synuchus impunctatus,0.590354278540489,0.365175280095846,[[ 1.6642085 -1.2219396 -2.2762194 ...  0.8935551 -5.2133756  2.646239 ]],Synuchus impunctatus,Synuchus impunctatus,Synuchus impunctatus,Synuchus impunctatus
/fs/ess/PAS2136/Rayeed/BeetlePalooza/individual_images/A00000051584.jpg/31403efc-92da-445a-b848-2e46b5b4d14b_ffa51d95-26a6-41e4-a4b1-4d9180a9eca4.png,Pterostichus,Pterostichus restrictus,0.600229302420876,0.31315238873348,"[[ 0.74773324 -1.7056854  -3.5087063  ...  1.3319474  -3.6127102
   5.360946  ]]",Pterostichus restrictus,Pterostichus restrictus,Pterostichus restrictus,Pterostichus restrictus
/fs/ess/PAS2136/Rayeed/BeetlePalooza/individual_images/A00000049812.jpg/f5558c9f-db75-4d16-a2ef-d78d8b6af1fd_83dea7d4-4e4e-46fc-8c71-a8a43e897da8.png,Cyclotrachelus,Cyclotrachelus torvus,0.928235757564651,0.582631495423531,[[ 2.9786882 -2.6608186 -4.4387155 ...  1.5082623 -7.777109   5.136324 ]],Cyclotrachelus torvus,Cyclotrachelus torvus,Cyclotrachelus torvus,Cyclotrachelus torvus
/fs/ess/PAS2136/Rayeed/BeetlePalooza/individual_images/A00000051186.jpg/40a56de3-e2b4-4b3d-816f-1da1990057ae_d0568014-aa32-4288-a6b8-f98aeb694fba.png,Pasimachus,Pasimachus elongatus,1.34047005963408,0.77447256499183,[[ 2.1610901 -1.694924  -3.3415027 ...  3.333578  -2.8414888  4.1283097]],Pasimachus elongatus,Pasimachus elongatus,Pasimachus elongatus,Pasimachus elongatus
/fs/ess/PAS2136/Rayeed/BeetlePalooza/individual_images/A00000046070.jpg/3ba5b31a-ef83-49f3-8849-12088faeb4cf_98e4c2e5-8414-4dfc-8ef0-c267255ab8ca.png,Carabus,Carabus goryi,1.33657893882501,0.593567961231191,"[[ 1.9362159  -2.011223   -3.7281895  ... -0.09087951 -2.5317557
   5.111061  ]]",Carabus goryi,Carabus goryi,Carabus goryi,Carabus goryi
/fs/ess/PAS2136/Rayeed/BeetlePalooza/individual_images/CPER_004.E.20180621.EURGRO.01(15).jpg/221f1bab-3b60-438e-9d26-41711a1fd56c_40dcc869-e0c0-4d4b-862c-fc3dfc71bea0.png,Euryderus,Euryderus grossus,0.713489830661246,0.525125964601034,"[[ 2.6803489  -1.2971028   0.3955048  ...  3.7901752  -3.0380435
   0.58755344]]",Harpalus pensylvanicus,Euryderus grossus,Euryderus grossus,Euryderus grossus
/fs/ess/PAS2136/Rayeed/BeetlePalooza/individual_images/A00000044094.jpg/ce41b466-b037-4614-b6ed-599ee92451ad_c34a2189-4ad5-4d85-92a6-b83df6c8b4c3.png,Carabus,Carabus goryi,1.22227272622928,0.533333333333333,[[ 1.0367161 -1.3322216 -5.7112765 ... -1.5167242 -2.4665885  6.08738  ]],Carabus goryi,Carabus goryi,Carabus goryi,Carabus goryi
/fs/ess/PAS2136/Rayeed/BeetlePalooza/individual_images/A00000032878.jpg/3019d48f-c837-4797-b12c-73675829dd55_62039b81-a4c7-4171-8736-e06a1c39c03c.png,Cymindis,Cymindis neglecta,0.443533964400586,0.193542093556619,"[[ 1.23594    -1.0582036  -0.5328059  ...  0.08529907 -0.5791523
   3.8038278 ]]",Cymindis neglecta,Cymindis neglecta,Cymindis neglecta,Cymindis neglecta
/fs/ess/PAS2136/Rayeed/BeetlePalooza/individual_images/A00000051523.jpg/985839f5-d7ff-49d1-8cb1-b6d5231c3a01_6f3e81a0-5217-42f2-845f-127dc8719f2e.png,Pasimachus,Pasimachus elongatus,1.33285331190144,0.883325305356137,"[[ 2.2938626  -0.96753824 -2.328965   ...  1.0860846  -0.9741259
   2.5896976 ]]",Pasimachus elongatus,Pasimachus elongatus,Pasimachus elongatus,Pasimachus elongatus
/fs/ess/PAS2136/Rayeed/BeetlePalooza/individual_images/A00000012427.jpg/3fbdf338-b403-495f-b18e-40382b3d83b4_29bbad20-8249-4d79-9471-3e67ab52df4c.png,Carabus,Carabus goryi,1.36944070261483,0.660725939801366,"[[ 1.2257487  -1.1352161  -4.9879174  ... -0.54109293 -4.8059597
   5.0244875 ]]",Pterostichus lachrymosus,Carabus goryi,Carabus goryi,Carabus goryi
/fs/ess/PAS2136/Rayeed/BeetlePalooza/individual_images/A00000051587.jpg/cae9871d-4331-4cbf-aa72-60ca3f0a460c_cd1bb6f2-a877-4c32-9d08-5972393437ca.png,Calathus,Calathus advena,0.531392086167798,0.310329967714648,"[[ 2.662192   -1.6746039  -1.8376507  ...  0.88700044 -5.5647264
   4.0723243 ]]",Calathus advena,Calathus advena,Calathus advena,Calathus advena
/fs/ess/PAS2136/Rayeed/BeetlePalooza/individual_images/MOAB_001.S.20180724.jpg/dc0d1993-4c77-4a12-bc6a-d5742cfed056_91940a96-5ab0-47a4-87c9-b8695659208c.png,,,0.72313070161652,0.353895594310026,"[[ 2.3743944   0.04209911  4.359555   ... -1.368949   -1.4536606
  10.03446   ]]",Calathus advena,,Calathus advena,Calathus advena
/fs/ess/PAS2136/Rayeed/BeetlePalooza/individual_images/A00000040699.jpg/97973af7-e138-4bf8-99ef-a733c3b0cb06_78840110-85c2-4347-afca-b63f6b2642a1.png,Synuchus,Synuchus impunctatus,0.584333915465896,0.285313146704493,"[[ 2.5549655  -1.4339391  -0.94464195 ...  0.9790791  -3.297463
   3.9571896 ]]",Synuchus impunctatus,Synuchus impunctatus,Synuchus impunctatus,Synuchus impunctatus
/fs/ess/PAS2136/Rayeed/BeetlePalooza/individual_images/A00000050019.jpg/a3cf203e-a83f-47ef-b3aa-55b2c00f367d_ab093340-1c05-40a7-b7cd-dcb54eb0ff40.png,Carabus,Carabus maeander,1.0491515789052,0.577319055161587,[[ 2.0431364 -1.4144857 -1.6091803 ...  2.6003242 -2.7640157  3.4986358]],Chlaenius aestivus,Carabus maeander,Carabus maeander,Carabus maeander
/fs/ess/PAS2136/Rayeed/BeetlePalooza/individual_images/A00000046177.jpg/02fd6281-20e6-4f43-94ed-abc0c19054d0_1ba96bcd-1bfa-4c14-a708-4c068894a8aa.png,Pterostichus,Pterostichus lachrymosus,0.911457928571339,0.429987079909256,[[ 1.9786763 -1.1031756 -1.4125779 ...  2.426755  -2.2431774  4.610507 ]],Pterostichus lachrymosus,Pterostichus lachrymosus,Pterostichus lachrymosus,Pterostichus lachrymosus
/fs/ess/PAS2136/Rayeed/BeetlePalooza/individual_images/A00000012433.jpg/dd6fbb1e-699d-46ff-abd8-01736d22b4c1_1059fbfc-4dd7-489c-b325-cf57ba4b01bf.png,Carabus,Carabus goryi,1.37057784967828,0.632072242208053,"[[ 2.001825   -1.552157   -4.1961026  ... -0.12072425 -5.825194
   4.9608107 ]]",Carabus goryi,Carabus goryi,Carabus goryi,Carabus goryi
/fs/ess/PAS2136/Rayeed/BeetlePalooza/individual_images/A00000051581.jpg/a357d3ae-2f05-4c25-aa40-dc97963ca811_c09aac09-8aae-4c73-80e2-1561cb754345.png,Calathus,Calathus advena,0.622046441203655,0.348784532462083,"[[ 1.4631394  -1.7957017  -0.23728746 ...  3.8912761  -3.0189095
   3.233088  ]]",Cratacanthus dubius,Harpalus pensylvanicus,Calathus advena,Harpalus pensylvanicus
/fs/ess/PAS2136/Rayeed/BeetlePalooza/individual_images/A00000051161.jpg/61eccf9d-262b-401f-955b-818f1a9638a9_032d20ed-0313-47cd-9400-a5d61f517aac.png,Selenophorus,Selenophorus planipennis,0.327973673910349,0.19299551144815,"[[ 1.326787   -2.605316   -0.61005706 ...  3.758292   -2.4671295
   4.6147394 ]]",Amara quenseli,Discoderus parallelus,Amara quenseli,Synuchus impunctatus
/fs/ess/PAS2136/Rayeed/BeetlePalooza/individual_images/A00000050039.jpg/95c98c84-2c8d-4b87-8ba8-736af3a5ca97_a885a42a-be84-472f-a264-ff75fe019d69.png,Pterostichus,Pterostichus melanarius,0.988440490109461,0.546511627906977,[[ 2.0057883 -1.3236505 -4.576588  ...  4.6559916 -4.3011103  1.7531326]],Pterostichus melanarius,Pterostichus melanarius,Pterostichus melanarius,Pterostichus melanarius
/fs/ess/PAS2136/Rayeed/BeetlePalooza/individual_images/A00000034554.jpg/bc030c32-9020-4766-b594-9be4070145d8_fa567edc-758e-42a2-9f12-48c526b5ed30.png,Chlaenius,Chlaenius aestivus,0.977726448705661,0.452409351100497,[[ 2.1335793 -1.0766774 -2.9437487 ...  2.0056105 -3.901466   4.7518682]],Chlaenius aestivus,Chlaenius aestivus,Synuchus impunctatus,Chlaenius aestivus
/fs/ess/PAS2136/Rayeed/BeetlePalooza/individual_images/A00000051555_2.jpg/9c18cfe3-f770-42b7-a698-83a3f3f813b0_7c63b07f-5ee3-46d2-a91c-7b3d0d7e621c.png,Calathus,Calathus advena,0.549711949945306,0.281367227717265,"[[ 0.68782556 -1.4146718   1.5675035  ...  0.07642069 -2.2665424
   5.426164  ]]",Calathus advena,Calathus advena,Calathus advena,Calathus advena
/fs/ess/PAS2136/Rayeed/BeetlePalooza/individual_images/A00000050036.jpg/af11be16-6bc3-48aa-ad38-068d0812500f_52bc3614-5ab3-4c4b-8cc1-5a196fea8368.png,Pterostichus,Pterostichus melanarius,0.980180356966055,0.524833140055365,[[ 2.0079367 -1.6747849 -2.8664463 ...  2.3838525 -4.7288346  3.0608346]],Pterostichus melanarius,Pterostichus melanarius,Pterostichus melanarius,Pterostichus melanarius
/fs/ess/PAS2136/Rayeed/BeetlePalooza/individual_images/A00000059782.jpg/2a225cb4-10c2-41c0-a78a-8080055efe9a_e06e027f-a04a-4409-a66b-79ee6b3151e6.png,Omus,Omus dejeanii,0.97844458698747,0.543554836794302,[[ 1.9920563 -0.8783002 -4.802492  ...  1.5002619 -2.0733757  5.326117 ]],Carabus nemoralis,Omus dejeanii,Carabus goryi,Omus dejeanii
/fs/ess/PAS2136/Rayeed/BeetlePalooza/individual_images/A00000051587.jpg/30157bd2-b980-451d-8df0-e736944458ee_7d4e8244-4a87-4673-99ac-75bbaf0a5135.png,Calathus,Calathus advena,0.610465922183592,0.343266105686579,"[[ 2.525104   -1.9055506  -0.84710836 ...  2.422954   -2.7066607
   3.856955  ]]",Synuchus impunctatus,Calathus advena,Calathus advena,Synuchus impunctatus
/fs/ess/PAS2136/Rayeed/BeetlePalooza/individual_images/A00000051548.jpg/9977340a-7e27-440b-ae13-93cea45e13e3_da050e72-cf98-4ad7-a8ac-b3933b9fbd0b.png,Pterostichus,Pterostichus protractus,0.914536449496683,0.504327510780467,[[ 2.1760042 -1.6042163 -3.4434571 ... -0.5587933 -2.2525184  4.359403 ]],Carabus goryi,Carabus goryi,Pterostichus lachrymosus,Carabus goryi
/fs/ess/PAS2136/Rayeed/BeetlePalooza/individual_images/A00000050035.jpg/f7fd97b9-1b4e-4dc0-8122-aff15fab6142_57d4a8f7-e308-4db0-ad17-ea55468c3645.png,Pterostichus,Pterostichus melanarius,0.917333999337173,0.478922531131422,[[ 2.0535936 -1.8334987 -2.742811  ...  2.8618338 -2.8990977  4.400343 ]],Pterostichus melanarius,Pterostichus melanarius,Pterostichus melanarius,Pterostichus melanarius
/fs/ess/PAS2136/Rayeed/BeetlePalooza/individual_images/MLBS_002.E.20180522.CARABID.D.CARGOR(30).jpg/931719d3-ca8d-4b1d-9f72-6ed3dc6af888_426169d4-3644-4048-8355-75ab37bbb26b.png,Carabus,Carabus goryi,1.36104630400153,0.693942274403663,"[[ 2.2406025  -1.7897455  -2.8539503  ...  0.35318187 -4.3803105
   5.8202324 ]]",Carabus goryi,Carabus goryi,Carabus goryi,Carabus goryi
/fs/ess/PAS2136/Rayeed/BeetlePalooza/individual_images/A00000040687.jpg/22532347-75ac-4334-bd77-cb6911209969_921a09ba-e64e-4d9e-b055-d727543643dc.png,Synuchus,Synuchus impunctatus,0.59930855003803,0.305977251501727,"[[ 3.1691165  -2.008356   -0.27424458 ...  1.5808904  -5.8574457
   4.3415227 ]]",Calathus advena,Calathus advena,Calathus advena,Synuchus impunctatus
/fs/ess/PAS2136/Rayeed/BeetlePalooza/individual_images/A00000051598.jpg/2e87387a-eb64-41d4-9401-36b894162e8f_9bf5d54e-911a-42eb-8692-43096c8c64b4.png,Calathus,Calathus advena,0.549108205591166,0.299679213479353,[[ 2.0906713 -1.5573756 -1.3406606 ...  1.0069015 -3.7346413  3.5693064]],Calathus advena,Calathus advena,Calathus advena,Calathus advena
/fs/ess/PAS2136/Rayeed/BeetlePalooza/individual_images/A00000046072.jpg/fe64642f-0610-411b-a38e-ac4bcb34e59c_0ec763b0-ceda-40e7-bb2e-4965342b6740.png,Carabus,Carabus goryi,1.47968596439992,0.683906092332193,[[ 1.4551772 -1.8439119 -5.7711787 ... -0.3924676 -4.49425    4.6039624]],Carabus goryi,Carabus goryi,Carabus goryi,Carabus goryi
/fs/ess/PAS2136/Rayeed/BeetlePalooza/individual_images/A00000051179.jpg/06872a90-3feb-49a4-8c60-40b9f6457d0d_7fc79638-0e59-4539-9f31-58575803da1d.png,Euryderus,Euryderus grossus,0.718901168883122,0.611940298507463,"[[ 2.476283   -1.4123142   0.55444103 ...  2.9934206  -3.5950172
   3.0531738 ]]",Euryderus grossus,Euryderus grossus,Euryderus grossus,Euryderus grossus
/fs/ess/PAS2136/Rayeed/BeetlePalooza/individual_images/A00000049760.jpg/26a93e47-f954-42b1-93ef-3f8e695b9690_b1f85162-3d33-4ce6-bc50-a97f3dc64d4a.png,Cyclotrachelus,Cyclotrachelus torvus,1.03191435723679,0.599883255558513,[[ 2.0293896 -1.7813491 -4.5137157 ...  2.1473794 -4.9722424  3.4717336]],Cyclotrachelus torvus,Cyclotrachelus torvus,Cyclotrachelus torvus,Cyclotrachelus torvus
/fs/ess/PAS2136/Rayeed/BeetlePalooza/individual_images/A00000051524.jpg/a3f1c6b9-aca7-491d-9202-a2481257acbc_4900ed5a-bdf4-46b4-bb27-9b498c60221a.png,Anisodactylus,Anisodactylus rusticus,0.534567852187281,0.364196654651568,[[ 1.2028409 -2.4452534 -2.0889688 ...  5.961169  -3.3784015  1.9982334]],Amara quenseli,Anisodactylus opaculus,Discoderus parallelus,Euryderus grossus
/fs/ess/PAS2136/Rayeed/BeetlePalooza/individual_images/A00000009171.jpg/db3bdadf-d659-4bff-94e9-2c329095e4c5_41cbe9c0-34a9-4e13-af5e-8da804880ce4.png,Carabus,Carabus nemoralis,1.43150684301521,0.794178162787398,"[[ 1.64264    -0.634526   -6.6723633  ...  0.70503265 -2.4232094
   3.2156086 ]]",Carabus nemoralis,Carabus nemoralis,Carabus nemoralis,Carabus nemoralis
/fs/ess/PAS2136/Rayeed/BeetlePalooza/individual_images/A00000046183.jpg/fcc7804b-cb86-4d72-adc2-f67e00163b43_6d628622-d6cb-4547-963f-1e4e61507901.png,Pterostichus,Pterostichus lachrymosus,0.843160945394946,0.418918918918919,[[ 0.9496235 -1.9310954 -2.8801808 ...  1.2711607 -2.4293697  6.425328 ]],Pterostichus lachrymosus,Pterostichus lachrymosus,Cyclotrachelus torvus,Cyclotrachelus torvus
/fs/ess/PAS2136/Rayeed/BeetlePalooza/individual_images/A00000051186.jpg/0bc2d652-b2e8-4724-956f-57a972b5ff07_99946a6a-c70f-4108-a861-02ff60268734.png,Pasimachus,Pasimachus elongatus,1.34076881157334,0.830567877442157,[[ 2.1475415 -1.1206346 -4.786474  ...  2.3154535 -1.355575   1.4258174]],Pasimachus elongatus,Pasimachus elongatus,Pasimachus elongatus,Pasimachus elongatus
/fs/ess/PAS2136/Rayeed/BeetlePalooza/individual_images/A00000059776.jpg/9bd7f1b1-2b96-44f3-830b-0ca83a1b3bf4_6defe07a-56cd-4694-af3b-653854ae9166.png,Scaphinotus,Scaphinotus angusticollis,1.05457988238146,0.559107463793289,"[[ 0.9772797  -0.9159197  -3.9792392  ... -0.16012491 -3.1509447
   6.061581  ]]",Scaphinotus angusticollis,Scaphinotus angusticollis,Carabus goryi,Scaphinotus angusticollis
/fs/ess/PAS2136/Rayeed/BeetlePalooza/individual_images/A00000046172.jpg/03bf5363-652f-4ebe-94a6-4349104ebe5b_538b5f90-c5ea-446b-b993-c3da50d4de8a.png,Pterostichus,Pterostichus lachrymosus,0.804878048780488,0.439193734277295,[[ 2.206977  -2.1924267 -2.7513466 ...  1.2509817 -3.8722622  7.6997027]],Pterostichus lachrymosus,Pterostichus lachrymosus,Pterostichus lachrymosus,Pterostichus lachrymosus
/fs/ess/PAS2136/Rayeed/BeetlePalooza/individual_images/A00000033636.jpg/04cb7aab-6fe9-4a53-9b91-a1c3f6b28fd5_9292d179-98b5-4e97-8b90-867f3bf9cf69.png,Synuchus,Synuchus impunctatus,0.488614153559969,0.243156616611374,[[ 2.0541704 -1.3120656 -1.214996  ...  1.0422416 -5.483802   5.240162 ]],Synuchus impunctatus,Synuchus impunctatus,Agonum punctiforme,Synuchus impunctatus
/fs/ess/PAS2136/Rayeed/BeetlePalooza/individual_images/A00000050019.jpg/9f7784bf-5b5d-4ff3-96f4-5cc7484bd0f1_e209d4a4-8220-4669-895a-15298ad75430.png,Carabus,Carabus maeander,1.11764103322971,0.588265345918146,[[ 1.9710606 -1.1026462 -1.5056434 ...  2.8920848 -1.0495625  3.852841 ]],Carabus nemoralis,Carabus maeander,Carabus goryi,Carabus maeander
/fs/ess/PAS2136/Rayeed/BeetlePalooza/individual_images/A00000051179.jpg/1dab5b6d-4ad0-4b24-8d1e-b901457ec131_bc290aab-380c-4618-b00a-e92c7ad871ec.png,Euryderus,Euryderus grossus,0.940298507462687,0.716573366218376,[[ 2.122724  -1.2281432  0.8139473 ...  2.9904356 -3.9155724  2.2480419]],Euryderus grossus,Euryderus grossus,Cratacanthus dubius,Euryderus grossus
/fs/ess/PAS2136/Rayeed/BeetlePalooza/individual_images/A00000049745.jpg/b5d7834f-09ce-4aba-b80b-7603b3a7240f_553fb004-14d4-465d-9834-470a71060599.png,Pasimachus,Pasimachus elongatus,1.33672895398418,0.858723662221992,"[[ 2.2455218  -0.957653   -4.9825115  ...  4.540756   -0.46331012
   1.7117407 ]]",Pasimachus elongatus,Pasimachus californicus,Pasimachus californicus,Pasimachus elongatus
/fs/ess/PAS2136/Rayeed/BeetlePalooza/individual_images/A00000059780.jpg/5a59b7bc-71e3-4ea3-bf29-60b3880a4d4f_ab0697e9-33ba-42dd-9713-b6dbe340e500.png,Omus,Omus dejeanii,1.10937581892685,0.615031249356147,[[ 1.8664895 -0.9549891 -1.5808172 ... -1.580931  -2.4422417  3.3392758]],Carabus nemoralis,Omus dejeanii,Carabus nemoralis,Omus dejeanii
/fs/ess/PAS2136/Rayeed/BeetlePalooza/individual_images/A00000051547.jpg/aa0038b8-d141-4429-b168-efa9f6a28dba_ad9781eb-f24f-47d2-b046-2c9317881d34.png,Pterostichus,Pterostichus protractus,0.940209789407137,0.512891732946239,"[[ 2.1956134  -1.459584   -2.2298582  ... -0.19111493 -5.2730575
   5.263726  ]]",Pterostichus lachrymosus,Pterostichus coracinus,Pterostichus lachrymosus,Pterostichus lachrymosus
/fs/ess/PAS2136/Rayeed/BeetlePalooza/individual_images/A00000012961.jpg/877ada85-4266-4ca4-a97b-547a57882cd1_daa8f38f-dc79-41ad-a95a-13a727e759a7.png,Carabus,Carabus goryi,1.40635812337972,0.632893293312622,"[[ 0.9676389  -2.1000988  -5.2447577  ... -0.20715617 -4.165831
   5.7640524 ]]",Carabus goryi,Carabus goryi,Carabus goryi,Carabus goryi
/fs/ess/PAS2136/Rayeed/BeetlePalooza/individual_images/A00000056857.jpg/8f6ae8aa-1a89-421c-bad0-cd92a24a7633_59056bb1-65a1-499e-839c-b015c8ef3149.png,Amara,Amara quenseli,0.508542759344347,0.337341874800578,[[ 1.8510234 -2.1308956 -1.5224999 ...  4.0613494 -2.6680484  2.694354 ]],Cratacanthus dubius,Amara quenseli,Amara quenseli,Amara quenseli
/fs/ess/PAS2136/Rayeed/BeetlePalooza/individual_images/A00000051179.jpg/63e74969-90f1-48c1-829c-ab87a1b0a4d6_f630bb31-fea9-473f-91ab-34c2486e7193.png,Euryderus,Euryderus grossus,0.895522388059702,0.671807608055337,[[ 2.9829292 -1.4824678  0.741625  ...  4.4529047 -3.6371305  2.6396966]],Euryderus grossus,Euryderus grossus,Euryderus grossus,Euryderus grossus
/fs/ess/PAS2136/Rayeed/BeetlePalooza/individual_images/A00000050030.jpg/eaf32a7e-2f14-4547-b3fc-40fa9f7c70e9_8b771ae9-7570-49fc-b76d-c7e666316c2b.png,Pterostichus,Pterostichus melanarius,1.08270812510895,0.589385556524995,[[ 2.0907056 -1.2725705 -3.6666055 ...  1.8199849 -4.7013555  3.207151 ]],Pterostichus melanarius,Pterostichus melanarius,Pterostichus melanarius,Pterostichus melanarius
/fs/ess/PAS2136/Rayeed/BeetlePalooza/individual_images/B00000006743.jpg/4d3a1085-c247-4ca9-b8e4-d10262f58ce9_9974fa9e-53b9-4a04-87aa-70a22139b83f.png,Synuchus,Synuchus impunctatus,0.611669470645145,0.348000221861395,[[ 2.8428593 -1.693403  -2.4347613 ...  0.1195826 -5.915723   4.094593 ]],Synuchus impunctatus,Synuchus impunctatus,Synuchus impunctatus,Synuchus impunctatus
/fs/ess/PAS2136/Rayeed/BeetlePalooza/individual_images/A00000051605.jpg/ee662f99-7bf2-474d-a4b5-eee027f67e10_f35636ed-7621-4ee4-88c0-c6d567b7e902.png,Calathus,Calathus advena,0.505919457007057,0.299602770549385,"[[ 2.964312   -1.8287516   1.9120784  ... -0.20942117 -1.1219997
   2.7311077 ]]",Calathus advena,Calathus advena,Calathus advena,Calathus advena
/fs/ess/PAS2136/Rayeed/BeetlePalooza/individual_images/GRSM_022.20180417.CARGOR.01.jpg/7ad937e5-1503-4f8c-8896-aa80fb1256b1_c44c5c90-1ddf-49ca-a257-cdf7f0306586.png,Carabus,Carabus goryi,1.33569571571623,0.563356230297077,[[ 1.0319078 -1.4743737 -2.894532  ... -1.1956115 -4.69432    2.6858754]],Carabus goryi,Carabus goryi,Carabus goryi,Carabus goryi
/fs/ess/PAS2136/Rayeed/BeetlePalooza/individual_images/A00000049746.jpg/a4f12f1d-5621-470f-ab94-ce88aa932372_0e7e7dd2-8427-48f2-864e-813093bef56d.png,Cyclotrachelus,Cyclotrachelus torvus,0.905271266004588,0.536823335866633,"[[ 1.2628125  -1.6284517  -4.34149    ...  0.92141193 -6.819665
   5.908684  ]]",Pterostichus lachrymosus,Cyclotrachelus torvus,Cyclotrachelus torvus,Cyclotrachelus torvus
/fs/ess/PAS2136/Rayeed/BeetlePalooza/individual_images/A00000050021.jpg/77276e12-41e0-4027-9ea5-9af46204df45_5f109ead-0276-403d-8b2a-f77d5ba228c0.png,Cyclotrachelus,Cyclotrachelus torvus,0.927253763065011,0.550438671928272,[[ 2.0362227 -1.8055356 -2.6600106 ...  2.640964  -5.400405   4.8751054]],Cyclotrachelus torvus,Cyclotrachelus torvus,Cyclotrachelus torvus,Cyclotrachelus torvus
/fs/ess/PAS2136/Rayeed/BeetlePalooza/individual_images/A00000069258.jpg/ac9673a4-7a75-4f72-8329-53495bcad676_71c29bf4-ec85-4fd2-bff7-5c9c50e9d251.png,Poecilus,Poecilus lucublandus,0.726019124207143,0.401384391571513,[[ 1.7521626 -1.8949112 -4.4181676 ... -1.2919816 -3.762088   4.566642 ]],Synuchus impunctatus,Harpalus paratus,Chlaenius aestivus,Harpalus pensylvanicus
/fs/ess/PAS2136/Rayeed/BeetlePalooza/individual_images/A00000009168.jpg/5406b81b-886a-4f29-8b22-71303749dbf6_09ef255d-3e91-413e-851a-7c8d658a483a.png,Carabus,Carabus nemoralis,1.49890360535312,0.829938663963213,"[[ 1.8664062  -0.64218736 -2.5157824  ... -0.6755829  -0.18328686
   2.6401224 ]]",Carabus nemoralis,Carabus nemoralis,Carabus nemoralis,Carabus nemoralis
/fs/ess/PAS2136/Rayeed/BeetlePalooza/individual_images/A00000051616.jpg/b1d5c714-0989-4fef-a290-e52214f7197a_2055a2e9-afbe-4894-9581-11c73b02f970.png,Calathus,Calathus advena,0.561107653219281,0.318719335760337,"[[ 2.5766826  -1.7946895  -1.3826616  ...  0.65459967 -4.919577
   6.3640633 ]]",Pterostichus restrictus,Calathus advena,Calathus advena,Pterostichus restrictus
/fs/ess/PAS2136/Rayeed/BeetlePalooza/individual_images/A00000040676.jpg/7e5e3ae4-0662-48b7-af88-e10515010408_87d98b3c-dd94-46a7-96c2-4f0b9a77c744.png,Pterostichus,Pterostichus melanarius,0.908680653914601,0.498980567967317,[[ 3.5458672 -1.6473633  1.8759217 ...  1.8426324 -3.2847521  2.6970391]],Pterostichus melanarius,Pterostichus melanarius,Pterostichus melanarius,Pterostichus melanarius
/fs/ess/PAS2136/Rayeed/BeetlePalooza/individual_images/A00000044566.jpg/ba224215-ed6c-404a-8b27-a139986cb865_ff884dbd-fc7e-4f18-aef5-3d86084acb28.png,Carabus,Carabus goryi,1.31640832985979,0.591801466586097,[[ 1.418003  -1.5032339 -5.1312313 ...  0.6424515 -4.030662   5.9829826]],Carabus goryi,Carabus goryi,Carabus goryi,Carabus goryi
/fs/ess/PAS2136/Rayeed/BeetlePalooza/individual_images/A00000051559.jpg/8f528df9-078d-41bc-a584-f07020b7104f_3e491189-b9a9-4366-8287-6e9570babf1b.png,Calathus,Calathus advena,0.55585337362741,0.303136754439134,[[ 3.1473234 -2.0657985  3.902531  ...  1.8329014 -3.837601   5.774693 ]],Calathus advena,Calathus advena,Calathus advena,Calathus advena
/fs/ess/PAS2136/Rayeed/BeetlePalooza/individual_images/A00000034570.jpg/5134385b-879c-480f-ac63-509d74f3b114_5a90c1ab-4d01-4ecf-ba01-37c953ac8c3d.png,Anisodactylus,Anisodactylus dulcicollis,0.61360807229914,0.427199086011661,[[ 2.1160846 -1.4902881 -1.4700395 ...  2.9518423 -3.2610486  0.9485783]],Harpalus pensylvanicus,Pterostichus melanarius,Cyclotrachelus torvus,Pterostichus melanarius
/fs/ess/PAS2136/Rayeed/BeetlePalooza/individual_images/A00000051627.jpg/f91430ac-95cb-4b6b-b36a-75a2c80b4d53_aaa3381f-ede9-49af-bb7e-b31bfc764bd0.png,Carabus,Carabus taedatus,1.21016026141854,0.632917262726339,[[ 2.2848701 -1.1119078 -2.6488888 ...  2.7027707 -4.765699   3.1728444]],Carabus taedatus,Carabus taedatus,Carabus taedatus,Carabus taedatus
/fs/ess/PAS2136/Rayeed/BeetlePalooza/individual_images/A00000008984.jpg/d63871db-471a-4c27-8c50-96ccb4703fd2_717db5c0-0fe1-4de5-aa3a-2876f75b909d.png,Carabus,Carabus nemoralis,1.6123621420383,0.815809665829085,"[[ 1.3712448  -1.1138233  -0.49998984 ... -0.3310301  -1.9367883
   3.6648145 ]]",Carabus nemoralis,Carabus nemoralis,Carabus nemoralis,Carabus nemoralis
/fs/ess/PAS2136/Rayeed/BeetlePalooza/individual_images/A00000032979.jpg/442807b5-affb-4d80-b9a2-adcd4632cd6c_be55b8b0-19ab-44a5-b509-ba5e86be4af8.png,Cymindis,Cymindis neglecta,0.433100798447427,0.204965294605742,"[[ 2.4119678  -1.1797342  -0.19502132 ...  2.3690896   0.6912198
   5.1374946 ]]",Cymindis neglecta,Calathus advena,Calathus advena,Calathus advena
/fs/ess/PAS2136/Rayeed/BeetlePalooza/individual_images/MLBS_009.E.20180522.CARABIDS.01.jpg/1fbcd8b5-35b0-4103-9973-71cff9da47cc_7d68635a-248b-471c-922b-83c4f8aa5a36.png,Pterostichus,Pterostichus coracinus,1.29274044970956,0.670842562901223,[[ 1.260692  -1.8753778 -5.927326  ...  0.9723562 -5.199861   4.591504 ]],Carabus goryi,Carabus goryi,Carabus goryi,Carabus goryi
/fs/ess/PAS2136/Rayeed/BeetlePalooza/individual_images/A00000041436.jpg/a7567a12-159b-42b2-9a13-3a3723d090e7_d6358da7-ee51-486a-bf68-8b31fb815ca1.png,Harpalus,Harpalus pensylvanicus,0.913861543370782,0.57237149578081,[[ 2.8031654 -2.2309675 -1.748577  ...  3.0226696 -3.4059021  2.391691 ]],Harpalus pensylvanicus,Harpalus pensylvanicus,Harpalus pensylvanicus,Harpalus pensylvanicus
/fs/ess/PAS2136/Rayeed/BeetlePalooza/individual_images/A00000051543.jpg/b536c150-8834-4b0d-aabf-d0005c22e852_f503211a-4a94-46ab-b7c9-28f640eb6971.png,Harpalus,Harpalus caliginosus,1.50794390553005,0.875360834461804,"[[ 3.0308459  -1.4370148  -0.6004753  ...  1.1008682  -4.480181
   0.33488345]]",Harpalus pensylvanicus,Pterostichus melanarius,Pterostichus melanarius,Pterostichus melanarius
/fs/ess/PAS2136/Rayeed/BeetlePalooza/individual_images/A00000040689.jpg/37af10fe-d581-42a0-a114-ade7c3ddd694_6c1d41fa-ad31-4ae0-8628-65e605125750.png,Synuchus,Synuchus impunctatus,0.608092545066733,0.334068960613899,"[[ 2.41824    -1.5778123  -0.6228566  ...  0.16958092 -3.8170962
   3.251536  ]]",Synuchus impunctatus,Synuchus impunctatus,Synuchus impunctatus,Synuchus impunctatus
/fs/ess/PAS2136/Rayeed/BeetlePalooza/individual_images/A00000012427.jpg/c00977e5-e8f8-4747-bda1-452fbd303a45_8696f443-cb67-4a18-92c2-21754645a754.png,Carabus,Carabus goryi,1.26640182600376,0.660725939801366,"[[ 2.1149187  -1.5186146  -1.9251524  ...  0.85859066 -5.9467025
   4.945479  ]]",Carabus goryi,Carabus goryi,Carabus goryi,Carabus goryi
/fs/ess/PAS2136/Rayeed/BeetlePalooza/individual_images/A00000044566.jpg/7ae325dd-20b4-4673-a19e-f54fa3af3281_8967816e-ca2d-42cc-8ad7-8927344ad744.png,Carabus,Carabus goryi,1.25811272427296,0.580347020709416,"[[ 1.4844589  -1.8631603  -3.8959653  ...  0.33459425 -4.9896
   5.85522   ]]",Carabus goryi,Carabus goryi,Carabus goryi,Carabus goryi
/fs/ess/PAS2136/Rayeed/BeetlePalooza/individual_images/A00000051524.jpg/79b61e2b-3bab-4531-a25c-956573b9f362_cc052252-428e-4a53-a6e5-5a501299dc73.png,Anisodactylus,Anisodactylus rusticus,0.686314515586779,0.458311898479532,[[ 2.1606767 -2.1783652 -1.9206176 ...  6.598733  -1.4398617  1.4181583]],Harpalus pensylvanicus,Anisodactylus rusticus,Amara quenseli,Discoderus parallelus
/fs/ess/PAS2136/Rayeed/BeetlePalooza/individual_images/A00000012924.jpg/da1ac420-6695-4142-8654-fa7b10698fde_6b62d1b8-e021-41e3-91da-e9cb1b0d63e8.png,Carabus,Carabus goryi,1.38212559436062,0.671769025532399,"[[ 2.3524432  -1.1477066  -2.656037   ... -0.87065715 -4.0449343
   5.394099  ]]",Carabus goryi,Carabus goryi,Carabus goryi,Carabus goryi
/fs/ess/PAS2136/Rayeed/BeetlePalooza/individual_images/A00000033569.jpg/93859ab9-2424-4952-8bb5-a51abc82f02a_7a14c7ca-11ef-4f11-be98-f33dc769b7a3.png,Synuchus,Synuchus impunctatus,0.511952617160258,0.268500052357515,[[ 2.7826068 -1.6832529  1.4967597 ...  1.1518183 -1.8802253  3.6787646]],Synuchus impunctatus,Synuchus impunctatus,Synuchus impunctatus,Synuchus impunctatus
/fs/ess/PAS2136/Rayeed/BeetlePalooza/individual_images/A00000051524.jpg/4b53b559-7080-445a-88a4-f2987645bd68_2b9b465b-700c-42da-8e1c-f02feff197d9.png,Anisodactylus,Anisodactylus rusticus,0.673245418395606,0.417070123061971,[[ 1.913743  -1.4644175 -0.512378  ...  2.490915  -1.7808135  2.196827 ]],Anisodactylus rusticus,Anisodactylus rusticus,Anisodactylus rusticus,Anisodactylus rusticus
/fs/ess/PAS2136/Rayeed/BeetlePalooza/individual_images/A00000046087.jpg/37258c18-1b10-47f9-8401-19983f2b4bc0_e0388a87-528b-4930-b11b-0614393d1394.png,Carabus,Carabus goryi,1.22219728428085,0.633391694675647,"[[ 1.5125637  -2.048427   -3.2289612  ...  0.11944939 -3.1172469
   5.40589   ]]",Carabus goryi,Carabus goryi,Carabus goryi,Carabus goryi
/fs/ess/PAS2136/Rayeed/BeetlePalooza/individual_images/A00000034550.jpg/3f25ef1e-8a2b-4450-a6c2-97832b56cad2_cfd51e89-3d1c-4f4d-9f47-8a271771da5e.png,Anisodactylus,Anisodactylus ovularis,0.82089552238806,0.559701492537313,"[[ 2.6663198  -1.5911503  -2.672221   ...  4.222286   -3.7531178
   0.31921503]]",Euryderus grossus,Anisodactylus opaculus,Euryderus grossus,Euryderus grossus
/fs/ess/PAS2136/Rayeed/BeetlePalooza/individual_images/A00000034548.jpg/db4c2f32-136f-467c-b463-32976eb75753_1f70ebbc-00fa-46f9-96b5-aa446ffab19f.png,Anisodactylus,Anisodactylus dulcicollis,0.603415928178908,0.404049602803062,"[[ 2.5297358  -1.3168067  -1.1361183  ...  2.5475318  -3.504253
  -0.17746902]]",Harpalus pensylvanicus,Anisodactylus dulcicollis,Anisodactylus dulcicollis,Anisodactylus dulcicollis
/fs/ess/PAS2136/Rayeed/BeetlePalooza/individual_images/A00000033570.jpg/44109f81-c4a2-44fa-bfeb-23a1bb92ec55_ab63bead-e63d-47a5-922b-b03622a4076a.png,Synuchus,Synuchus impunctatus,0.555538059671458,0.309615791996142,[[ 1.2472099 -1.2439951 -1.1845305 ...  1.7524294 -3.0293906  1.513332 ]],Synuchus impunctatus,Synuchus impunctatus,Synuchus impunctatus,Synuchus impunctatus
/fs/ess/PAS2136/Rayeed/BeetlePalooza/individual_images/A00000046183.jpg/914244cd-977e-4a78-9075-c784fc19aa69_2ce37215-20b5-45e9-8c3d-6ba92af37580.png,Pterostichus,Pterostichus lachrymosus,0.934877327374485,0.488172753194282,"[[ 0.6286664  -1.7560047  -4.513776   ...  0.24154766 -6.6395407
   7.910301  ]]",Pterostichus lachrymosus,Pterostichus lachrymosus,Pterostichus lachrymosus,Pterostichus lachrymosus
/fs/ess/PAS2136/Rayeed/BeetlePalooza/individual_images/A00000051542.jpg/378f0f4d-2b95-4781-b726-f5c2be87ec44_9bbed7f7-e833-48a2-9a73-5d2c6db543da.png,Harpalus,Harpalus paratus,0.92683710921986,0.485464391769032,[[ 0.5399697 -1.722293  -3.367002  ...  5.7024074 -4.8305387  2.2128541]],Harpalus pensylvanicus,Harpalus paratus,Harpalus pensylvanicus,Euryderus grossus
/fs/ess/PAS2136/Rayeed/BeetlePalooza/individual_images/A00000059784.jpg/18ca58e8-0759-4007-930a-d8317f79f08a_68209282-913b-44ba-a263-8d2799c4d331.png,Scaphinotus,Scaphinotus angusticollis,1.36827740531626,0.672038146985925,"[[ 1.222107   -1.429695   -1.8444535  ... -0.22564742 -1.8541789
   4.306125  ]]",Scaphinotus angusticollis,Scaphinotus angusticollis,Scaphinotus angusticollis,Scaphinotus angusticollis
/fs/ess/PAS2136/Rayeed/BeetlePalooza/individual_images/RMNP_012.S.20180723.CALADV.01(16).jpg/0a3073c3-5194-4e87-9cfa-39cecaf52347_c271fe91-ec15-43b1-965c-7b88b7ef1b7b.png,Calathus,Calathus advena,0.581475819597272,0.322675722057186,"[[ 2.573459   -1.3355438  -0.02075706 ...  0.567204   -1.9773101
   2.7415464 ]]",Synuchus impunctatus,Calathus advena,Calathus advena,Calathus advena
/fs/ess/PAS2136/Rayeed/BeetlePalooza/individual_images/A00000046301.jpg/dfae1798-5922-4bc0-9d83-c4a61b3a7b2c_fc6b8980-599c-4b7a-b9e4-5486f31fb139.png,Carabus,Carabus goryi,1.27952410228823,0.632072242208053,"[[ 0.34941432 -1.9559691  -4.1900854  ...  0.82995    -4.469307
   6.500388  ]]",Carabus goryi,Carabus goryi,Carabus goryi,Carabus goryi
/fs/ess/PAS2136/Rayeed/BeetlePalooza/individual_images/A00000033685.jpg/f9158b74-4102-4347-9189-77b2dc892729_82465a7b-6888-4f83-a768-66585dcf3249.png,Synuchus,Synuchus impunctatus,0.68818175798937,0.392160338447611,"[[ 2.293961   -1.0545119  -1.4581182  ...  0.26359776 -5.1926837
   3.2082276 ]]",Chlaenius aestivus,Synuchus impunctatus,Synuchus impunctatus,Calathus advena
/fs/ess/PAS2136/Rayeed/BeetlePalooza/individual_images/A00000050032.jpg/81763377-19d0-4a3f-b880-57d01c581ec3_0858d762-35d0-4d82-9066-9f0890485a00.png,Pterostichus,Pterostichus melanarius,1.00774722792159,0.581464978074972,[[ 1.9884486 -2.1426222 -2.8260794 ...  1.4122263 -4.301239   3.9895995]],Pterostichus melanarius,Pterostichus melanarius,Cyclotrachelus torvus,Pterostichus melanarius
/fs/ess/PAS2136/Rayeed/BeetlePalooza/individual_images/A00000033692.jpg/7febdae1-532b-4031-b2b5-6068d30fbc16_44b9039b-0a96-42ab-a17e-e94597948e0e.png,Cymindis,Cymindis neglecta,0.418604651162791,0.217054263565891,[[ 0.7803462 -1.4214817 -0.7990549 ...  1.0836649 -1.3195602  2.8126109]],Cymindis neglecta,Cymindis neglecta,Cymindis neglecta,Cymindis neglecta
/fs/ess/PAS2136/Rayeed/BeetlePalooza/individual_images/A00000056900.jpg/cd67a4ca-1602-4ecb-9568-4ef27d30b1fb_9ee93750-e223-4c7a-a024-60f211ca84e0.png,Amara,Amara quenseli,0.487630939869493,0.274492732850638,[[ 1.0099381 -2.5678453 -1.9169179 ...  2.56846   -1.0405898  0.6243415]],Amara quenseli,Amara quenseli,Amara quenseli,Amara quenseli
/fs/ess/PAS2136/Rayeed/BeetlePalooza/individual_images/A00000009162.jpg/69d0d7a0-35c5-42f4-8940-b383ac669529_eb05ef9c-15ac-4ec0-b237-151629dc03d5.png,Pterostichus,Pterostichus melanarius,0.991151138567254,0.557570521506135,[[ 1.8621877 -1.417212  -3.3286889 ...  1.8955108 -4.984576   5.0492373]],Pterostichus lachrymosus,Pterostichus melanarius,Pterostichus coracinus,Pterostichus coracinus
/fs/ess/PAS2136/Rayeed/BeetlePalooza/individual_images/A00000009083.jpg/9725eaad-bc48-4e33-9bd9-8f1934691426_0f91542f-1adb-4a9d-b290-f37c34bb42aa.png,Carabus,Carabus nemoralis,1.47234225193963,0.848164391554641,[[ 1.2569546 -1.2811799 -2.8887637 ...  3.5992799 -2.1193228  1.7616858]],Carabus nemoralis,Carabus nemoralis,Carabus nemoralis,Carabus nemoralis
/fs/ess/PAS2136/Rayeed/BeetlePalooza/individual_images/A00000033639.jpg/4ab641a6-30b8-44a8-9b29-751a08f51e57_325fef49-75bf-4784-a92e-2ac39d7446e1.png,Synuchus,Synuchus impunctatus,0.584665989712611,0.292408889365357,[[ 1.5494797 -1.2843924 -2.2805843 ...  0.9834183 -3.0143008  4.8223734]],Synuchus impunctatus,Synuchus impunctatus,Synuchus impunctatus,Synuchus impunctatus
/fs/ess/PAS2136/Rayeed/BeetlePalooza/individual_images/A00000051550.jpg/21f7f98b-0795-4012-88c6-e6bae05dbce8_2c9a3c0c-d680-461e-aba6-113ad1408fed.png,Calathus,Calathus advena,0.612196521142408,0.306098260571204,"[[ 2.06982    -1.1303077  -1.085211   ...  0.42516226 -5.9829264
   3.936307  ]]",Pterostichus restrictus,Calathus advena,Calathus advena,Calathus advena
/fs/ess/PAS2136/Rayeed/BeetlePalooza/individual_images/A00000051555_1.jpg/79ce6a0b-625c-45f7-88ff-6e9fa46e698f_1fb2c670-1d8a-4c6e-96e4-973b41527ea4.png,Calathus,Calathus advena,0.581028031272135,0.33780699492566,[[ 1.3160478 -1.5992823 -1.7232279 ...  1.9292386 -4.2727966  8.083861 ]],Calathus advena,Calathus advena,Calathus advena,Calathus advena
/fs/ess/PAS2136/Rayeed/BeetlePalooza/individual_images/A00000041377.jpg/03896889-811a-4aab-adc7-f149dea28a5a_97a5589d-4005-4a8a-9ca8-426a798544ec.png,Harpalus,Harpalus pensylvanicus,0.867684183859241,0.504246151081595,"[[ 2.7197523  -2.6779335  -2.773463   ...  0.51973635 -6.640964
   4.9946294 ]]",Cyclotrachelus torvus,Harpalus pensylvanicus,Synuchus impunctatus,Synuchus impunctatus
/fs/ess/PAS2136/Rayeed/BeetlePalooza/individual_images/A00000049751.jpg/f0e95961-93d0-4593-9098-8aeeee0e7ae8_da39092a-6eb4-4b8a-8246-a9be2a9906d0.png,Cyclotrachelus,Cyclotrachelus torvus,0.919984718398174,0.544114042001259,[[ 1.7080506 -2.0808623 -2.382582  ...  1.4426908 -3.9182444  5.0883765]],Cyclotrachelus torvus,Cyclotrachelus torvus,Cyclotrachelus torvus,Cyclotrachelus torvus
/fs/ess/PAS2136/Rayeed/BeetlePalooza/individual_images/A00000051575.jpg/135896d7-3209-49f3-a4e0-b0a6bd8218e2_7f698f0e-d03e-437c-bbd5-3f4d53129b32.png,Pterostichus,Pterostichus restrictus,0.658006734525632,0.335756005889271,[[ 1.657064  -1.5022732 -2.5308485 ...  0.395243  -5.037208   3.7976136]],Pterostichus lachrymosus,Pterostichus restrictus,Pterostichus lachrymosus,Pterostichus restrictus
/fs/ess/PAS2136/Rayeed/BeetlePalooza/individual_images/A00000033656.jpg/80a8d3fa-5d6f-4d70-8642-e2420d348ab2_ec5719ea-496b-49a5-9595-0432f0f36043.png,Synuchus,Synuchus impunctatus,0.624089881299421,0.304506734930585,[[ 1.9914812 -1.3500874  1.475418  ...  2.4084225 -2.2234135  4.4352694]],Synuchus impunctatus,Synuchus impunctatus,Synuchus impunctatus,Synuchus impunctatus
/fs/ess/PAS2136/Rayeed/BeetlePalooza/individual_images/A00000046080.jpg/d88488e1-3c75-47f9-8e5e-3c108841d370_01466c91-87dd-42f9-8eb1-7cadf28c35ee.png,Carabus,Carabus goryi,1.27444103003747,0.655318428871439,"[[ 1.5585611  -1.6992065  -3.414145   ...  0.43097368 -5.6771054
   5.3984966 ]]",Carabus goryi,Carabus goryi,Carabus goryi,Carabus goryi
/fs/ess/PAS2136/Rayeed/BeetlePalooza/individual_images/MLBS_009.E.20180522.CARABIDS.01.jpg/afcaa00e-5684-4bc3-8eec-785dc2fd2117_a21fd2a2-f851-4fda-ae1c-30f30e3a3009.png,Pterostichus,Pterostichus coracinus,1.28749534343602,0.626240589095989,"[[ 2.1946862  -1.5786157  -3.8709064  ...  0.10304931 -3.0104432
   5.571846  ]]",Carabus goryi,Carabus goryi,Carabus goryi,Carabus goryi
/fs/ess/PAS2136/Rayeed/BeetlePalooza/individual_images/A00000051537.jpg/f0067482-c0d8-40c4-a7d6-8f120e58acd9_44b31761-8985-40b7-b62e-e7fb750fda1e.png,Cratacanthus,Cratacanthus dubius,0.519670860707244,0.351051270072696,"[[ 1.6607972  -1.197302   -0.18611935 ...  1.0560147  -2.6856568
   1.4721955 ]]",Cratacanthus dubius,Cratacanthus dubius,Cratacanthus dubius,Cratacanthus dubius
/fs/ess/PAS2136/Rayeed/BeetlePalooza/individual_images/A00000009170.jpg/11da65a4-2b57-432b-82b2-e3ac441085ed_28048db7-181d-4811-bf95-69d93c73fe9a.png,Carabus,Carabus nemoralis,1.41894528323614,0.844489180814235,"[[ 1.385848   -0.69290644 -4.8514223  ...  1.2000705  -1.4431173
   4.050623  ]]",Carabus nemoralis,Carabus nemoralis,Carabus nemoralis,Carabus nemoralis
/fs/ess/PAS2136/Rayeed/BeetlePalooza/individual_images/A00000051555_2.jpg/8b12356c-c889-40e8-a2b5-5e9d8abb23fe_259197a3-8c31-4da6-89b8-535ff05ad144.png,Calathus,Calathus advena,0.568685666307728,0.30536253252511,"[[ 1.0708495  -1.870369    0.07761247 ...  0.30162963 -2.5936062
   5.7959104 ]]",Calathus advena,Calathus advena,Calathus advena,Calathus advena
/fs/ess/PAS2136/Rayeed/BeetlePalooza/individual_images/A00000051542.jpg/385e3d0c-a3a5-474e-8003-2859833e62cd_f8abdc4f-a3f2-400a-9b7b-fe72e93bca85.png,Harpalus,Harpalus paratus,0.854874733987858,0.500810154460561,[[ 1.7887366 -1.4039286 -1.4390901 ...  2.0819798 -4.833154   4.640839 ]],Harpalus paratus,Harpalus pensylvanicus,Calathus advena,Harpalus pensylvanicus
/fs/ess/PAS2136/Rayeed/BeetlePalooza/individual_images/A00000059787.jpg/05ebd18f-85e2-43ea-98b2-84b557f29d3e_9afd6a03-78cb-4d40-837b-b082c497851a.png,Scaphinotus,Scaphinotus angusticollis,1.35307533213873,0.686505768462527,"[[ 1.3717617  -1.4730729  -2.2529404  ...  0.29979226 -2.980795
   5.4224033 ]]",Scaphinotus angusticollis,Scaphinotus angusticollis,Scaphinotus angusticollis,Scaphinotus angusticollis
/fs/ess/PAS2136/Rayeed/BeetlePalooza/individual_images/A00000041652.jpg/b7af812b-2245-4e8f-ac8f-017c822f67ac_af45359c-c00f-4043-b9b4-956aaa33e815.png,Harpalus,Harpalus pensylvanicus,0.940365170302167,0.493081656576877,"[[ 2.7115893  -1.6058028  -0.17233396 ...  1.6948867  -3.91827
   1.1682311 ]]",Harpalus pensylvanicus,Harpalus pensylvanicus,Harpalus pensylvanicus,Harpalus pensylvanicus
/fs/ess/PAS2136/Rayeed/BeetlePalooza/individual_images/A00000051542.jpg/237f192b-cd99-4999-bad0-f9c2215e1e51_c2dd82ef-0e41-4815-a12d-adfabfae5dfd.png,Harpalus,Harpalus paratus,0.796207225504734,0.470767056644389,"[[ 2.9944541  -1.3066993  -0.66856986 ...  2.2624705  -1.598516
   2.177673  ]]",Harpalus pensylvanicus,Harpalus pensylvanicus,Harpalus pensylvanicus,Harpalus pensylvanicus
/fs/ess/PAS2136/Rayeed/BeetlePalooza/individual_images/A00000046173.jpg/1af7de25-8981-4397-b95c-144fa8a41b1d_8123e426-9b3c-43c5-a8ce-e84d4c90ce5d.png,Pterostichus,Pterostichus lachrymosus,0.85278230183382,0.408484476940354,[[ 1.6312999 -1.8559709 -2.7358499 ...  2.1018345 -5.418674   6.136099 ]],Pterostichus lachrymosus,Pterostichus lachrymosus,Pterostichus lachrymosus,Pterostichus lachrymosus
/fs/ess/PAS2136/Rayeed/BeetlePalooza/individual_images/A00000051543.jpg/9ea98488-2c6c-4296-aa92-36d8066e25fc_4bba8dd3-e33d-4d49-8461-2f9c6bb39551.png,Harpalus,Harpalus caliginosus,1.19284288075342,0.709254378690775,[[ 2.7554762 -1.3010484 -1.4261487 ...  2.898577  -2.041498   1.1812992]],Euryderus grossus,Euryderus grossus,Euryderus grossus,Euryderus grossus
/fs/ess/PAS2136/Rayeed/BeetlePalooza/individual_images/GRSM_022.20180417.CARGOR.01.jpg/a55b6e9c-2d61-42b6-896e-127328ccc371_e20dafa9-b429-4a10-9440-8f1a33e4b0f1.png,Carabus,Carabus goryi,1.36490870703748,0.630592625094466,"[[ 1.6789505  -1.8587872  -2.035992   ... -0.73091537 -3.5504167
   3.8694296 ]]",Carabus goryi,Carabus goryi,Carabus goryi,Carabus goryi
/fs/ess/PAS2136/Rayeed/BeetlePalooza/individual_images/MLBS_009.S.20180522.jpg/8e343421-5887-43b5-a1e9-4d1770d0afb8_2b6c37d2-8ae7-4732-9681-89bf12037361.png,Pterostichus,Pterostichus lachrymosus,1.3009232483121,0.608662898990809,[[ 1.8075792 -1.6761568 -1.9013319 ... -0.7613254 -3.5524118  5.353801 ]],Carabus goryi,Carabus goryi,Carabus goryi,Carabus goryi
/fs/ess/PAS2136/Rayeed/BeetlePalooza/individual_images/A00000041377.jpg/807bfafe-cd89-4cf8-95a0-2d3a02b43745_7badfdf4-b732-48ef-9aa9-19f932b6ba6f.png,Harpalus,Harpalus pensylvanicus,0.918106462453159,0.558018253537676,[[ 2.5232887 -1.7208154 -1.5027472 ...  1.6279927 -4.8254066  2.2394683]],Harpalus pensylvanicus,Harpalus pensylvanicus,Synuchus impunctatus,Harpalus pensylvanicus
/fs/ess/PAS2136/Rayeed/BeetlePalooza/individual_images/A00000050038.jpg/9853bbae-3bb2-4a01-a19d-b97cf6834a5a_fb3f38c8-a2b2-4e06-83d9-bd78e5886d80.png,Pterostichus,Pterostichus melanarius,0.995064406391124,0.523557162437564,"[[ 1.2978163  -2.0957963  -2.4143288  ...  0.42780674 -3.7436984
   3.712656  ]]",Pterostichus melanarius,Pterostichus melanarius,Cyclotrachelus torvus,Pterostichus melanarius
/fs/ess/PAS2136/Rayeed/BeetlePalooza/individual_images/A00000051557.jpg/5f02a957-bb53-4b11-a645-18945112d9c1_c60b6b82-b13a-4ae0-b6a9-f329d60ade30.png,Calathus,Calathus advena,0.61463825847534,0.322899148741861,[[ 2.3214586 -1.7467886 -1.4738007 ...  1.3859732 -1.569377   6.1222367]],Pterostichus restrictus,Calathus advena,Calathus advena,Calathus advena
/fs/ess/PAS2136/Rayeed/BeetlePalooza/individual_images/A00000041107.jpg/7b0d2e04-e015-4bfe-8394-e32c4520d576_49c9341c-f113-441e-8895-40ec5886e232.png,Pasimachus,Pasimachus californicus,1.55658210753934,0.954299024838354,[[ 1.6428056 -0.3110532 -4.4761124 ...  1.5301126 -2.6070547  1.8544874]],Calosoma affine,Pasimachus californicus,Pasimachus californicus,Calosoma affine
/fs/ess/PAS2136/Rayeed/BeetlePalooza/individual_images/A00000009167.jpg/5b3a36a2-a85d-4a13-a512-64e5cac214b6_158445de-e332-42ac-ba7d-b608e26c4fce.png,Pterostichus,Pterostichus melanarius,0.920454545454545,0.511363636363636,[[ 2.208754  -1.8167949 -1.0789913 ...  1.1319131 -3.9186974  3.927838 ]],Pterostichus melanarius,Pterostichus melanarius,Pterostichus melanarius,Pterostichus melanarius
/fs/ess/PAS2136/Rayeed/BeetlePalooza/individual_images/A00000012429.jpg/adf3fff2-5159-4014-9064-09bcf63ff23e_5dae3bfa-a6d8-44a9-b319-47ba743f8047.png,Carabus,Carabus goryi,1.37139853614991,0.690698356870411,"[[ 1.0643994  -1.7029486  -4.457938   ... -0.11731707 -5.820068
   5.488912  ]]",Carabus goryi,Carabus goryi,Carabus goryi,Carabus goryi
/fs/ess/PAS2136/Rayeed/BeetlePalooza/individual_images/A00000056860.jpg/417fed9c-e386-4963-80db-09e4875512c7_61bd0596-1fdc-43f5-af15-b802167605dd.png,Amara,Amara quenseli,0.489030681210358,0.301857616798469,"[[ 1.057164   -3.3346906   1.3134924  ...  0.44380572  1.5378413
  -0.25191596]]",Amara quenseli,Amara quenseli,Amara quenseli,Amara quenseli
/fs/ess/PAS2136/Rayeed/BeetlePalooza/individual_images/A00000051544.jpg/1b12d14e-d2de-48b8-beb0-d2fa65100579_513e102a-a7d1-44d6-bdac-84e794b83c6c.png,Harpalus,Harpalus pensylvanicus,0.921026177071462,0.522817020749402,[[ 3.4092853 -2.0618482 -2.9795308 ...  2.4553418 -6.6079445  4.3883524]],Harpalus paratus,Harpalus pensylvanicus,Calathus advena,Harpalus paratus
/fs/ess/PAS2136/Rayeed/BeetlePalooza/individual_images/A00000051185.jpg/b344b118-a922-4f50-a35d-e2880271da92_4370a5e9-910f-408f-ad85-db92b3d8b698.png,Euryderus,Euryderus grossus,0.811096321973367,0.63189472010159,"[[ 2.9779131  -0.77116036 -1.2969247  ...  4.72867    -0.08406209
   0.69551575]]",Euryderus grossus,Euryderus grossus,Euryderus grossus,Euryderus grossus
/fs/ess/PAS2136/Rayeed/BeetlePalooza/individual_images/A00000051555_1.jpg/a02d21c7-865a-4727-98dc-0b8b361b273f_8d0f9137-6683-4d68-a594-b5d2482b101a.png,Calathus,Calathus advena,0.540491191881056,0.324294715128633,"[[ 2.9613261  -1.314186    2.4965844  ... -0.05887332  1.231625
   5.7203207 ]]",Calathus advena,Calathus advena,Calathus advena,Calathus advena
/fs/ess/PAS2136/Rayeed/BeetlePalooza/individual_images/A00000032979.jpg/4c0ecdae-8651-4016-a7a7-a0cbd1fc99b0_a4b9dc36-d98a-4e0a-9749-a17597b2b0d4.png,Cymindis,Cymindis neglecta,0.408965942140955,0.2,"[[ 2.283842   -2.0869145  -0.20453492 ...  3.7034464  -2.235399
   5.037648  ]]",Calathus advena,Cymindis neglecta,Cymindis neglecta,Cymindis neglecta
/fs/ess/PAS2136/Rayeed/BeetlePalooza/individual_images/A00000056864.jpg/e87e53d8-b7d4-4d24-97d5-352a54c170dd_79c39e75-6689-419f-ac74-2964fbb3a596.png,Amara,Amara quenseli,0.422792369294758,0.258618384564378,[[ 2.5403545 -2.2408745  2.6580575 ...  0.6956176  1.1265275  1.2088146]],Amara quenseli,Amara quenseli,Amara quenseli,Amara quenseli
/fs/ess/PAS2136/Rayeed/BeetlePalooza/individual_images/A00000051163.jpg/cc9e110d-62ff-4248-9977-9ed14b6d2137_000271b9-0cc1-4801-88c1-3e4a310843c0.png,Pasimachus,Pasimachus elongatus,1.17004800998891,0.814831649657738,[[ 1.5999225 -1.5728158 -3.453314  ...  1.447393  -3.4955635  5.2729673]],Pasimachus elongatus,Pasimachus elongatus,Pasimachus elongatus,Pasimachus elongatus
/fs/ess/PAS2136/Rayeed/BeetlePalooza/individual_images/A00000069246.jpg/77aa9741-c823-4f49-9136-1a1683db7334_182a7b06-9505-4f78-b316-b8cce08802bd.png,Harpalus,Harpalus pensylvanicus,0.869374822007224,0.488991283071933,"[[ 2.4850757  -1.6760579  -0.39300868 ...  1.420886   -0.8077731
   2.7663333 ]]",Harpalus pensylvanicus,Harpalus pensylvanicus,Harpalus pensylvanicus,Harpalus pensylvanicus
/fs/ess/PAS2136/Rayeed/BeetlePalooza/individual_images/A00000033675.jpg/d5523442-7f79-4790-b7c2-f046c8fd50c6_0545a7bb-dcb6-4139-b59f-5c7ca5a5e443.png,Cymindis,Cymindis neglecta,0.444753825202851,0.20366878406623,"[[ 0.69520414 -1.2397534  -1.7182393  ...  1.1364264  -0.80353624
   5.0914655 ]]",Cymindis neglecta,Cymindis neglecta,Cymindis neglecta,Cymindis neglecta
/fs/ess/PAS2136/Rayeed/BeetlePalooza/individual_images/A00000040728.jpg/39e47a67-1c51-43ff-938b-d17b4687ac08_9ad908c6-47cc-4f2c-8bd7-10b8289bcec4.png,Carabus,Carabus nemoralis,1.52391405584002,0.914350665263301,[[ 1.9728222 -1.8592236 -4.1402926 ... -3.3768353 -1.1912396  5.5892053]],Carabus nemoralis,Carabus nemoralis,Carabus nemoralis,Carabus nemoralis
/fs/ess/PAS2136/Rayeed/BeetlePalooza/individual_images/A00000033586.jpg/a6c46506-986e-4180-84df-b9aa8830b4f6_6b8d49fd-5c96-48bd-951a-c7d0e27f308d.png,Synuchus,Synuchus impunctatus,0.58955223880597,0.291044776119403,[[ 1.7305466 -1.1671216 -1.9879894 ...  0.6507686 -3.57168    3.5865395]],Synuchus impunctatus,Synuchus impunctatus,Synuchus impunctatus,Synuchus impunctatus
/fs/ess/PAS2136/Rayeed/BeetlePalooza/individual_images/A00000033692.jpg/184a8b0b-09b9-486e-a6e4-0a2820876fe0_1668517d-7b33-4d6c-a6dd-90e18b11430c.png,Cymindis,Cymindis neglecta,0.396032241068056,0.20465703538673,"[[ 2.5851731  -1.4405468  -0.12259571 ...  1.5506005  -3.6148193
   3.693507  ]]",Cymindis cribricollis,Cymindis cribricollis,Calathus advena,Cymindis cribricollis
/fs/ess/PAS2136/Rayeed/BeetlePalooza/individual_images/A00000033567.jpg/38799469-a72a-4352-b92e-a3761a5ca967_521dd7e6-b908-4117-a7d6-d93675b986c0.png,Synuchus,Synuchus impunctatus,0.597867868056413,0.347291659723611,[[ 2.3111296 -1.6009245 -0.8715199 ...  1.5829765 -4.961962   3.9197435]],Synuchus impunctatus,Calathus advena,Calathus advena,Synuchus impunctatus
/fs/ess/PAS2136/Rayeed/BeetlePalooza/individual_images/A00000046224.jpg/b075ad21-c39a-4fca-8acb-f6c00678be16_92aa7bef-91e0-49d8-a0bb-e397d2b50105.png,Carabus,Carabus goryi,1.22129779202124,0.649815124830659,[[ 2.3634436 -1.9763305 -4.7585263 ...  1.0865961 -4.5110826  5.0266485]],Carabus goryi,Carabus goryi,Carabus goryi,Carabus goryi
/fs/ess/PAS2136/Rayeed/BeetlePalooza/individual_images/A00000056857.jpg/cb90e210-8b7d-47ef-a06d-379e24994335_6704d4e1-88eb-4593-becc-c7925c61fe82.png,Amara,Amara quenseli,0.440370190467632,0.300893748146668,[[ 1.1133002 -2.8330553 -0.6081842 ...  2.4609327 -0.5122218  1.451945 ]],Amara quenseli,Amara quenseli,Amara quenseli,Amara quenseli
/fs/ess/PAS2136/Rayeed/BeetlePalooza/individual_images/A00000033692.jpg/badb0d76-7046-4996-9acd-24a2ce937ef8_9d47c628-5bd4-4850-90e5-0d10051c32b1.png,Cymindis,Cymindis neglecta,0.418891661584691,0.202145811014036,"[[ 1.2439802  -0.69224316 -1.6633806  ...  2.062468   -0.2226021
   3.6178012 ]]",Cymindis neglecta,Cymindis neglecta,Cymindis neglecta,Cymindis neglecta
/fs/ess/PAS2136/Rayeed/BeetlePalooza/individual_images/A00000051578.jpg/d94cf61f-308a-4886-8eb3-842c3f1451b2_f103b03e-8d4b-406d-ac86-61e30bb828ea.png,Calathus,Calathus advena,0.576660820649589,0.309692964106266,"[[ 2.0307903  -1.5963125  -0.07984329 ...  1.6106997  -3.0986006
   4.041219  ]]",Calathus advena,Calathus advena,Calathus advena,Calathus advena
/fs/ess/PAS2136/Rayeed/BeetlePalooza/individual_images/A00000033671.jpg/a2f08002-5329-47de-80f1-ac47390afbe1_c264c3b3-9a71-4acd-bbf8-58655f769f7f.png,Synuchus,Synuchus impunctatus,0.578785979095125,0.280567949572376,"[[ 2.0479689  -1.6570816  -4.0931516  ...  0.52470267 -4.763091
   4.477813  ]]",Synuchus impunctatus,Synuchus impunctatus,Synuchus impunctatus,Synuchus impunctatus
/fs/ess/PAS2136/Rayeed/BeetlePalooza/individual_images/A00000033636.jpg/f911545d-d725-48fb-aedc-5add890ebfb6_9110239d-b3ab-41f4-ad81-f03b7ba13cc3.png,Synuchus,Synuchus impunctatus,0.556962025316456,0.265822784810127,[[ 1.0933037 -1.6915615 -1.3938024 ...  3.16962   -3.269216   4.6503453]],Synuchus impunctatus,Synuchus impunctatus,Calathus advena,Synuchus impunctatus
/fs/ess/PAS2136/Rayeed/BeetlePalooza/individual_images/A00000059777.jpg/e0c3dfc3-ad5d-41c3-8bab-5b93a6b86f26_53b78f04-6069-4bc9-810c-87145d07d90f.png,Scaphinotus,Scaphinotus angusticollis,1.47351039246838,0.601132610729587,"[[ 2.0659852  -1.5294895  -1.393333   ...  0.18597245 -3.44468
   4.552075  ]]",Scaphinotus angusticollis,Scaphinotus angusticollis,Scaphinotus angusticollis,Scaphinotus angusticollis
/fs/ess/PAS2136/Rayeed/BeetlePalooza/individual_images/A00000034558.jpg/45b55fd3-a8c7-406b-992d-0198815c0917_4bc70431-5b4d-4fe6-9e48-989c63781394.png,Chlaenius,Chlaenius aestivus,1.06962281351982,0.545892579949953,[[ 2.183891  -1.6570749 -2.1845455 ...  0.3176709 -2.4318728  4.730807 ]],Chlaenius aestivus,Chlaenius aestivus,Chlaenius aestivus,Chlaenius aestivus
/fs/ess/PAS2136/Rayeed/BeetlePalooza/individual_images/A00000051187.jpg/948c8cc5-c885-47e5-829f-8e291114b490_4097d9b5-6fb1-4b6a-808c-b0af29a524a2.png,Pasimachus,Pasimachus elongatus,1.30257595195199,0.820217318654642,[[ 2.3406477 -1.0469905 -3.5796251 ...  2.209003  -2.9313338  3.0358548]],Pasimachus elongatus,Pasimachus elongatus,Pasimachus elongatus,Pasimachus elongatus
/fs/ess/PAS2136/Rayeed/BeetlePalooza/individual_images/STER_027.E.20180726.POESCI.01(10).jpg/6d9ee509-4f07-409d-9f16-1c9259ab37e7_ab934913-efa3-4a7c-9598-2e9006a589e4.png,Poecilus,Poecilus scitulus,0.625322564555192,0.329003238167037,[[ 2.244239  -1.2268329 -1.8009431 ...  1.3741876 -4.695958   4.396307 ]],Calathus advena,Calathus advena,Calathus advena,Calathus advena
/fs/ess/PAS2136/Rayeed/BeetlePalooza/individual_images/A00000051584.jpg/fcfc16f5-7319-4b98-90f8-8fb1f87d52d2_0f791709-5df5-430a-a3f6-84b972137873.png,Pterostichus,Pterostichus restrictus,0.598905196038932,0.318894392788116,"[[ 1.9775162  -1.4014899  -0.39855903 ...  2.0535166  -4.016307
   4.419038  ]]",Pterostichus restrictus,Pterostichus restrictus,Pterostichus restrictus,Pterostichus restrictus
/fs/ess/PAS2136/Rayeed/BeetlePalooza/individual_images/A00000046178.jpg/80308b9e-7965-4113-8fb1-8cdb854477bb_80231ee5-7fd7-47dd-97b7-868bc65f1e44.png,Pterostichus,Pterostichus lachrymosus,0.865496658252332,0.492111426641916,[[ 1.8914571 -1.7150687 -3.4799623 ...  1.1603411 -6.513916   4.9246006]],Pterostichus lachrymosus,Pterostichus lachrymosus,Pterostichus melanarius,Pterostichus lachrymosus
/fs/ess/PAS2136/Rayeed/BeetlePalooza/individual_images/A00000046087.jpg/0d60fdea-4335-4f6d-947e-41dd5f50eeb3_0a89e10b-2098-48dc-ab3f-f898e5b99769.png,Carabus,Carabus goryi,1.35620024382298,0.67773594351685,[[ 1.6586539 -1.0270419 -4.4412503 ...  0.343143  -5.497843   5.2406955]],Carabus goryi,Carabus goryi,Carabus goryi,Carabus goryi
/fs/ess/PAS2136/Rayeed/BeetlePalooza/individual_images/A00000034564.jpg/3ef91585-fc76-4786-b075-32a40af96e4b_39f5bc48-796c-4b91-a3c8-9cb29207c464.png,Chlaenius,Chlaenius aestivus,0.967162295692258,0.483273732640728,"[[ 1.63969    -1.0441326  -3.317382   ... -0.90202564 -1.8029842
   5.6340904 ]]",Chlaenius aestivus,Chlaenius aestivus,Carabus goryi,Chlaenius aestivus
/fs/ess/PAS2136/Rayeed/BeetlePalooza/individual_images/A00000008916.jpg/ee2c3149-b319-470a-a7d2-83e4ccf57a1d_6056ac0b-03d7-41a4-ba67-7843448bbb6e.png,Pterostichus,Pterostichus melanarius,1.08377527006638,0.569279440860067,[[ 2.6282647 -1.4235597 -1.0878717 ...  3.018413  -3.5045555  2.4828737]],Pterostichus melanarius,Pterostichus melanarius,Pterostichus melanarius,Pterostichus melanarius
/fs/ess/PAS2136/Rayeed/BeetlePalooza/individual_images/A00000051600.jpg/b7a76046-2661-4278-a983-eb90f48948d4_a046ecdb-02fd-4a2e-933b-4d8a9c6d53f8.png,Carabus,Carabus taedatus,1.20653127894783,0.63090767535974,[[ 1.9497025 -1.0031905 -0.6166512 ...  0.2890006 -1.5421733  3.8148928]],Carabus taedatus,Carabus taedatus,Carabus taedatus,Carabus taedatus
/fs/ess/PAS2136/Rayeed/BeetlePalooza/individual_images/A00000051575.jpg/9c8790fd-697e-441d-8fba-c4c41718dc42_d5a616f7-55d0-437e-a1f8-764a145c7cd7.png,Pterostichus,Pterostichus restrictus,0.632794187696806,0.318926223336123,[[ 2.055206  -1.4482304 -2.3006873 ...  2.5080738 -3.622941   6.3912067]],Calathus advena,Pterostichus restrictus,Pterostichus restrictus,Pterostichus restrictus
/fs/ess/PAS2136/Rayeed/BeetlePalooza/individual_images/A00000051178.jpg/ec78aaf5-f15c-473b-8bc5-4d69afc38ff1_2b0036c6-fb0e-4dad-a2fb-aea3471c946b.png,Discoderus,Discoderus parallelus,0.415759961651782,0.239866869476029,[[ 2.157975  -1.7895441 -1.9342879 ...  4.8835435 -1.646526   2.7089956]],Discoderus parallelus,Discoderus parallelus,Discoderus parallelus,Discoderus parallelus
/fs/ess/PAS2136/Rayeed/BeetlePalooza/individual_images/A00000137178.jpg/ff8ee961-391d-45c6-ac1c-4564b78298d7_34356056-527f-41e8-ac91-908682d3a5c9.png,Anisodactylus,Anisodactylus opaculus,0.699603993298057,0.420584999447527,"[[ 0.6428049  -2.1342568  -0.87802005 ...  3.7587545  -2.0851634
   0.79231185]]",Harpalus pensylvanicus,Harpalus pensylvanicus,Anisodactylus opaculus,Harpalus pensylvanicus
/fs/ess/PAS2136/Rayeed/BeetlePalooza/individual_images/A00000051585.jpg/4c82ff05-9087-4531-ba00-12a0687d79ac_8e1cbfed-abf5-490f-ba86-347091b41b23.png,Calathus,Calathus advena,0.587375445586544,0.325598741778465,[[ 1.9719055 -1.6003968 -2.282321  ... -0.1794384 -2.1858463  4.2584844]],Pterostichus lachrymosus,Calathus advena,Pterostichus lachrymosus,Calathus advena
/fs/ess/PAS2136/Rayeed/BeetlePalooza/individual_images/A00000059788.jpg/3e72196c-d711-4884-a3b1-7d1e7a4fc504_4fd4451a-8df8-451a-b90e-8cff58c91294.png,Omus,Omus dejeanii,1.06662451747167,0.623341730750315,"[[ 2.2202358  -1.2808976  -1.9519479  ...  0.382635   -0.49049097
   5.6738405 ]]",Carabus taedatus,Omus dejeanii,Omus dejeanii,Omus dejeanii
/fs/ess/PAS2136/Rayeed/BeetlePalooza/individual_images/A00000033687.jpg/9d091e3f-1647-48fb-8e2a-eb1799901104_fc0b006b-99c3-4bc5-9a5e-c8270e4dec08.png,Synuchus,Synuchus impunctatus,0.599679544217839,0.268483325838772,[[ 2.0267906 -1.5781605 -2.596811  ...  1.0492995 -3.9976642  3.0563354]],Synuchus impunctatus,Synuchus impunctatus,Synuchus impunctatus,Synuchus impunctatus
/fs/ess/PAS2136/Rayeed/BeetlePalooza/individual_images/A00000069243.jpg/595f674c-60f8-4adb-a239-a4587446f67b_71dffd8c-8d11-42f5-84e6-fbaf74e67047.png,Pterostichus,Pterostichus stygicus,0.823097009946462,0.383482494423685,[[ 1.92931   -2.1802952 -2.116426  ...  2.3208625 -4.186976   6.1088076]],Pterostichus melanarius,Pterostichus restrictus,Pterostichus lachrymosus,Pterostichus lachrymosus
/fs/ess/PAS2136/Rayeed/BeetlePalooza/individual_images/A00000051559.jpg/3a69e59b-1c8d-4a10-8c19-c37eccfffadc_e94b675a-3736-4ef3-92a2-2497294a4f17.png,Calathus,Calathus advena,0.571011430756035,0.31434186932512,[[ 1.7942616 -1.8381585 -2.361659  ...  1.1470892 -3.3140666  6.664357 ]],Calathus advena,Calathus advena,Calathus advena,Calathus advena
/fs/ess/PAS2136/Rayeed/BeetlePalooza/individual_images/A00000009083.jpg/32b4fb87-f3e0-4f68-9638-dfdea5352c3e_c1f75cc3-be9f-43de-9bfc-7b6648566338.png,Carabus,Carabus nemoralis,1.46775039590749,0.778198597335467,"[[ 2.5601919  -2.019242   -0.41537526 ... -0.45489594 -0.7540739
   4.0566087 ]]",Carabus nemoralis,Carabus nemoralis,Calosoma affine,Carabus nemoralis
/fs/ess/PAS2136/Rayeed/BeetlePalooza/individual_images/A00000034568.jpg/6b7b9441-fcf2-450b-841c-5c90e167b765_02e076d9-3086-4b66-a279-eac9e2d71c0f.png,Pterostichus,Pterostichus trinarius,0.724078921034472,0.388895235504783,"[[ 1.7162664  -1.8866155  -0.5733966  ...  0.89668274 -5.1924286
   3.4071438 ]]",Pterostichus lachrymosus,Pterostichus lachrymosus,Cyclotrachelus torvus,Pterostichus lachrymosus
/fs/ess/PAS2136/Rayeed/BeetlePalooza/individual_images/A00000051533.jpg/e8ec77ba-084f-49cd-93e1-8d58cae40bc0_5dcd089f-a16f-4e54-9131-20f6c234c1b0.png,Cratacanthus,Cratacanthus dubius,0.548638437107882,0.322607509884907,"[[ 2.0769858  -1.7455714   0.06864694 ...  2.6377594  -3.3594544
   4.1891494 ]]",Cratacanthus dubius,Cratacanthus dubius,Cratacanthus dubius,Cratacanthus dubius
/fs/ess/PAS2136/Rayeed/BeetlePalooza/individual_images/A00000046074.jpg/28382634-259e-4372-9b50-7de3bb104b4d_7f90456c-cb0f-4cb0-af21-cd9a47d674b9.png,Carabus,Carabus goryi,1.31937981669431,0.643358130166466,"[[ 1.3620315  -1.2092748  -4.562934   ... -0.24725357 -3.8581238
   7.186137  ]]",Carabus goryi,Carabus goryi,Carabus goryi,Carabus goryi
/fs/ess/PAS2136/Rayeed/BeetlePalooza/individual_images/MLBS_009.E.20180522.CARABIDS.01.jpg/7ed0524f-d2ac-40e1-8e49-d8ac0d5c6a28_f1f2d666-edb8-4d3b-bc24-f10faeadb243.png,Pterostichus,Pterostichus coracinus,1.26923042256173,0.683906092332193,[[ 1.261719  -1.0438303 -2.0605059 ...  2.572517  -2.1978624  6.7512455]],Carabus goryi,Carabus goryi,Carabus goryi,Carabus goryi
/fs/ess/PAS2136/Rayeed/BeetlePalooza/individual_images/A00000046106.jpg/3d72bc1f-5819-4ed9-a6ea-f1509bef31c5_c4994c6b-161f-4b7e-8586-c510ba097dcc.png,Carabus,Carabus goryi,1.22991439885842,0.67561398985132,[[ 1.5771973 -1.8037843 -4.018445  ...  3.5498013 -2.270285   2.9268317]],Euryderus grossus,Carabus goryi,Carabus goryi,Carabus goryi
/fs/ess/PAS2136/Rayeed/BeetlePalooza/individual_images/A00000051179.jpg/7862a5cd-1d4b-4df5-aa9a-63a2951e7e2b_47bc3148-238b-4a07-80ed-bde7c3b77fca.png,Euryderus,Euryderus grossus,0.777409948842114,0.567949181804192,"[[ 2.1895163  -1.5234022   0.63278866 ...  2.628311   -3.967741
   2.1299229 ]]",Euryderus grossus,Euryderus grossus,Euryderus grossus,Euryderus grossus
/fs/ess/PAS2136/Rayeed/BeetlePalooza/individual_images/A00000009166.jpg/7eb8c8ff-4849-42d6-a9a4-8e71b91710fc_294b75db-c3f1-48b1-9dd0-beaaf87dbb06.png,Pterostichus,Pterostichus melanarius,1.04147164299669,0.585205735980653,"[[ 2.2954855  -1.9754353  -2.7291524  ... -0.35192907 -5.442837
   5.0130267 ]]",Pterostichus melanarius,Pterostichus melanarius,Pterostichus melanarius,Pterostichus melanarius
/fs/ess/PAS2136/Rayeed/BeetlePalooza/individual_images/A00000156508.jpg/8ea5e6f1-c623-4cbc-b628-9bac96a4aeb9_20b1bb68-0bcd-4131-b6d2-51f05283e8a6.png,Pterostichus,Pterostichus pensylvanicus,0.617039939384822,0.308040230683964,"[[ 0.97935086 -1.2805539   0.5450302  ...  2.1621222  -0.31240296
   3.3175638 ]]",Calathus advena,Pterostichus pensylvanicus,Calathus advena,Synuchus impunctatus
/fs/ess/PAS2136/Rayeed/BeetlePalooza/individual_images/A00000034553.jpg/794ed34d-a399-4e06-aed8-2c856cd2a99a_0bb8fd0c-d2e5-4cb0-9b3b-7adee72dc897.png,Harpalus,Harpalus compar,0.876371100326876,0.486729877383679,[[ 2.9617696 -1.5185622 -1.8832606 ...  5.439485  -2.1323514  1.0803941]],Harpalus pensylvanicus,Harpalus pensylvanicus,Anisodactylus dulcicollis,Harpalus pensylvanicus
/fs/ess/PAS2136/Rayeed/BeetlePalooza/individual_images/A00000050032.jpg/3081d7a3-1352-440a-b26c-b7ae76dd28c8_b7fcfeff-b910-4ca7-8004-99425f033088.png,Pterostichus,Pterostichus melanarius,0.914397337864479,0.506193842412962,[[ 2.405153  -1.3894982 -2.746348  ...  0.6921344 -4.665239   3.6978192]],Pterostichus melanarius,Pterostichus melanarius,Pterostichus melanarius,Pterostichus melanarius
/fs/ess/PAS2136/Rayeed/BeetlePalooza/individual_images/A00000051163.jpg/ebde8e73-e93d-40eb-8158-3e661fefcaa8_c9092204-8272-49c0-a6a2-b19d1c1daea1.png,Pasimachus,Pasimachus elongatus,1.17609943310215,0.676957609410125,[[ 2.4031043 -1.8200922 -2.6401715 ...  2.5585885 -1.9838943  3.7507112]],Pasimachus elongatus,Pasimachus elongatus,Pasimachus elongatus,Pasimachus elongatus
/fs/ess/PAS2136/Rayeed/BeetlePalooza/individual_images/A00000033590.jpg/035dfd07-6e58-40cb-bd76-91fabd268a37_bc848777-4037-4553-836c-2265eb0617ec.png,Cymindis,Cymindis cribricollis,0.478612521159809,0.242850947758922,"[[ 1.7159857  -1.073184   -2.2004967  ... -0.16783339 -2.8000314
   4.864397  ]]",Cymindis neglecta,Synuchus impunctatus,Synuchus impunctatus,Cymindis cribricollis
/fs/ess/PAS2136/Rayeed/BeetlePalooza/individual_images/A00000056864.jpg/40210ea1-7f08-47d8-b765-19054c21eeca_e191d232-8e79-4f8f-8879-789fd902c535.png,Amara,Amara quenseli,0.433427131812011,0.261121201442584,"[[ 1.1130612  -2.758539    0.94042736 ...  2.7300415   1.1491619
   2.0023313 ]]",Amara quenseli,Amara quenseli,Amara quenseli,Amara quenseli
/fs/ess/PAS2136/Rayeed/BeetlePalooza/individual_images/RMNP_012.S.20180723.PTERES.01(11).jpg/e9f0a4bc-50d9-466a-89d6-d51196c6c621_ef224acf-3e68-4d01-991b-68b51b3a162c.png,Pterostichus,Pterostichus restrictus,0.548880252195322,0.305087877965104,[[ 1.0289849 -1.3558446 -2.1297946 ...  1.7477738 -6.5260744  2.2967317]],Pterostichus restrictus,Pterostichus restrictus,Pterostichus restrictus,Pterostichus restrictus
/fs/ess/PAS2136/Rayeed/BeetlePalooza/individual_images/A00000009083.jpg/3fc591d8-e8a3-4755-a018-79c44e226323_8cf39db0-d239-48a6-878a-1791538eb7bb.png,Carabus,Carabus nemoralis,1.4443051470388,0.784124052925355,[[ 2.088329  -1.393596  -2.4791389 ...  1.6272299 -2.7717242  2.3386605]],Carabus nemoralis,Carabus nemoralis,Carabus nemoralis,Carabus nemoralis
/fs/ess/PAS2136/Rayeed/BeetlePalooza/individual_images/A00000034551.jpg/007e7413-b6ec-4439-84a2-a3e90a1b0320_6e539aac-ba54-4108-b197-468f50ebef67.png,Chlaenius,Chlaenius aestivus,1.03384399180546,0.535316368836553,[[ 2.737777  -2.2662754 -3.0426242 ...  2.8922617 -5.0560536  6.523805 ]],Chlaenius aestivus,Chlaenius aestivus,Chlaenius aestivus,Chlaenius aestivus
