ImageFilePath,Genus,ScientificName,Length,Width,TempMin,TempMax,Precipitation,Rain,Snowfall,WindGust,WindSpeed,TempAvg,Embedding,Pred_NaiveBayes,Pred_LogisticRegression,Pred_NearestNeighbor,Pred_MLP_Baseline
/fs/ess/PAS2136/Rayeed/BeetlePalooza/individual_images/A00000051179.jpg/3225c97e-7684-4ffd-a60d-6bd23b82323b_392c6189-afd3-44e8-b456-2e342b6c1344.png,Euryderus,Euryderus grossus,0.920303881162268,0.64335110633589,34.1,15.3,0.0,0.0,0.0,40.7,24.8,24.700000000000003,[[ 2.361146  -1.0672762 -2.640723  ...  5.3135757 -4.790166   1.862331 ]],Euryderus grossus,Euryderus grossus,Euryderus grossus,Euryderus grossus
/fs/ess/PAS2136/Rayeed/BeetlePalooza/individual_images/A00000056861.jpg/8cc933e1-68ff-452c-9830-c60c3f90f80d_747c39f3-16b7-4b06-b983-08126496965f.png,Amara,Amara quenseli,0.477025215698412,0.276833956956671,33.8,20.6,0.0,0.0,0.0,33.1,14.0,27.2,"[[ 0.90223724 -1.7143251   1.7018495  ...  0.23310319  4.4108644
  -0.24820213]]",Amara quenseli,Amara quenseli,Amara quenseli,Amara quenseli
/fs/ess/PAS2136/Rayeed/BeetlePalooza/individual_images/A00000049812.jpg/a88b8596-3539-4ff0-bd9c-3944c16e183d_497a32de-6758-44e7-8d0e-4de1071397df.png,Cyclotrachelus,Cyclotrachelus torvus,0.977586658908393,0.571957284362333,31.8,18.4,0.2,0.2,0.0,41.4,21.7,25.1,[[ 2.0580955 -2.1919217 -2.1468663 ...  2.2572408 -6.4713697  5.898299 ]],Pterostichus lachrymosus,Cyclotrachelus torvus,Pterostichus lachrymosus,Pterostichus lachrymosus
/fs/ess/PAS2136/Rayeed/BeetlePalooza/individual_images/A00000034567.jpg/b9e6e597-ff2d-4521-a31a-684deb0fffb5_ff5208a6-105c-4ca7-942b-133b0088663c.png,Agonum,Agonum punctiforme,0.466204259930435,0.249159661487873,29.7,16.6,0.0,0.0,0.0,36.4,18.1,23.15,[[ 1.2465792 -1.8425803 -0.9201152 ...  1.1982275 -3.1610477  4.490994 ]],Calathus advena,Calathus advena,Calathus advena,Calathus advena
/fs/ess/PAS2136/Rayeed/BeetlePalooza/individual_images/A00000051182.jpg/e4129572-7dbb-426f-8202-bbfc113fe8a2_e9e9c0d2-9751-43a0-aa03-bc73fce90f47.png,Pasimachus,Pasimachus elongatus,1.2838983845026,0.78205174910079,34.1,15.3,0.0,0.0,0.0,40.7,24.8,24.700000000000003,[[ 2.2001507 -1.260647  -3.329702  ...  2.170036  -1.2839774  1.4389598]],Pasimachus elongatus,Pasimachus elongatus,Pasimachus elongatus,Pasimachus elongatus
/fs/ess/PAS2136/Rayeed/BeetlePalooza/individual_images/A00000156508.jpg/28a89b91-b443-4c77-bc76-debbf3682d99_4910b510-d557-4c50-9f92-b2f7f0e6be17.png,Pterostichus,Pterostichus pensylvanicus,0.576598377204112,0.32631836065957,14.3,4.6,2.1,2.1,0.0,25.6,9.1,9.45,[[ 2.0735111 -1.7732848  1.3580712 ...  1.8132262 -0.5877812  5.8013873]],Calathus advena,Pterostichus restrictus,Calathus advena,Calathus advena
/fs/ess/PAS2136/Rayeed/BeetlePalooza/individual_images/A00000050015.jpg/be9a9d66-ecbd-4e1b-b548-8212355d0da1_ab07c004-d76d-4d10-8adb-adf09e31cce2.png,Carabus,Carabus maeander,1.23491862872216,0.589970620638752,26.4,16.8,3.8,3.8,0.0,35.3,17.3,21.6,[[ 2.4728181 -1.491505  -1.2218415 ...  3.3789632 -1.946138   2.7411048]],Chlaenius aestivus,Cyclotrachelus torvus,Pterostichus melanarius,Omus dejeanii
/fs/ess/PAS2136/Rayeed/BeetlePalooza/individual_images/A00000046119.jpg/b1532ff5-322d-4688-afaf-269ae3d26645_90dd6b5f-6e22-4983-8915-c5d991e3e5df.png,Carabus,Carabus goryi,1.25748317703278,0.598014061577039,20.2,15.3,18.9,18.9,0.0,38.2,7.6,17.75,[[ 1.648132  -1.9176437 -3.1151035 ... -1.2940781 -3.564368   6.1249366]],Carabus goryi,Carabus goryi,Carabus goryi,Carabus goryi
/fs/ess/PAS2136/Rayeed/BeetlePalooza/individual_images/A00000046179.jpg/3d50f546-3783-4b4f-8ae1-9b0a59d5d973_e0519043-ea32-4611-9e67-2f12f3777ed7.png,Carabus,Carabus goryi,1.34093553465784,0.561007780453827,25.0,17.5,0.5,0.5,0.0,29.2,8.7,21.25,"[[ 1.3097057  -0.9327881  -4.5588303  ... -0.84648514 -4.506562
   4.4835677 ]]",Carabus goryi,Carabus goryi,Carabus goryi,Carabus goryi
/fs/ess/PAS2136/Rayeed/BeetlePalooza/individual_images/A00000051555_2.jpg/b1940f30-48e7-476f-901d-4467dc363763_4a0da6ce-2da7-4014-98b4-ed6a96eff353.png,Calathus,Calathus advena,0.515026202624605,0.315549546057571,23.0,11.5,0.1,0.1,0.0,55.8,16.0,17.25,[[ 1.8754361 -1.9879526  0.5106975 ...  3.1537774 -4.681766   4.572549 ]],Calathus advena,Calathus advena,Calathus advena,Calathus advena
/fs/ess/PAS2136/Rayeed/BeetlePalooza/individual_images/A00000046082.jpg/84f5a674-636c-4464-8d0d-2227621476df_4bc935eb-b526-41bd-b964-2ba73f180918.png,Pterostichus,Pterostichus lachrymosus,0.820013487852978,0.451057947670234,25.6,16.9,0.1,0.1,0.0,56.5,18.3,21.25,"[[ 1.7045639  -1.7136841  -1.4592528  ... -0.16017798 -5.874329
   4.65791   ]]",Pterostichus lachrymosus,Pterostichus lachrymosus,Pterostichus lachrymosus,Pterostichus lachrymosus
/fs/ess/PAS2136/Rayeed/BeetlePalooza/individual_images/A00000059784.jpg/52ad51f7-978f-4448-a516-8b0aadf5b5ec_e66d71cf-2250-4ebd-a3bb-2e008f50e182.png,Scaphinotus,Scaphinotus angusticollis,1.44068758703909,0.741763977746653,17.8,5.1,0.0,0.0,0.0,47.9,16.2,11.45,[[ 1.3692418 -1.4590628 -2.390264  ... -0.7823994 -5.691361   6.188094 ]],Scaphinotus angusticollis,Scaphinotus angusticollis,Scaphinotus angusticollis,Scaphinotus angusticollis
/fs/ess/PAS2136/Rayeed/BeetlePalooza/individual_images/A00000046171.jpg/711b3d47-b904-4a3b-b443-f09dd5e12f57_af39e970-0c49-484b-a762-2267fff2979f.png,Pterostichus,Pterostichus lachrymosus,0.82880761384424,0.433717608972581,20.8,13.1,0.7,0.7,0.0,38.5,12.0,16.95,[[ 1.1044395 -3.5325124 -3.341863  ...  2.1851592 -2.5915098  6.2933064]],Synuchus impunctatus,Pterostichus lachrymosus,Synuchus impunctatus,Synuchus impunctatus
/fs/ess/PAS2136/Rayeed/BeetlePalooza/individual_images/A00000050025.jpg/df65cde6-b42a-4696-842c-d000489775ee_37ea1c0f-6112-4d07-a4ff-47ba52965e22.png,Cyclotrachelus,Cyclotrachelus torvus,1.00769432160998,0.563058742399308,23.5,13.4,0.6,0.6,0.0,40.3,22.1,18.45,[[ 2.2194738 -1.5917734 -1.2091105 ...  1.8050706 -4.2921853  4.781767 ]],Chlaenius aestivus,Cyclotrachelus torvus,Chlaenius aestivus,Cyclotrachelus torvus
/fs/ess/PAS2136/Rayeed/BeetlePalooza/individual_images/A00000051555_2.jpg/9af1ae8a-2416-46c3-9844-d517e6cd158f_2ade31d5-affb-440d-93ff-1853d3d3a3b2.png,Calathus,Calathus advena,0.628669598589737,0.371390676354104,23.0,11.5,0.1,0.1,0.0,55.8,16.0,17.25,"[[ 1.5106077  -1.7244415  -1.447441   ...  0.24755864 -3.6024294
   3.9268322 ]]",Calathus advena,Calathus advena,Calathus advena,Calathus advena
/fs/ess/PAS2136/Rayeed/BeetlePalooza/individual_images/A00000049774.jpg/afab16bb-1ddc-4c6e-890d-487238b4bbdf_711adc91-3c71-4304-abc2-0efbf5b26d8e.png,Cyclotrachelus,Cyclotrachelus torvus,0.941932239585053,0.558139534883721,29.1,16.2,0.0,0.0,0.0,33.8,17.9,22.65,[[ 1.3964899 -1.4233714 -1.718124  ...  1.3576657 -3.6100411  3.9758935]],Pterostichus melanarius,Cyclotrachelus torvus,Cyclotrachelus torvus,Cyclotrachelus torvus
/fs/ess/PAS2136/Rayeed/BeetlePalooza/individual_images/A00000046228.jpg/3993b1a5-fff2-44b5-8ac5-9f5e3fc1a3ca_e4f133f5-d8fb-4653-98cc-1e7f176a7c29.png,Carabus,Carabus goryi,1.36388371287904,0.649350649350649,26.1,20.1,4.4,4.4,0.0,41.8,16.3,23.1,[[ 1.3025379 -1.5247437 -3.1431131 ...  1.2355106 -3.3153472  3.8403454]],Carabus goryi,Carabus goryi,Carabus goryi,Carabus goryi
/fs/ess/PAS2136/Rayeed/BeetlePalooza/individual_images/A00000051166.jpg/31004bf4-f047-4018-acf6-9174cb660f5d_75b78a76-80b7-45d1-a836-af0d1d34935c.png,Selenophorus,Selenophorus planipennis,0.304576957906653,0.195567316652005,30.0,12.6,0.0,0.0,0.0,49.0,29.2,21.3,"[[ 1.4276692  -1.9671899  -0.6988401  ...  3.7962432  -1.1325117
   0.27120674]]",Amara quenseli,Harpalus desertus,Harpalus desertus,Harpalus desertus
/fs/ess/PAS2136/Rayeed/BeetlePalooza/individual_images/A00000051577.jpg/8076343b-12f0-4375-b026-c9cbcc467864_c88eb6d4-3e38-4fdd-aac1-01d1c61b1d82.png,Pterostichus,Pterostichus restrictus,0.645990988093716,0.325747787810042,18.5,7.6,11.0,11.0,0.0,42.5,9.4,13.05,"[[ 1.6220499  -1.7532831  -2.6724403  ...  0.25645652 -4.712691
   4.9569035 ]]",Pterostichus restrictus,Pterostichus lachrymosus,Calathus advena,Calathus advena
/fs/ess/PAS2136/Rayeed/BeetlePalooza/individual_images/A00000051578.jpg/7e4658ef-eb7a-4719-bf5b-fde5d797be6d_11c37a4c-5659-44f4-a9c9-b81f9905231f.png,Calathus,Calathus advena,0.525884201453511,0.294611842212559,18.5,7.6,11.0,11.0,0.0,42.5,9.4,13.05,"[[ 0.92800516 -2.186068   -3.0244296  ...  3.5359902  -2.4711106
   4.2230473 ]]",Calathus advena,Calathus advena,Calathus advena,Synuchus impunctatus
/fs/ess/PAS2136/Rayeed/BeetlePalooza/individual_images/A00000034536.jpg/9b9634bf-be8b-44f8-9b9c-0d1dbed8a7a8_3c4e2fd6-9aea-45d1-be88-c147943c395d.png,Harpalus,Harpalus pensylvanicus,0.976929829563972,0.539399132736947,23.6,16.0,15.9,15.9,0.0,28.1,12.3,19.8,[[ 2.9440234 -1.7359741 -2.1374207 ...  2.879919  -1.7673723  3.4047759]],Harpalus pensylvanicus,Harpalus pensylvanicus,Harpalus pensylvanicus,Harpalus pensylvanicus
/fs/ess/PAS2136/Rayeed/BeetlePalooza/individual_images/A00000051610.jpg/55486af8-28c3-4bbf-96de-e23765559248_a6e81e42-9230-4df5-96b3-0065dafdd2eb.png,Calathus,Calathus advena,0.582577716254206,0.310664970418985,15.8,4.2,2.3,2.3,0.0,39.6,9.9,10.0,"[[ 2.9698293  -1.7549409   0.2638315  ...  2.3370364  -0.29799205
   5.110941  ]]",Calathus advena,Calathus advena,Calathus advena,Synuchus impunctatus
/fs/ess/PAS2136/Rayeed/BeetlePalooza/individual_images/A00000041303.jpg/d69eb166-a1ca-4c9d-a698-f2463ae67b8c_22ccfe62-fa7f-43d7-a7d9-89c1ff3015b5.png,Cyclotrachelus,Cyclotrachelus sodalis,1.27683861168034,0.678284191504154,30.5,19.6,3.2,3.2,0.0,53.6,21.0,25.05,[[ 2.5858421 -1.0891875 -3.6151023 ...  1.5472081 -5.931087   3.425459 ]],Cyclotrachelus torvus,Cyclotrachelus torvus,Cyclotrachelus torvus,Cyclotrachelus torvus
/fs/ess/PAS2136/Rayeed/BeetlePalooza/individual_images/A00000051555_1.jpg/a062c415-1fca-41c6-be52-44b971f9f427_4189d88c-05f5-4411-8aae-d326a1b91e97.png,Calathus,Calathus advena,0.53454688177469,0.311955203405709,23.0,11.5,0.1,0.1,0.0,55.8,16.0,17.25,"[[-0.2813569  -1.6139363  -1.946521   ...  0.24030022 -5.020661
   6.6038194 ]]",Calathus advena,Calathus advena,Calathus advena,Calathus advena
/fs/ess/PAS2136/Rayeed/BeetlePalooza/individual_images/A00000051529.jpg/3cc33c9d-14cc-49d4-b60b-784f226db8d4_a4521f1e-313c-4798-a08a-536b806360f6.png,Cratacanthus,Cratacanthus dubius,0.506085162167215,0.337805562163845,33.4,20.6,9.7,9.7,0.0,58.3,34.0,27.0,"[[ 1.7494061  -2.1355176  -0.47932616 ...  0.3880873  -0.6691996
   5.232407  ]]",Cratacanthus dubius,Cratacanthus dubius,Cratacanthus dubius,Cratacanthus dubius
/fs/ess/PAS2136/Rayeed/BeetlePalooza/individual_images/A00000069247.jpg/2a72bae6-17b9-4ba6-befc-484a8c9dbeb1_c9b6f0c2-646d-4080-886c-0a030c9111f0.png,Chlaenius,Chlaenius aestivus,1.02664941330507,0.517200705046056,32.1,22.4,5.3,5.3,0.0,56.5,17.4,27.25,"[[ 2.2320001e+00 -9.8101574e-01 -1.8902135e+00 ...  3.0318086e-05
  -1.7534922e+00  5.2022419e+00]]",Chlaenius aestivus,Chlaenius aestivus,Pterostichus lachrymosus,Chlaenius aestivus
/fs/ess/PAS2136/Rayeed/BeetlePalooza/individual_images/A00000049812.jpg/df2b9156-dd32-4daa-afff-584490208957_5ee0795f-69c8-4bb4-82ae-f976e6392562.png,Cyclotrachelus,Cyclotrachelus torvus,0.942910961374976,0.591105240549773,31.8,18.4,0.2,0.2,0.0,41.4,21.7,25.1,[[ 1.2305927 -2.0892067 -2.6558437 ...  1.6107452 -5.1464853  5.049861 ]],Cyclotrachelus torvus,Cyclotrachelus torvus,Cyclotrachelus torvus,Cyclotrachelus torvus
/fs/ess/PAS2136/Rayeed/BeetlePalooza/individual_images/A00000051605.jpg/ebf4cf0f-9f66-4872-bb19-1278c6010563_eaf85eb0-8600-403b-911e-f4196b681920.png,Calathus,Calathus advena,0.560584733570461,0.322185921819969,16.4,6.9,0.3,0.3,0.0,58.0,17.1,11.65,[[ 1.647734  -1.1471083 -2.7524486 ...  1.5638509 -2.8869321  5.5954065]],Calathus advena,Calathus advena,Calathus advena,Calathus advena
/fs/ess/PAS2136/Rayeed/BeetlePalooza/individual_images/A00000041433.jpg/26a974c2-76fb-418c-8680-21468ae16ad4_9f7cf369-3414-42c6-8c3c-53787621aa67.png,Harpalus,Harpalus pensylvanicus,1.03304537564127,0.521847804751828,33.6,23.2,1.5,1.5,0.0,36.0,18.5,28.4,"[[ 2.397693   -2.4958463  -2.1344557  ...  1.3817693  -0.84472954
   1.9214698 ]]",Harpalus pensylvanicus,Harpalus pensylvanicus,Harpalus pensylvanicus,Harpalus pensylvanicus
/fs/ess/PAS2136/Rayeed/BeetlePalooza/individual_images/A00000046173.jpg/96bcf2f0-7052-4cd5-98be-3a4398c4e21a_28bcfe43-fb3b-4102-ab81-3dddf65e562e.png,Pterostichus,Pterostichus lachrymosus,0.875991501734527,0.444661405377281,20.8,13.1,0.7,0.7,0.0,38.5,12.0,16.95,[[ 1.7163585 -1.6743567 -1.8879721 ...  1.3491797 -4.0227103  5.8992314]],Pterostichus lachrymosus,Pterostichus lachrymosus,Pterostichus lachrymosus,Pterostichus lachrymosus
/fs/ess/PAS2136/Rayeed/BeetlePalooza/individual_images/A00000009167.jpg/71a22e38-7dfc-4c22-8af0-f368833a69c3_159adc3c-65a7-42a9-972c-46cc78eb1b0e.png,Pterostichus,Pterostichus melanarius,1.01142747500257,0.534211785161053,23.2,15.6,7.2,7.2,0.0,47.9,15.2,19.4,[[ 2.5610995 -1.3472856 -1.718806  ...  0.9947721 -3.7570076  2.5691044]],Pterostichus melanarius,Pterostichus melanarius,Pterostichus melanarius,Pterostichus melanarius
/fs/ess/PAS2136/Rayeed/BeetlePalooza/individual_images/A00000051524.jpg/cc29b1a8-55d3-4c34-a831-9ea473fab14a_719de7e2-4f3e-468b-85c9-770a26c9cb76.png,Anisodactylus,Anisodactylus rusticus,0.693532170766239,0.437336272150946,34.2,18.6,0.4,0.4,0.0,63.4,34.2,26.4,[[ 1.7323945 -0.9286004 -2.9611015 ...  2.731194  -1.9541719  2.4036114]],Harpalus pensylvanicus,Harpalus pensylvanicus,Harpalus pensylvanicus,Euryderus grossus
/fs/ess/PAS2136/Rayeed/BeetlePalooza/individual_images/A00000051598.jpg/e266424a-4934-4513-9243-d66fdd2ab130_bffff5e6-70e0-4e44-ac4f-7b1e24b5ab3e.png,Calathus,Calathus advena,0.517624338582812,0.269819635635101,12.9,3.1,3.6,3.6,0.0,66.6,14.2,8.0,[[ 1.5670981 -1.6398658 -1.4196761 ...  1.7422786 -5.674255   4.7794127]],Calathus advena,Calathus advena,Calathus advena,Calathus advena
/fs/ess/PAS2136/Rayeed/BeetlePalooza/individual_images/A00000050030.jpg/185622c7-a714-4f58-88ec-4270ef01f123_e4a4643e-3ed8-41db-95b1-1ffe1fdc7de8.png,Pterostichus,Pterostichus melanarius,0.993953668208061,0.571114349435689,25.9,14.3,0.0,0.0,0.0,36.4,14.4,20.1,[[ 2.386076  -1.0293565 -2.958609  ...  2.1924222 -3.2351775  1.2550703]],Pterostichus melanarius,Pterostichus melanarius,Pterostichus melanarius,Pterostichus melanarius
/fs/ess/PAS2136/Rayeed/BeetlePalooza/individual_images/A00000051555_1.jpg/468fe043-b039-4c1c-b76a-dbdddc7dd88c_38787f5b-20d3-4644-a850-50e9aac7f34b.png,Calathus,Calathus advena,0.527671394527427,0.325418790301995,23.0,11.5,0.1,0.1,0.0,55.8,16.0,17.25,"[[ 1.8270005  -1.5826346   0.9616877  ...  0.56632566  0.8732333
   5.6000996 ]]",Calathus advena,Calathus advena,Calathus advena,Calathus advena
/fs/ess/PAS2136/Rayeed/BeetlePalooza/individual_images/A00000008952.jpg/1c260171-ee49-4864-93ee-8aaee3cc9b3f_0a7beeea-22de-4585-83ad-35f45216fee9.png,Pterostichus,Pterostichus melanarius,0.905376714041687,0.46852743613592,26.0,16.1,0.0,0.0,0.0,38.5,16.0,21.05,[[ 1.0231706 -1.019233  -3.3861642 ...  3.8185565 -4.837209   2.6196024]],Pterostichus melanarius,Pterostichus melanarius,Pterostichus melanarius,Pterostichus melanarius
/fs/ess/PAS2136/Rayeed/BeetlePalooza/individual_images/A00000009143.jpg/3d7211ff-801c-4e4b-806a-78570dcbb679_df610406-7a2a-475d-8afe-fc8a000f731f.png,Carabus,Carabus nemoralis,1.49902908122427,0.833855802766889,25.4,15.1,0.1,0.1,0.0,24.1,10.2,20.25,"[[ 1.2434161  -2.172518   -6.8192043  ...  0.46035165 -2.766882
   6.5968246 ]]",Carabus nemoralis,Carabus nemoralis,Carabus nemoralis,Carabus nemoralis
/fs/ess/PAS2136/Rayeed/BeetlePalooza/individual_images/A00000046183.jpg/fd88c71c-1ee4-4197-ae12-f1a431327532_86d1d477-4162-4210-a324-ca534f55f4c1.png,Pterostichus,Pterostichus lachrymosus,0.879936248437822,0.498353754448264,20.8,13.1,0.7,0.7,0.0,38.5,12.0,16.95,[[ 0.9077233 -1.6311808 -2.9062104 ...  0.4848803 -6.4403253  5.1645403]],Pterostichus lachrymosus,Pterostichus lachrymosus,Pterostichus lachrymosus,Pterostichus lachrymosus
/fs/ess/PAS2136/Rayeed/BeetlePalooza/individual_images/A00000046107.jpg/9fb77588-9c0c-4e20-9fdd-912462b466e7_5c7b23e5-fa1e-483f-a8e7-785fba9674e1.png,Carabus,Carabus goryi,1.29311002117009,0.613467623757871,29.1,21.8,2.2,2.2,0.0,35.6,12.8,25.450000000000003,"[[ 1.6062983  -1.7470651  -3.5389805  ...  0.84944594 -5.6177025
   2.616992  ]]",Carabus goryi,Carabus goryi,Carabus goryi,Carabus goryi
/fs/ess/PAS2136/Rayeed/BeetlePalooza/individual_images/A00000051170.jpg/26b8b4d5-58cb-4ff6-a4cd-172ca83596d5_740a5967-16f3-4865-9397-707f9d990ba2.png,Euryderus,Euryderus grossus,0.972602465324634,0.704525056726555,24.8,10.5,0.1,0.1,0.0,35.6,19.0,17.65,"[[ 3.308066   -1.4779931  -0.74873114 ...  3.706461   -3.414979
  -0.3799095 ]]",Euryderus grossus,Euryderus grossus,Euryderus grossus,Euryderus grossus
/fs/ess/PAS2136/Rayeed/BeetlePalooza/individual_images/A00000051614.jpg/7e49bf16-c520-4b6a-a83e-1309bfb43445_a8bd3556-273e-4948-bc4f-2195a57e49cf.png,Amara,Amara alpina,0.591996466267807,0.37114000328607,15.8,4.2,2.3,2.3,0.0,39.6,9.9,10.0,[[ 1.6306881 -1.1289351 -1.2703912 ...  1.6755271 -3.8848677  1.9844142]],Synuchus impunctatus,Amara alpina,Calathus advena,Amara alpina
/fs/ess/PAS2136/Rayeed/BeetlePalooza/individual_images/A00000051538.jpg/61d05161-27ab-4500-b601-f20bde49da23_619f609a-0107-448c-9354-8ddf5429f89c.png,Harpalus,Harpalus caliginosus,1.48626684761791,0.853260332006343,22.2,13.1,1.0,1.0,0.0,39.6,20.8,17.65,"[[ 4.116138   -1.7573705   0.17134674 ...  2.4409118  -3.1354647
   0.54653037]]",Harpalus pensylvanicus,Pterostichus melanarius,Harpalus pensylvanicus,Pterostichus melanarius
/fs/ess/PAS2136/Rayeed/BeetlePalooza/individual_images/A00000051559.jpg/37f2c7da-ce99-4a75-88f5-857d4cefa679_b5122b78-dce9-4259-baa8-4023b8ec2693.png,Calathus,Calathus advena,0.520290978878841,0.301706856115381,17.3,7.8,20.6,20.6,0.0,46.8,12.0,12.55,[[ 1.7503574 -2.4217305 -1.3660473 ...  1.0143131 -1.7170013  7.083867 ]],Calathus advena,Calathus advena,Calathus advena,Calathus advena
/fs/ess/PAS2136/Rayeed/BeetlePalooza/individual_images/STER_032.W.20180920.HARPEN.01(20).jpg/aee185db-8a93-4d4e-879f-9e35af5e9217_09e6b05f-cf66-416c-8da1-9dfc14892d0a.png,Harpalus,Harpalus pensylvanicus,0.91717982782282,0.479380948915187,25.1,14.2,3.3,3.3,0.0,45.4,25.9,19.65,[[ 2.9447734 -1.8028321 -1.6523304 ...  2.5159125 -3.8522367  2.1144698]],Harpalus pensylvanicus,Harpalus pensylvanicus,Euryderus grossus,Harpalus pensylvanicus
/fs/ess/PAS2136/Rayeed/BeetlePalooza/individual_images/A00000046070.jpg/8839a1c2-a818-4a9f-96c1-a9dceec05c4a_98d14763-5b4f-47ad-8156-f266c44a4503.png,Carabus,Carabus goryi,1.28450843487649,0.678805455867483,19.5,9.1,0.0,0.0,0.0,51.1,15.8,14.3,"[[ 1.7988442  -1.4018055  -2.2176566  ... -1.2962737  -0.63926387
   4.7212243 ]]",Carabus nemoralis,Carabus goryi,Calosoma affine,Carabus goryi
/fs/ess/PAS2136/Rayeed/BeetlePalooza/individual_images/A00000040717.jpg/53d3ccd5-6de7-401c-b621-f35eaa9ef1de_b1ae2ad3-930c-4f75-a9ca-3686834f5e95.png,Carabus,Carabus nemoralis,1.45257780513691,0.880651104237743,26.1,17.4,5.4,5.4,0.0,33.5,14.3,21.75,"[[ 1.8062748  -1.4749857  -4.3514214  ...  2.160826    0.11389907
   3.8681166 ]]",Carabus nemoralis,Carabus nemoralis,Carabus nemoralis,Calosoma affine
/fs/ess/PAS2136/Rayeed/BeetlePalooza/individual_images/A00000043638.jpg/c7495f53-b762-4385-b6ea-693ed2ba1180_bb22f5f4-b857-4c0e-8a05-166e163ca10c.png,Carabus,Carabus goryi,1.38771034566368,0.645888180974853,7.8,3.6,15.2,15.2,0.0,90.4,29.2,5.7,[[ 1.3160478 -1.2161922 -4.2784142 ... -1.077212  -3.123587   5.0183   ]],Carabus goryi,Carabus goryi,Carabus goryi,Carabus goryi
/fs/ess/PAS2136/Rayeed/BeetlePalooza/individual_images/STER_032.W.20180920.HARPEN.01(20).jpg/21f749b6-2260-4e0f-be2f-c02346b8fb0a_a074b35d-1b8d-4338-bc09-5344bac02b97.png,Harpalus,Harpalus pensylvanicus,0.93518481441858,0.514068018824201,25.1,14.2,3.3,3.3,0.0,45.4,25.9,19.65,[[ 3.1507976 -1.8022922 -1.6941857 ...  3.0899193 -3.6323922  2.0357609]],Harpalus pensylvanicus,Harpalus pensylvanicus,Euryderus grossus,Harpalus desertus
/fs/ess/PAS2136/Rayeed/BeetlePalooza/individual_images/A00000051181.jpg/5967b925-2c73-42bb-943c-7fb83f3544db_dd04b4aa-032a-422f-a849-6e829240e6cd.png,Pasimachus,Pasimachus elongatus,1.33674427094401,0.778817935752112,34.1,15.3,0.0,0.0,0.0,40.7,24.8,24.700000000000003,[[ 1.6713358 -1.6527156 -1.8174518 ...  1.6597173 -4.115447   4.565951 ]],Pasimachus elongatus,Pasimachus elongatus,Pasimachus elongatus,Pasimachus elongatus
/fs/ess/PAS2136/Rayeed/BeetlePalooza/individual_images/MLBS_010.E.20180522.jpg/5c9a1aa1-29d5-4348-a388-4bcde517fed7_ec9577f7-ee0d-4e70-ad8c-0fc87f879d4e.png,Dicaelus,Dicaelus teter,1.16185871902222,0.586670371494255,22.0,13.5,3.1,3.1,0.0,41.8,13.3,17.75,"[[ 2.0123272  -1.5828394  -2.6282094  ...  0.27916753 -4.5324025
   5.28242   ]]",Carabus goryi,Carabus goryi,Carabus goryi,Carabus goryi
/fs/ess/PAS2136/Rayeed/BeetlePalooza/individual_images/A00000034567.jpg/80fff8a5-b8ef-437d-91e6-c166d6910afd_25765b39-1011-4223-b11d-398b35ede22b.png,Agonum,Agonum punctiforme,0.4545700936674,0.249935458886236,29.7,16.6,0.0,0.0,0.0,36.4,18.1,23.15,[[ 1.1923653 -0.8958857 -2.1824944 ...  2.1414769 -4.711417   4.3079324]],Synuchus impunctatus,Synuchus impunctatus,Synuchus impunctatus,Synuchus impunctatus
/fs/ess/PAS2136/Rayeed/BeetlePalooza/individual_images/A00000041416.jpg/bf7af0a3-7706-4c4a-8214-9814a342f31a_7d42c991-a84d-4ce2-bde4-5896079084a3.png,Harpalus,Harpalus pensylvanicus,0.822749376646375,0.535808577570586,28.9,20.4,0.0,0.0,0.0,50.4,26.5,24.65,[[ 1.9602091 -1.353304  -2.55769   ...  2.6554236 -2.8685243  2.9825625]],Harpalus pensylvanicus,Harpalus pensylvanicus,Harpalus pensylvanicus,Harpalus pensylvanicus
/fs/ess/PAS2136/Rayeed/BeetlePalooza/individual_images/MLBS_002.E.20180522.CARABID.D.CARGOR(30).jpg/fc506df3-8cfd-4128-ba41-b1b8653577fb_7df0297e-9206-4eea-8ba7-bce1f76d97e6.png,Carabus,Carabus goryi,1.35681328621332,0.719396305632766,22.0,13.5,3.1,3.1,0.0,41.8,13.3,17.75,"[[ 1.0599202  -1.8863494  -5.130427   ...  0.24657375 -4.7935286
   5.9090147 ]]",Carabus goryi,Carabus goryi,Carabus goryi,Carabus goryi
/fs/ess/PAS2136/Rayeed/BeetlePalooza/individual_images/A00000046114.jpg/cec0b489-94a8-4c1b-8db5-b51571753b94_327f25d9-2485-4be1-90b6-56e36fa8c45b.png,Carabus,Carabus goryi,1.20673268779227,0.629329703019579,22.0,13.5,3.1,3.1,0.0,41.8,13.3,17.75,"[[ 1.7299218  -1.3703945  -2.29681    ...  0.43741927 -4.537428
   4.274262  ]]",Carabus goryi,Carabus goryi,Carabus goryi,Carabus goryi
/fs/ess/PAS2136/Rayeed/BeetlePalooza/individual_images/A00000051184.jpg/3a4eca56-e05a-46fa-8bb6-399a7f3e343d_fdc6e463-912b-4800-af51-7de6944ded04.png,Euryderus,Euryderus grossus,0.786661658590879,0.592567071370003,29.8,14.7,0.8,0.8,0.0,31.3,16.8,22.25,"[[ 2.8377697  -1.9366958  -0.01895407 ...  6.7956495  -4.686419
   1.8870798 ]]",Euryderus grossus,Euryderus grossus,Harpalus pensylvanicus,Euryderus grossus
/fs/ess/PAS2136/Rayeed/BeetlePalooza/individual_images/A00000050031.jpg/e4a81b95-ce5d-4b0a-a2ca-957c61854f25_9fc8752d-5640-4b38-a743-60ea70bc98a7.png,Pterostichus,Pterostichus melanarius,1.00020756218441,0.529505824792127,25.9,14.3,0.0,0.0,0.0,36.4,14.4,20.1,"[[ 1.92072    -1.4225515  -2.947995   ...  0.43460554 -4.9416804
   4.500715  ]]",Pterostichus lachrymosus,Pterostichus lachrymosus,Pterostichus lachrymosus,Cyclotrachelus torvus
/fs/ess/PAS2136/Rayeed/BeetlePalooza/individual_images/A00000051576.jpg/db7ca7ef-df5a-4686-aef5-37577392ff4e_7548abbc-82f1-4a07-9591-ad5efb8e816e.png,Calathus,Calathus advena,0.542547136351747,0.285665761143924,18.5,7.6,11.0,11.0,0.0,42.5,9.4,13.05,[[ 1.1336385 -1.7723621 -2.663833  ...  2.2253296 -2.1639264  3.6683056]],Synuchus impunctatus,Calathus advena,Synuchus impunctatus,Calathus advena
/fs/ess/PAS2136/Rayeed/BeetlePalooza/individual_images/A00000049812.jpg/43ae585e-301c-43be-a7cc-15f61aaf3d2e_b8c3de74-4c4e-41c8-90ce-55f77d76ba4e.png,Cyclotrachelus,Cyclotrachelus torvus,0.966688412305892,0.598556822925167,31.8,18.4,0.2,0.2,0.0,41.4,21.7,25.1,[[ 2.3772666 -2.0243425 -1.6306062 ...  1.2276357 -4.714381   5.666726 ]],Pterostichus lachrymosus,Cyclotrachelus torvus,Cyclotrachelus torvus,Cyclotrachelus torvus
/fs/ess/PAS2136/Rayeed/BeetlePalooza/individual_images/A00000045134.jpg/4d0f0fde-3147-4f93-91e7-3a50e0be1a8e_d44aef31-79a6-42be-80b6-40e95d1eec6a.png,Carabus,Carabus goryi,1.51064279657628,0.669553392320544,22.0,13.5,3.1,3.1,0.0,41.8,13.3,17.75,"[[ 1.5714782  -1.9992676  -4.0544624  ... -0.30617693 -4.5044007
   5.412268  ]]",Carabus goryi,Carabus goryi,Carabus goryi,Carabus goryi
/fs/ess/PAS2136/Rayeed/BeetlePalooza/individual_images/A00000051586.jpg/b94390ab-24f0-49a6-849c-93fba03d0680_50272d7e-265d-4982-8dcd-2b357618f020.png,Pterostichus,Pterostichus protractus,0.933087156353724,0.544537705840305,20.2,9.2,0.3,0.3,0.0,77.4,19.1,14.7,"[[ 1.8085251  -2.0618227  -1.7056789  ... -0.74371415 -6.356166
   4.6020684 ]]",Pterostichus lachrymosus,Cyclotrachelus torvus,Pterostichus lachrymosus,Pterostichus protractus
/fs/ess/PAS2136/Rayeed/BeetlePalooza/individual_images/A00000009083.jpg/d5b3ebf2-68e3-4c71-ac88-33643d9f0609_79a59aeb-277b-478e-b15c-e93f6f013f90.png,Carabus,Carabus nemoralis,1.36211305582772,0.805956609210799,22.6,11.8,10.1,10.1,0.0,49.3,20.6,17.200000000000003,"[[ 1.4203389  -0.9249376  -1.9352473  ... -0.0984792  -0.97997326
   2.5378792 ]]",Carabus nemoralis,Calosoma affine,Calosoma affine,Calosoma affine
/fs/ess/PAS2136/Rayeed/BeetlePalooza/individual_images/RMNP_012.S.20180723.CALADV.01(16).jpg/9b83c017-a70e-4a34-94af-862c8ef9442a_4ac5938e-9fe3-44ed-a657-624151329299.png,Calathus,Calathus advena,0.531750524860724,0.285120792544433,17.3,7.8,20.6,20.6,0.0,46.8,12.0,12.55,"[[ 0.9217119  -2.2737365  -0.4444008  ...  2.9983275  -3.259477
   0.22921693]]",Cratacanthus dubius,Calathus advena,Harpalus pensylvanicus,Calathus advena
/fs/ess/PAS2136/Rayeed/BeetlePalooza/individual_images/A00000051525.jpg/692dda11-dbf1-43c6-9aa4-f61494af2e97_28a7a11e-d305-42a2-97dd-52c346ae5326.png,Cratacanthus,Cratacanthus dubius,0.538490760523312,0.359285224544758,36.8,18.8,0.0,0.0,0.0,38.2,23.1,27.8,"[[ 0.9051101  -0.8612539  -0.80739063 ...  4.0331054  -1.766831
   0.19840007]]",Euryderus grossus,Cratacanthus dubius,Euryderus grossus,Euryderus grossus
/fs/ess/PAS2136/Rayeed/BeetlePalooza/individual_images/A00000051545.jpg/3a13bb32-945d-4dce-ae69-9d1092f96e04_b7713ae0-12b6-44a2-8fdb-3d58cf61fd2c.png,Harpalus,Harpalus caliginosus,1.31599604752634,0.794507684541905,25.1,14.2,3.3,3.3,0.0,45.4,25.9,19.65,"[[ 2.6053684  -1.1494409  -2.3277016  ...  4.1881394  -3.517706
   0.41551372]]",Harpalus pensylvanicus,Harpalus caliginosus,Harpalus caliginosus,Harpalus caliginosus
/fs/ess/PAS2136/Rayeed/BeetlePalooza/individual_images/A00000032912.jpg/17c87d29-4cab-4e63-b899-f27ae04f70f7_f2c9cff6-7c05-4936-af43-9e0e7535588f.png,Pterostichus,Pterostichus pensylvanicus,0.628375905303595,0.308001911582524,18.0,6.2,0.0,0.0,0.0,47.5,14.5,12.1,[[ 2.2099822 -0.6124944  1.1080344 ...  1.6182032 -3.3331432  2.7792203]],Pterostichus restrictus,Pterostichus restrictus,Pterostichus lachrymosus,Calathus advena
/fs/ess/PAS2136/Rayeed/BeetlePalooza/individual_images/A00000051585.jpg/32da413a-e6ef-4dde-9c8b-28ac14d3aa92_ee45fe2b-3e89-4ded-a544-025f224996f0.png,Calathus,Calathus advena,0.603635165548349,0.316332252312773,16.0,5.9,0.0,0.0,0.0,42.1,12.2,10.95,"[[ 2.944745   -2.4455147   0.12981091 ...  0.31167987 -4.7323728
   2.663693  ]]",Calathus advena,Chlaenius aestivus,Calathus advena,Synuchus impunctatus
/fs/ess/PAS2136/Rayeed/BeetlePalooza/individual_images/A00000051175.jpg/052d717f-269e-4838-87ab-1b8c2fddec50_b90a3e18-eb49-44cc-90d3-1115c8aa235c.png,Euryderus,Euryderus grossus,0.88111983801587,0.614389115220184,28.8,16.2,0.7,0.7,0.0,43.6,25.8,22.5,"[[ 3.182942   -0.9016554   2.0452495  ...  4.351663   -1.4054658
  -0.24137612]]",Euryderus grossus,Euryderus grossus,Euryderus grossus,Euryderus grossus
/fs/ess/PAS2136/Rayeed/BeetlePalooza/individual_images/A00000051617.jpg/405cc1b9-81be-4645-99f1-dd5d56e7f1e9_3ab55f86-e6fb-4c69-8082-56da966c8456.png,Calathus,Calathus advena,0.574857216530133,0.321802053671007,15.8,4.2,2.3,2.3,0.0,39.6,9.9,10.0,[[ 2.287919  -1.7093413 -1.8931991 ...  0.6842451 -1.7379344  5.3876224]],Pterostichus restrictus,Calathus advena,Calathus advena,Calathus advena
/fs/ess/PAS2136/Rayeed/BeetlePalooza/individual_images/GRSM_022.20180417.CARGOR.01.jpg/c0dc79d9-e28f-41e4-8b7e-7f07948224d3_586253e2-0a66-4450-a780-929bc72ae249.png,Carabus,Carabus goryi,1.08235294117647,0.623640389679933,17.2,-1.0,0.0,0.0,0.0,60.1,19.8,8.1,[[ 2.0418723 -1.8891978 -3.7253456 ...  0.9278541 -3.3672333  5.6507363]],Carabus goryi,Carabus goryi,Carabus goryi,Carabus goryi
/fs/ess/PAS2136/Rayeed/BeetlePalooza/individual_images/A00000046171.jpg/36f982b0-3697-4d7a-bf70-cc1e625ab2b0_ddfc4ed7-5499-4b1d-a8ac-081a6ab32f68.png,Pterostichus,Pterostichus lachrymosus,0.856785797177863,0.451915050293347,20.8,13.1,0.7,0.7,0.0,38.5,12.0,16.95,[[ 1.6221496 -1.4019176 -3.2403626 ...  1.6603128 -5.9099107  6.8640633]],Pterostichus lachrymosus,Pterostichus lachrymosus,Pterostichus lachrymosus,Pterostichus lachrymosus
/fs/ess/PAS2136/Rayeed/BeetlePalooza/individual_images/A00000142976.jpg/f04af310-8c7b-446b-9514-8d856a5a13a8_ccca7590-b9d9-48ee-9627-4af8befbd097.png,Carabus,Carabus goryi,1.27501335325031,0.764654496214143,26.6,16.4,0.8,0.8,0.0,50.8,14.4,21.5,"[[ 0.12105758 -1.7246782  -4.1332636  ...  1.8316152  -5.0412188
   5.26063   ]]",Carabus goryi,Carabus goryi,Carabus goryi,Carabus goryi
/fs/ess/PAS2136/Rayeed/BeetlePalooza/individual_images/A00000050036.jpg/3d44c2c4-dd0a-4b99-848a-ae4f7a0a7e59_20bcb85c-1f67-4bf3-9a25-7dedaf2c1f3b.png,Pterostichus,Pterostichus melanarius,0.890381182371633,0.476725537658986,22.7,14.0,0.0,0.0,0.0,35.6,19.2,18.35,[[ 2.1940594 -1.9953638 -2.4965243 ...  2.0192955 -3.9529371  3.5494132]],Pterostichus lachrymosus,Pterostichus melanarius,Pterostichus lachrymosus,Pterostichus melanarius
/fs/ess/PAS2136/Rayeed/BeetlePalooza/individual_images/A00000041653.jpg/6673c1ca-d685-45cf-8e5e-cf30519af17b_9fcc1a95-ab62-4321-80b3-ee23be14cd5a.png,Harpalus,Harpalus amputatus,0.564043387703949,0.317380094510609,30.6,20.0,0.7,0.7,0.0,47.9,24.4,25.3,"[[ 2.5377417  -1.538849   -0.09651499 ...  3.9219341   0.98158973
   5.6519423 ]]",Calathus advena,Harpalus desertus,Calathus advena,Harpalus desertus
/fs/ess/PAS2136/Rayeed/BeetlePalooza/individual_images/A00000051609.jpg/5ae9d005-9275-40c1-a6dc-ff97af091af3_8f4ab04f-adb5-44fb-8bc8-578235479d6e.png,Amara,Amara quenseli,0.395487144264641,0.284974209083747,16.4,6.9,0.3,0.3,0.0,58.0,17.1,11.65,"[[ 2.0604632  -1.3944386   0.54191947 ...  3.897636   -3.3053977
   1.7264012 ]]",Euryderus grossus,Amara quenseli,Harpalus pensylvanicus,Calathus advena
/fs/ess/PAS2136/Rayeed/BeetlePalooza/individual_images/A00000008916.jpg/539a1206-7fb2-4adc-a449-8579483a7710_ad7fdd13-1fcd-49c7-94cc-0fefb1581a85.png,Pterostichus,Pterostichus melanarius,1.05429206527827,0.565944565843224,25.7,17.7,0.1,0.1,0.0,36.4,15.8,21.7,[[ 2.4544883 -1.5907109 -1.0067463 ...  1.0720764 -3.6740172  3.3130746]],Cyclotrachelus torvus,Pterostichus melanarius,Pterostichus melanarius,Pterostichus melanarius
/fs/ess/PAS2136/Rayeed/BeetlePalooza/individual_images/A00000056857.jpg/e8cffa77-ebe2-4973-a5ff-78378a788991_bfb24c2d-4d4d-41e2-b210-4588720d33c4.png,Amara,Amara quenseli,0.491746935753052,0.322099124595954,30.8,17.2,0.0,0.0,0.0,48.6,22.4,24.0,"[[ 2.2712848  -1.8727803   2.4602785  ...  3.5253365   0.15703133
  -0.8855975 ]]",Amara quenseli,Synuchus impunctatus,Euryderus grossus,Amara quenseli
/fs/ess/PAS2136/Rayeed/BeetlePalooza/individual_images/RMNP_007.W.20180917.PTEPROZ.01(13).jpg/0fe64930-b3d8-46fd-b604-f3119170ac8c_b93e3366-8643-48bc-9f7d-d1bfa2e93ebb.png,Pterostichus,Pterostichus protractus,0.879228316881906,0.453535819711615,20.2,9.2,0.3,0.3,0.0,77.4,19.1,14.7,[[ 1.4675187 -2.1302276 -2.4857495 ...  1.3875031 -5.905864   4.7369223]],Pterostichus lachrymosus,Pterostichus protractus,Pterostichus restrictus,Pterostichus lachrymosus
/fs/ess/PAS2136/Rayeed/BeetlePalooza/individual_images/A00000051587.jpg/3ad520f7-2152-4177-a05a-8dec16258b0e_e50034fe-4dec-4889-adb7-06e933778547.png,Calathus,Calathus advena,0.518861600997862,0.311591192017685,20.2,9.2,0.3,0.3,0.0,77.4,19.1,14.7,"[[ 1.7330339  -1.644538   -0.64896613 ...  2.125973   -3.9431908
   2.2886605 ]]",Pterostichus restrictus,Calathus advena,Calathus advena,Calathus advena
/fs/ess/PAS2136/Rayeed/BeetlePalooza/individual_images/A00000046087.jpg/0d60fdea-4335-4f6d-947e-41dd5f50eeb3_0a89e10b-2098-48dc-ab3f-f898e5b99769.png,Carabus,Carabus goryi,1.35620024382298,0.67773594351685,28.9,19.9,0.0,0.0,0.0,24.8,8.2,24.4,[[ 1.6586541 -1.0270418 -4.441249  ...  0.3431428 -5.497846   5.240694 ]],Carabus goryi,Carabus goryi,Carabus goryi,Carabus goryi
/fs/ess/PAS2136/Rayeed/BeetlePalooza/individual_images/A00000049774.jpg/52fff372-27dd-4418-92c7-ddc10667ae32_913ed6e2-4a15-494c-87d1-2b5f8bbcd0f1.png,Cyclotrachelus,Cyclotrachelus torvus,0.860543679631553,0.488510500874419,29.1,16.2,0.0,0.0,0.0,33.8,17.9,22.65,[[ 1.7504027 -2.0715818 -3.1110325 ...  1.4537864 -3.2461934  4.293203 ]],Pterostichus melanarius,Cyclotrachelus torvus,Cyclotrachelus torvus,Cyclotrachelus torvus
/fs/ess/PAS2136/Rayeed/BeetlePalooza/individual_images/A00000046069.jpg/70ca360e-7c58-46f8-bb8c-b3ad3c0d8124_dce71d35-93c0-4e03-ab8f-4055235936fe.png,Pterostichus,Pterostichus lachrymosus,0.869936850269484,0.442495727816442,19.5,9.1,0.0,0.0,0.0,51.1,15.8,14.3,[[ 2.3394222 -1.6644838 -1.7828741 ...  2.7815132 -3.6223226  5.354867 ]],Pterostichus melanarius,Pterostichus lachrymosus,Pterostichus lachrymosus,Pterostichus lachrymosus
/fs/ess/PAS2136/Rayeed/BeetlePalooza/individual_images/A00000051190.jpg/a3c28baa-b4b6-4ea7-8e08-bb3d0fa22d2f_07dfdbf6-9e3b-4e96-aa12-80bba0ec2d00.png,Pasimachus,Pasimachus elongatus,1.26759823800985,0.780946302029829,31.1,14.6,0.0,0.0,0.0,47.5,27.1,22.85,[[ 2.827448  -1.9799045 -4.215976  ...  1.9773045 -3.3414345  4.3290625]],Pasimachus elongatus,Pasimachus elongatus,Pasimachus elongatus,Pasimachus elongatus
/fs/ess/PAS2136/Rayeed/BeetlePalooza/individual_images/A00000033670.jpg/7a9e6021-f0e1-4fa2-b22a-578bf19d20f0_4379c53e-04f2-48e2-8b19-eeea86560d5b.png,Synuchus,Synuchus impunctatus,0.607824971608637,0.303912485804318,24.5,19.8,14.6,14.6,0.0,45.7,10.5,22.15,[[ 1.3036895 -1.3230488 -3.2845519 ...  1.606942  -2.8594108  3.2337039]],Synuchus impunctatus,Synuchus impunctatus,Synuchus impunctatus,Synuchus impunctatus
/fs/ess/PAS2136/Rayeed/BeetlePalooza/individual_images/A00000041416.jpg/33399462-2925-48d5-9625-6bb33942f3a0_c7da954a-8eac-4113-887b-25be092534d7.png,Harpalus,Harpalus pensylvanicus,0.984864917666748,0.612791705529601,28.9,20.4,0.0,0.0,0.0,50.4,26.5,24.65,[[ 2.51862   -1.7282736 -2.3097887 ...  1.8689733 -4.090697   2.8275018]],Harpalus pensylvanicus,Harpalus pensylvanicus,Harpalus pensylvanicus,Harpalus pensylvanicus
/fs/ess/PAS2136/Rayeed/BeetlePalooza/individual_images/A00000040703.jpg/8ec40c85-1871-48ac-9910-febc1d5c79e3_5190762e-50ad-47cd-b743-ec15b5316980.png,Pterostichus,Pterostichus melanarius,0.963343002142514,0.536545469547729,20.8,15.6,0.4,0.4,0.0,47.2,21.5,18.2,[[ 1.8860406 -1.9808722 -3.2689207 ...  0.6530298 -1.8712546  4.701709 ]],Pterostichus melanarius,Pterostichus melanarius,Cyclotrachelus furtivus,Pterostichus melanarius
/fs/ess/PAS2136/Rayeed/BeetlePalooza/individual_images/A00000051591.jpg/4cb0cd05-a532-48f5-8e47-7e7f0716a0e7_52ca6de8-e11c-4840-af35-1ace2c0766da.png,Pterostichus,Pterostichus restrictus,0.557750611815768,0.324682387970897,20.2,9.2,0.3,0.3,0.0,77.4,19.1,14.7,[[ 1.9554691 -1.4124638 -1.5098764 ...  0.5046688 -5.754681   3.3349996]],Pterostichus restrictus,Pterostichus restrictus,Pterostichus restrictus,Pterostichus restrictus
/fs/ess/PAS2136/Rayeed/BeetlePalooza/individual_images/A00000040684.jpg/878255eb-d65c-4c15-b968-ed58809b26db_57ef6e22-c868-408c-802e-2b493ae84885.png,Synuchus,Synuchus impunctatus,0.602577912654351,0.349979787542792,20.8,15.6,0.4,0.4,0.0,47.2,21.5,18.2,[[ 1.8057265 -1.3226885 -3.8281848 ...  0.7325635 -4.643941   2.1007507]],Synuchus impunctatus,Synuchus impunctatus,Synuchus impunctatus,Synuchus impunctatus
/fs/ess/PAS2136/Rayeed/BeetlePalooza/individual_images/A00000051542.jpg/c8aaef24-acc3-4ac2-8535-8c3501d51118_51985af4-4521-4701-917f-306732303f12.png,Harpalus,Harpalus paratus,0.879926286839,0.50532301684304,22.2,13.1,1.0,1.0,0.0,39.6,20.8,17.65,"[[ 1.6177413  -1.8490881  -0.90260744 ...  3.1587312  -3.2236338
   3.7649574 ]]",Harpalus pensylvanicus,Harpalus pensylvanicus,Calathus advena,Harpalus pensylvanicus
/fs/ess/PAS2136/Rayeed/BeetlePalooza/individual_images/A00000051185.jpg/8fc5384c-ccef-4019-aff6-243ad2901e29_670e00bf-8298-4ae5-b98a-e3478bc03fe9.png,Euryderus,Euryderus grossus,0.854207142721665,0.633733026835446,28.8,14.2,0.0,0.0,0.0,26.6,13.1,21.5,"[[ 2.8480806  -0.97677666 -2.6100008  ...  4.654669   -3.993694
   0.8794855 ]]",Euryderus grossus,Euryderus grossus,Euryderus grossus,Euryderus grossus
/fs/ess/PAS2136/Rayeed/BeetlePalooza/individual_images/A00000121908.jpg/6756f05d-f51b-4e4f-aef9-752a24681e97_38e8787a-46bb-4c4c-915f-b8a8ca14c075.png,Cratacanthus,Cratacanthus dubius,0.538522489126669,0.355882693381746,32.0,17.0,0.3,0.3,0.0,49.3,27.1,24.5,[[ 1.5334166 -1.4591228 -1.7017859 ...  4.0606785 -2.380301   4.289367 ]],Cratacanthus dubius,Cratacanthus dubius,Cratacanthus dubius,Cratacanthus dubius
/fs/ess/PAS2136/Rayeed/BeetlePalooza/individual_images/A00000051163.jpg/207a9096-94b3-428a-b2b8-d46e40142783_fb43b3cf-f991-44bf-bafc-4d19651fe0b6.png,Pasimachus,Pasimachus elongatus,1.24310443727601,0.696109115896759,24.0,9.4,1.0,1.0,0.0,31.0,16.4,16.7,"[[ 2.4605787  -1.4395936  -4.2704854  ...  1.0428151  -0.67194694
   3.9268572 ]]",Pasimachus elongatus,Pasimachus elongatus,Pasimachus elongatus,Pasimachus elongatus
/fs/ess/PAS2136/Rayeed/BeetlePalooza/individual_images/A00000051611.jpg/f981f002-fa48-46d9-b10a-1ef203b34c3e_163976ed-2e1a-4744-8694-12e9c3d74d2f.png,Pterostichus,Pterostichus restrictus,0.606693919100676,0.323324141945689,15.8,4.2,2.3,2.3,0.0,39.6,9.9,10.0,[[ 1.8617141 -1.5599649 -1.6840912 ...  2.871187  -2.1379082  4.283708 ]],Amara alpina,Pterostichus restrictus,Calathus advena,Pterostichus restrictus
/fs/ess/PAS2136/Rayeed/BeetlePalooza/individual_images/A00000051173.jpg/cd1f1056-397e-4edd-8704-a164f426b725_2e0a4195-30b3-4c49-b32f-52f7ad7f78f7.png,Pasimachus,Pasimachus elongatus,1.3466970109496,0.765214809870816,24.8,10.5,0.1,0.1,0.0,35.6,19.0,17.65,[[ 2.4484658 -2.2159233 -4.0492444 ...  1.8281071 -3.1019747  5.2277837]],Pasimachus elongatus,Pasimachus elongatus,Pasimachus elongatus,Pasimachus elongatus
/fs/ess/PAS2136/Rayeed/BeetlePalooza/individual_images/A00000051601.jpg/1373b42e-737a-4246-a8e8-fa6afa260fb2_2e49fe79-8973-475f-a8a4-13ae347f5877.png,Calathus,Calathus advena,0.56785984975427,0.322145386588953,16.4,6.9,0.3,0.3,0.0,58.0,17.1,11.65,"[[ 2.064009   -1.7769736  -1.7312719  ...  0.17463684 -3.1699095
   4.566201  ]]",Pterostichus restrictus,Calathus advena,Calathus advena,Calathus advena
/fs/ess/PAS2136/Rayeed/BeetlePalooza/individual_images/A00000051542.jpg/37071aff-ee60-447b-b902-11cd9c7c9121_3573eca5-6d8c-4abd-bfc8-701d3946c6e8.png,Harpalus,Harpalus paratus,0.846487176831723,0.492977714533859,22.2,13.1,1.0,1.0,0.0,39.6,20.8,17.65,"[[ 2.17943    -2.316252   -2.4294329  ...  2.4262445  -0.72073627
   3.6334555 ]]",Synuchus impunctatus,Harpalus pensylvanicus,Harpalus pensylvanicus,Harpalus pensylvanicus
/fs/ess/PAS2136/Rayeed/BeetlePalooza/individual_images/A00000051547.jpg/be46d5ef-b0cf-4f2b-9a64-9fefadad9987_74aabb73-d255-421b-8720-1b0e3d68cffb.png,Pterostichus,Pterostichus protractus,0.889299707826979,0.431179427542887,23.0,11.5,0.1,0.1,0.0,55.8,16.0,17.25,[[ 1.9736574 -2.2301154 -2.945033  ...  2.133919  -5.8563886  4.235841 ]],Pterostichus lachrymosus,Pterostichus melanarius,Pterostichus lachrymosus,Pterostichus melanarius
/fs/ess/PAS2136/Rayeed/BeetlePalooza/individual_images/A00000034567.jpg/35e73d63-1b9e-413e-8462-809a7ca74cd9_660d9596-6398-4738-9a52-72cdc22c24bf.png,Agonum,Agonum punctiforme,0.457400569919772,0.245243865230395,29.7,16.6,0.0,0.0,0.0,36.4,18.1,23.15,[[ 1.0313424 -1.9751153 -1.7509421 ...  1.7342535 -3.685321   5.418637 ]],Synuchus impunctatus,Calathus advena,Synuchus impunctatus,Calathus advena
/fs/ess/PAS2136/Rayeed/BeetlePalooza/individual_images/A00000009170.jpg/e7815637-2880-44ed-b3a8-56c5fe0826d2_a44189f6-0054-44e0-801c-af4f9d148311.png,Carabus,Carabus nemoralis,1.48949345009247,0.81293825215509,23.6,14.4,0.0,0.0,0.0,45.4,19.7,19.0,"[[ 1.583036   -1.7925274  -3.1387196  ...  0.44440117 -2.4930432
   3.3228729 ]]",Carabus nemoralis,Carabus nemoralis,Carabus nemoralis,Carabus nemoralis
/fs/ess/PAS2136/Rayeed/BeetlePalooza/individual_images/A00000051584.jpg/960971fc-1885-4625-a4b0-dadf377aa41d_55bc2edf-65f5-4d89-8519-b2ac55bf264d.png,Pterostichus,Pterostichus restrictus,0.523527797644978,0.297679924358017,16.0,5.9,0.0,0.0,0.0,42.1,12.2,10.95,"[[ 1.5932475  -1.61801    -0.387309   ...  0.78931576 -4.878134
   4.4342766 ]]",Pterostichus restrictus,Pterostichus restrictus,Pterostichus restrictus,Pterostichus restrictus
/fs/ess/PAS2136/Rayeed/BeetlePalooza/individual_images/A00000051559.jpg/fdb12c53-572b-4cec-b901-e313cb39d89c_8bd60dea-9d2f-47bc-8b7e-497828219a40.png,Calathus,Calathus advena,0.557988665970333,0.307034640179688,17.3,7.8,20.6,20.6,0.0,46.8,12.0,12.55,[[ 1.5711471 -1.5096165 -0.4619473 ...  1.3197932 -3.5474243  5.5281553]],Calathus advena,Calathus advena,Calathus advena,Calathus advena
/fs/ess/PAS2136/Rayeed/BeetlePalooza/individual_images/A00000051544.jpg/f8447f68-8d16-457e-9193-9892d6f3d95b_b2ed685d-8233-47ac-a7d8-6d74da4b95e6.png,Harpalus,Harpalus pensylvanicus,0.854940451869449,0.502029451372318,25.1,14.2,3.3,3.3,0.0,45.4,25.9,19.65,[[ 2.7705374 -1.4815958 -1.9439689 ...  2.4261894 -2.6087558  2.2501545]],Harpalus pensylvanicus,Harpalus pensylvanicus,Harpalus pensylvanicus,Harpalus pensylvanicus
/fs/ess/PAS2136/Rayeed/BeetlePalooza/individual_images/A00000032879.jpg/5a689198-c99d-43ec-9365-d0f443a73645_28f490c4-ee20-4f96-bbab-d2e7999e5570.png,Carabus,Carabus goryi,1.39833621386166,0.835530199787873,20.2,7.0,0.0,0.0,0.0,30.6,12.1,13.6,[[ 1.1622316 -1.974783  -4.1349688 ... -0.176493  -3.7901618  5.549376 ]],Carabus goryi,Carabus goryi,Carabus goryi,Carabus goryi
/fs/ess/PAS2136/Rayeed/BeetlePalooza/individual_images/A00000050039.jpg/12295f14-b778-4365-8fa3-a8ca1989f0e6_dce54ddd-3c51-4df8-b3bc-510622e7a313.png,Pterostichus,Pterostichus melanarius,0.955825270119166,0.565838374911462,17.0,6.8,0.0,0.0,0.0,32.0,15.7,11.9,"[[ 2.17771    -1.2723838  -0.19205932 ...  0.97439873 -6.0390353
   2.3041873 ]]",Cyclotrachelus torvus,Pterostichus melanarius,Cyclotrachelus torvus,Pterostichus melanarius
/fs/ess/PAS2136/Rayeed/BeetlePalooza/individual_images/A00000012427.jpg/f8f02ec7-234f-4dd7-ac61-e3af0aa76107_3c93a2f7-6a76-4561-b10b-9bc276be923b.png,Carabus,Carabus goryi,1.38771034566368,0.73783481059128,7.8,3.6,15.2,15.2,0.0,90.4,29.2,5.7,[[ 1.1589456 -2.1260486 -3.0912712 ... -0.5557165 -3.496231   3.0158308]],Carabus goryi,Carabus goryi,Carabus goryi,Carabus goryi
/fs/ess/PAS2136/Rayeed/BeetlePalooza/individual_images/A00000059775.jpg/ad01bb20-b626-4d29-9c3d-a5d3a0890370_18a0cbdf-4ab6-4cf5-a845-f46e03fe994f.png,Pterostichus,Pterostichus pumilus,0.470576950223871,0.245101091502892,17.7,6.5,0.0,0.0,0.0,32.4,11.0,12.1,"[[ 2.3361683  -1.2164749   0.14625503 ...  2.3633933  -1.819874
   3.2709036 ]]",Synuchus impunctatus,Pterostichus restrictus,Calathus advena,Calathus advena
/fs/ess/PAS2136/Rayeed/BeetlePalooza/individual_images/A00000046172.jpg/5750664e-a80d-4d69-b64a-1853c4f7131e_f0797d04-8b4e-437b-8f66-28d7f2b9b751.png,Pterostichus,Pterostichus lachrymosus,0.90318031518466,0.500148698888046,20.8,13.1,0.7,0.7,0.0,38.5,12.0,16.95,"[[ 0.82320005 -2.2568061  -3.0787778  ... -0.19750373 -3.3346982
   6.4853783 ]]",Pterostichus lachrymosus,Pterostichus lachrymosus,Pterostichus lachrymosus,Pterostichus lachrymosus
/fs/ess/PAS2136/Rayeed/BeetlePalooza/individual_images/A00000040703.jpg/273f6d32-902e-474c-935a-162150c5c5bd_45a08f2e-706a-4ccd-8418-86d65b09ffe2.png,Pterostichus,Pterostichus melanarius,0.975537217359508,0.536684022285881,20.8,15.6,0.4,0.4,0.0,47.2,21.5,18.2,[[ 1.7263575 -1.0467042 -2.665518  ...  2.3504233 -2.8240743  2.702532 ]],Pterostichus melanarius,Pterostichus melanarius,Pterostichus melanarius,Pterostichus melanarius
/fs/ess/PAS2136/Rayeed/BeetlePalooza/individual_images/A00000012434.jpg/324f0c11-2767-4d18-899d-e9090495f2fa_0a1dfb27-edb8-442c-b95c-2e76daf13cff.png,Carabus,Carabus goryi,1.24763694673982,0.606205819518276,7.8,3.6,15.2,15.2,0.0,90.4,29.2,5.7,[[ 1.7268656 -2.1723492 -4.001472  ... -1.532641  -4.496946   6.0254745]],Carabus goryi,Carabus goryi,Carabus goryi,Carabus goryi
/fs/ess/PAS2136/Rayeed/BeetlePalooza/individual_images/A00000051542.jpg/f20d4441-b22e-4f09-a074-d876b027abb5_215913f3-228d-4186-9c29-32c87c4eddbd.png,Harpalus,Harpalus paratus,0.912732754469281,0.559536487712,22.2,13.1,1.0,1.0,0.0,39.6,20.8,17.65,[[ 1.4371644 -2.203584  -1.8999523 ...  3.6500309 -1.6428447  3.0001807]],Harpalus pensylvanicus,Harpalus pensylvanicus,Harpalus pensylvanicus,Harpalus pensylvanicus
/fs/ess/PAS2136/Rayeed/BeetlePalooza/individual_images/A00000032979.jpg/f4c7fc2a-e145-4649-8416-5232f80f9f9a_7b1ba7fa-6836-49cf-9aa6-681dc3f053d7.png,Cymindis,Cymindis neglecta,0.398651226911611,0.186433983387096,25.4,20.3,11.0,11.0,0.0,63.0,22.8,22.85,[[ 1.4523978 -1.7003211  0.2202219 ...  1.177173  -1.0754306  3.5144744]],Cymindis neglecta,Cymindis neglecta,Cymindis neglecta,Cymindis neglecta
/fs/ess/PAS2136/Rayeed/BeetlePalooza/individual_images/A00000034540.jpg/357ad86f-c673-4a8e-99dd-911ce6420094_dded0d1d-b557-4686-8809-6a291e9712d5.png,Agonum,Agonum octopunctatum,0.506200833338983,0.290380479739785,24.8,20.0,1.0,1.0,0.0,29.9,13.6,22.4,"[[-0.28217217 -1.4292297  -3.4553149  ...  3.287184   -2.4910789
   2.4646995 ]]",Chlaenius aestivus,Carabus nemoralis,Amara alpina,Axinopalpus biplagiatus
/fs/ess/PAS2136/Rayeed/BeetlePalooza/individual_images/A00000049812.jpg/18303a85-853d-4f20-87ed-6033fed88a5a_4c3dac31-87e9-4622-a905-e9fb22390dd1.png,Cyclotrachelus,Cyclotrachelus torvus,0.985626429972056,0.632455532033676,31.8,18.4,0.2,0.2,0.0,41.4,21.7,25.1,[[ 1.7561883 -1.7729552 -3.0068004 ...  1.0803078 -4.2326126  4.82296  ]],Cyclotrachelus torvus,Cyclotrachelus torvus,Pterostichus melanarius,Cyclotrachelus torvus
/fs/ess/PAS2136/Rayeed/BeetlePalooza/individual_images/A00000040689.jpg/8602f64c-ab63-420f-a02d-ac86e4eb1037_1454a09a-9e79-4fd6-bda4-b750e6c111f7.png,Synuchus,Synuchus impunctatus,0.624379505143811,0.358495643450423,27.2,17.5,0.0,0.0,0.0,29.5,15.3,22.35,[[ 2.0522225 -1.8955531 -2.6963494 ...  0.5631708 -5.315908   4.3428593]],Synuchus impunctatus,Synuchus impunctatus,Synuchus impunctatus,Synuchus impunctatus
/fs/ess/PAS2136/Rayeed/BeetlePalooza/individual_images/A00000012924.jpg/64dfafb7-5e5d-4016-867f-66992dc8cbf8_099f1f12-3b73-4573-b1ce-8471eca5d559.png,Carabus,Carabus goryi,1.43325912428204,0.659299197169738,16.8,8.5,0.9,0.9,0.0,31.3,8.9,12.65,"[[ 1.3974969  -1.6600479  -4.604095   ...  0.96452713 -6.4784384
   4.361065  ]]",Carabus goryi,Carabus goryi,Carabus goryi,Carabus goryi
/fs/ess/PAS2136/Rayeed/BeetlePalooza/individual_images/A00000051179.jpg/7862a5cd-1d4b-4df5-aa9a-63a2951e7e2b_47bc3148-238b-4a07-80ed-bde7c3b77fca.png,Euryderus,Euryderus grossus,0.777409948842114,0.567949181804192,34.1,15.3,0.0,0.0,0.0,40.7,24.8,24.700000000000003,[[ 2.1895158 -1.5234022  0.63279   ...  2.628311  -3.96774    2.1299226]],Euryderus grossus,Euryderus grossus,Euryderus grossus,Euryderus grossus
/fs/ess/PAS2136/Rayeed/BeetlePalooza/individual_images/A00000034565.jpg/eb0fe10c-3a05-4b19-8fd3-2202ab74e052_539f9619-a304-42c7-af3f-716234c7f2d5.png,Chlaenius,Chlaenius aestivus,1.09214524891577,0.488007642287167,26.6,18.9,2.0,2.0,0.0,34.6,14.6,22.75,"[[ 2.3053677  -1.7074473  -3.2568839  ...  0.30377296 -5.732583
   3.8158    ]]",Synuchus impunctatus,Synuchus impunctatus,Synuchus impunctatus,Synuchus impunctatus
/fs/ess/PAS2136/Rayeed/BeetlePalooza/individual_images/A00000033605.jpg/c0948c33-1a4b-4618-acf6-bcb3e901fab1_2e06fb4b-247e-49c3-ba33-0c07a289df63.png,Synuchus,Synuchus impunctatus,0.522103450026301,0.230249600698394,22.2,11.8,0.0,0.0,0.0,45.4,14.8,17.0,[[ 1.050403  -2.4346519 -3.2246258 ...  5.1603765 -3.7472382  1.6667718]],Amara quenseli,Synuchus impunctatus,Synuchus impunctatus,Synuchus impunctatus
/fs/ess/PAS2136/Rayeed/BeetlePalooza/individual_images/A00000046094.jpg/a19253ea-5168-4d56-a87f-e76ad1a9d96d_ea81d379-0a1f-4302-89f6-dd24070293e5.png,Carabus,Carabus goryi,1.33195820291817,0.623764210357934,28.6,19.4,9.8,9.8,0.0,34.9,10.8,24.0,"[[ 0.67622596 -1.7284251  -4.8173895  ...  0.05561131 -5.424895
   7.363509  ]]",Carabus goryi,Carabus goryi,Carabus goryi,Carabus goryi
/fs/ess/PAS2136/Rayeed/BeetlePalooza/individual_images/A00000051617.jpg/15491e71-a872-4f5f-9145-4bc3a9b6fec8_0e9cff9a-6015-4d9c-9f2d-e20536c59be8.png,Calathus,Calathus advena,0.525755273913546,0.310600467255374,15.8,4.2,2.3,2.3,0.0,39.6,9.9,10.0,"[[ 1.6359811  -1.4564502  -1.2294006  ...  0.47143626 -3.4957936
   5.1701236 ]]",Pterostichus restrictus,Calathus advena,Calathus advena,Calathus advena
/fs/ess/PAS2136/Rayeed/BeetlePalooza/individual_images/A00000046183.jpg/4f191948-44de-480c-a212-c7dd72a7a9ac_b1d0ab8f-2727-45f3-9e80-45d3bb47b27f.png,Pterostichus,Pterostichus lachrymosus,0.925256365871551,0.501640843061367,20.8,13.1,0.7,0.7,0.0,38.5,12.0,16.95,[[ 0.7995077 -0.8984497 -1.3852037 ...  1.5899212 -5.667912   3.6542256]],Pterostichus lachrymosus,Pterostichus lachrymosus,Pterostichus lachrymosus,Cyclotrachelus torvus
/fs/ess/PAS2136/Rayeed/BeetlePalooza/individual_images/A00000051532.jpg/374b332e-fd81-4a45-b361-ea7b1e4824e1_a3a71627-4e83-412b-905c-849279c768d0.png,Cratacanthus,Cratacanthus dubius,0.445942096367121,0.349853506972124,33.4,20.6,9.7,9.7,0.0,58.3,34.0,27.0,"[[ 2.3492987  -3.45691     2.9220223  ...  3.9764051   0.72689354
   2.072918  ]]",Cratacanthus dubius,Cratacanthus dubius,Cratacanthus dubius,Cratacanthus dubius
/fs/ess/PAS2136/Rayeed/BeetlePalooza/individual_images/MLBS_010.E.20180522.jpg/c852ee97-21a2-4d70-b0af-67cfe2c54f91_072d096f-e5fd-4064-8b90-dbb005988066.png,Dicaelus,Dicaelus teter,1.28376816764674,0.578566000729972,22.0,13.5,3.1,3.1,0.0,41.8,13.3,17.75,[[ 1.768631  -0.8112482 -2.6585388 ...  1.971203  -4.987347   2.3105888]],Carabus goryi,Carabus goryi,Carabus goryi,Carabus goryi
/fs/ess/PAS2136/Rayeed/BeetlePalooza/individual_images/A00000051529.jpg/56507096-06bf-41dd-9386-13fa48ab960b_49aa32d8-e94b-4a63-ad48-b2e777104ac0.png,Cratacanthus,Cratacanthus dubius,0.501701220969656,0.317979292719406,33.4,20.6,9.7,9.7,0.0,58.3,34.0,27.0,[[ 2.3894422 -2.3158388  1.0586929 ...  2.7340639 -1.0961305  5.3098993]],Cratacanthus dubius,Cratacanthus dubius,Cratacanthus dubius,Cratacanthus dubius
/fs/ess/PAS2136/Rayeed/BeetlePalooza/individual_images/A00000008962.jpg/eda24e7d-e1c1-4c9b-a10e-38968104d8e9_5c78ace6-5152-4502-a945-720698788861.png,Pterostichus,Pterostichus melanarius,1.00060825200772,0.511760025224776,27.2,17.5,0.0,0.0,0.0,29.5,15.3,22.35,[[ 1.2544433 -1.5826521 -3.506603  ...  2.6719604 -3.8378093  5.500061 ]],Pterostichus melanarius,Pterostichus melanarius,Pterostichus melanarius,Pterostichus melanarius
/fs/ess/PAS2136/Rayeed/BeetlePalooza/individual_images/A00000051166.jpg/5c8dbd8c-924d-4087-990d-12b4d4f404cc_8c1cbdbf-3f9f-487f-afd7-b108cc990c33.png,Selenophorus,Selenophorus planipennis,0.296463169649965,0.185058302549401,30.0,12.6,0.0,0.0,0.0,49.0,29.2,21.3,"[[ 0.8529193  -1.1116954  -0.75577164 ...  1.5942249  -1.0170323
   2.9156952 ]]",Amara quenseli,Harpalus desertus,Calathus advena,Harpalus desertus
/fs/ess/PAS2136/Rayeed/BeetlePalooza/individual_images/A00000059782.jpg/a37e43e4-8ce5-4546-85e1-234822058b60_88045065-7dee-4307-9ebe-df4645fc3ca9.png,Omus,Omus dejeanii,0.984222853283832,0.535342739550217,21.8,7.7,0.0,0.0,0.0,40.7,15.1,14.75,[[ 2.1193957 -1.2562579 -1.9941438 ... -1.2599127 -1.3616303  4.793632 ]],Omus dejeanii,Omus dejeanii,Omus dejeanii,Omus dejeanii
/fs/ess/PAS2136/Rayeed/BeetlePalooza/individual_images/A00000041653.jpg/8705e890-832d-4260-8ade-ac35687c5b8f_421c2933-75d2-467f-91b6-769814cee714.png,Harpalus,Harpalus amputatus,0.567865834747664,0.328886874970487,30.6,20.0,0.7,0.7,0.0,47.9,24.4,25.3,[[ 1.2290949 -2.0489295  0.3619727 ...  3.4460766 -1.5492443  2.0789711]],Cratacanthus dubius,Cratacanthus dubius,Cratacanthus dubius,Cratacanthus dubius
/fs/ess/PAS2136/Rayeed/BeetlePalooza/individual_images/A00000009083.jpg/48424ede-8877-4c6f-837c-d9fee1c81bc4_31450abf-b1ff-4876-a264-21a69d50123b.png,Carabus,Carabus nemoralis,1.51240451135891,0.825813061845569,22.6,11.8,10.1,10.1,0.0,49.3,20.6,17.200000000000003,"[[ 2.3189797  -0.8957585  -2.0255368  ...  0.04769511 -4.087455
   2.5319862 ]]",Chlaenius aestivus,Carabus taedatus,Carabus taedatus,Carabus taedatus
/fs/ess/PAS2136/Rayeed/BeetlePalooza/individual_images/A00000034557.jpg/943799b4-a68a-4600-bf8c-4acaa63851e5_1c7d5c43-1d15-49dd-b591-21621a478b26.png,Chlaenius,Chlaenius aestivus,1.0122965723842,0.545030689242018,27.3,20.6,0.0,0.0,0.0,40.7,17.3,23.950000000000003,[[ 2.1103957 -1.3046185 -1.5744054 ...  1.2392275 -3.6577582  3.3424375]],Chlaenius aestivus,Chlaenius aestivus,Chlaenius aestivus,Chlaenius aestivus
/fs/ess/PAS2136/Rayeed/BeetlePalooza/individual_images/A00000041653.jpg/b8821808-8a75-4b79-8ff0-c02a3480945a_3993b139-d26c-4269-a935-162a38d20c8e.png,Harpalus,Harpalus amputatus,0.604762959253295,0.360652614401647,30.6,20.0,0.7,0.7,0.0,47.9,24.4,25.3,[[ 2.4168532 -2.1801724  1.6743768 ...  3.2723377 -1.2128272  4.9130454]],Cratacanthus dubius,Synuchus impunctatus,Synuchus impunctatus,Synuchus impunctatus
/fs/ess/PAS2136/Rayeed/BeetlePalooza/individual_images/A00000041403.jpg/eed4b11c-3625-42e2-8b8c-682d2e4f19d6_bdd6a4c5-1eaa-410e-b7bc-e5c50c28bc9b.png,Calosoma,Calosoma affine,1.36054440614082,0.814480434619751,28.9,20.4,0.0,0.0,0.0,50.4,26.5,24.65,"[[ 2.261302   -1.487804   -1.6264035  ...  0.12289168 -0.5020592
   5.7395067 ]]",Calosoma affine,Calosoma affine,Calosoma affine,Calosoma affine
/fs/ess/PAS2136/Rayeed/BeetlePalooza/individual_images/A00000040676.jpg/a881d6fa-6dca-4c95-a4e8-bb68c26d6540_df5fadf8-a83e-41d6-a108-cf18a97bc5de.png,Pterostichus,Pterostichus melanarius,0.948038991102573,0.504393730559496,25.7,17.7,0.1,0.1,0.0,36.4,15.8,21.7,[[ 2.0821862 -1.6133587 -1.5278804 ...  0.9436651 -5.119245   3.7636821]],Cyclotrachelus torvus,Cyclotrachelus torvus,Cyclotrachelus torvus,Cyclotrachelus torvus
/fs/ess/PAS2136/Rayeed/BeetlePalooza/individual_images/A00000033605.jpg/3d6a082d-29c1-433b-b55a-b7d62a43cd88_fc9c801b-1bc2-4bde-a3cb-3a5f2004db17.png,Synuchus,Synuchus impunctatus,0.557570521506135,0.283174752556638,22.2,11.8,0.0,0.0,0.0,45.4,14.8,17.0,[[ 1.7308177 -1.3378333 -1.3342646 ...  1.4612659 -4.753886   3.4992554]],Synuchus impunctatus,Synuchus impunctatus,Synuchus impunctatus,Synuchus impunctatus
/fs/ess/PAS2136/Rayeed/BeetlePalooza/individual_images/A00000050018.jpg/c07aac51-591e-441e-8893-68e2371ffad3_cbf3b56b-d166-4106-a807-9e9603242f5a.png,Carabus,Carabus maeander,1.08853685856578,0.538779774250874,25.5,15.1,0.3,0.3,0.0,52.9,26.8,20.3,[[ 1.9135858 -1.1807905  0.9011645 ...  1.6573961 -0.9682391  3.0047078]],Chlaenius aestivus,Carabus maeander,Amara alpina,Calosoma affine
/fs/ess/PAS2136/Rayeed/BeetlePalooza/individual_images/A00000009015.jpg/db00c018-4de2-4839-b537-d28f99728a6e_47bf5e23-f956-4a8f-9632-5b3dd3567f1c.png,Pterostichus,Pterostichus melanarius,0.982114271679106,0.55732574797573,23.0,13.1,0.0,0.0,0.0,44.3,19.0,18.05,[[ 1.2755928 -1.6892548 -3.866664  ...  1.766338  -3.2639863  3.1509624]],Cyclotrachelus torvus,Pterostichus melanarius,Cyclotrachelus torvus,Pterostichus melanarius
/fs/ess/PAS2136/Rayeed/BeetlePalooza/individual_images/A00000051554.jpg/0ccee7b7-d15a-40cf-8b02-bfd1611931d3_c59e7630-3ab9-4ce2-94f8-dfc576108161.png,Calathus,Calathus advena,0.544230391712593,0.299297885382789,23.0,11.5,0.1,0.1,0.0,55.8,16.0,17.25,"[[ 2.9827034  -2.2811646   1.8808588  ...  0.55535656 -2.9495385
   3.9010348 ]]",Calathus advena,Calathus advena,Calathus advena,Calathus advena
/fs/ess/PAS2136/Rayeed/BeetlePalooza/individual_images/A00000033668.jpg/b0542722-59c7-48c2-90e9-f24ef9d1e9a9_25c7104a-e838-42a3-b26a-e5e0ebb56fc9.png,Synuchus,Synuchus impunctatus,0.562202014103212,0.285860007927047,22.3,12.4,20.8,20.8,0.0,41.8,18.1,17.35,[[ 1.321985  -1.7513552 -2.7735274 ...  1.6773691 -4.981082   3.5893383]],Synuchus impunctatus,Synuchus impunctatus,Synuchus impunctatus,Synuchus impunctatus
/fs/ess/PAS2136/Rayeed/BeetlePalooza/individual_images/A00000033651.jpg/ae79ee59-a72a-42c3-ae25-4befee9352c2_d5fc7d80-cef0-49b4-b279-add08274493b.png,Synuchus,Synuchus impunctatus,0.556447549855011,0.264029427264346,22.3,12.4,20.8,20.8,0.0,41.8,18.1,17.35,[[ 1.4958116 -1.8116714 -2.5662858 ...  2.801337  -3.9092786  4.6749845]],Synuchus impunctatus,Synuchus impunctatus,Synuchus impunctatus,Synuchus impunctatus
/fs/ess/PAS2136/Rayeed/BeetlePalooza/individual_images/A00000034540.jpg/7fed884d-6826-435c-b5cc-f4965d52def9_efd15ec0-3633-4e59-a1d0-27ac9181bc87.png,Agonum,Agonum octopunctatum,0.500295207194492,0.286350433517021,24.8,20.0,1.0,1.0,0.0,29.9,13.6,22.4,"[[ 0.32371828 -1.4392602  -3.7818143  ...  1.6582993  -3.9036007
   5.3861814 ]]",Synuchus impunctatus,Agonum punctiforme,Calathus advena,Calathus advena
/fs/ess/PAS2136/Rayeed/BeetlePalooza/individual_images/A00000059783.jpg/60b879dc-52b5-4574-9718-10d70873a29d_dc8a65c0-4b21-451a-8853-ff53c402e697.png,Scaphinotus,Scaphinotus angusticollis,1.19075658073676,0.623807504338587,24.1,4.4,0.0,0.0,0.0,41.4,15.9,14.25,"[[ 0.93550867 -1.1733257  -2.369001   ... -0.39614105 -2.1576383
   5.6885085 ]]",Scaphinotus angusticollis,Scaphinotus angusticollis,Scaphinotus angusticollis,Scaphinotus angusticollis
/fs/ess/PAS2136/Rayeed/BeetlePalooza/individual_images/A00000033690.jpg/162529a5-3771-46d6-8efc-843423dd6f7b_2e49562f-6b3d-4542-ad43-b8ce55566efc.png,Cymindis,Cymindis cribricollis,0.496048638631212,0.256491305079659,27.3,17.5,0.6,0.6,0.0,18.7,6.3,22.4,"[[ 1.3024827  -0.824105   -1.5987163  ... -0.42080078 -1.4167926
   2.965169  ]]",Synuchus impunctatus,Cymindis cribricollis,Synuchus impunctatus,Cymindis cribricollis
/fs/ess/PAS2136/Rayeed/BeetlePalooza/individual_images/MLBS_009.W.20180522.CARABID.CARGOR(20).jpg/eee8d0de-b72a-4d26-9eab-bc5b4486dd95_a5026c52-88c4-4968-bf72-0c79562090d4.png,Carabus,Carabus goryi,1.40798661352119,0.762741356173398,22.0,13.5,3.1,3.1,0.0,41.8,13.3,17.75,"[[ 1.4994258  -1.6345346  -5.4654446  ... -0.45412698 -2.9333262
   5.214247  ]]",Carabus goryi,Carabus goryi,Carabus goryi,Carabus goryi
/fs/ess/PAS2136/Rayeed/BeetlePalooza/individual_images/A00000009149.jpg/c2acad28-aa51-4058-8c7d-c00ba532ccd6_d60dab4a-1bd3-4028-b9de-39ca6eb5d43e.png,Pterostichus,Pterostichus melanarius,1.05218306176497,0.579023666144546,20.8,15.6,0.4,0.4,0.0,47.2,21.5,18.2,[[ 2.196495  -1.4304566 -1.3603517 ...  2.2700133 -3.8193033  2.0974836]],Pterostichus melanarius,Pterostichus melanarius,Pterostichus melanarius,Pterostichus melanarius
/fs/ess/PAS2136/Rayeed/BeetlePalooza/individual_images/A00000051175.jpg/c69fd0e5-345b-4d74-a597-4e062e720c1f_092a870c-0812-490e-a4fe-292eb6cd74ff.png,Euryderus,Euryderus grossus,0.876941690900216,0.630613942196842,28.8,16.2,0.7,0.7,0.0,43.6,25.8,22.5,[[ 2.9557996 -2.1380515 -0.8157369 ...  4.7863426 -2.4398856  2.5194075]],Euryderus grossus,Euryderus grossus,Euryderus grossus,Euryderus grossus
/fs/ess/PAS2136/Rayeed/BeetlePalooza/individual_images/A00000046174.jpg/953251b0-ae41-423a-b5af-43f825ec0474_728edc62-5d8c-4190-813d-e3218a0c6f00.png,Carabus,Carabus goryi,1.41450390164864,0.652625346054493,20.8,13.1,0.7,0.7,0.0,38.5,12.0,16.95,"[[ 1.3287449  -1.314952   -3.9661376  ...  0.09436685 -4.541944
   5.582269  ]]",Carabus goryi,Carabus goryi,Carabus goryi,Carabus goryi
/fs/ess/PAS2136/Rayeed/BeetlePalooza/individual_images/A00000041377.jpg/fc16c6f2-ebce-4851-9fa5-78391c2154b2_d64002c5-75d2-4309-9aeb-bbd0b831d0c6.png,Harpalus,Harpalus pensylvanicus,0.969179961461918,0.510306314588061,30.6,20.0,0.7,0.7,0.0,47.9,24.4,25.3,[[ 3.7319295 -2.5204694  2.9815602 ...  3.2161257 -4.6160583  1.6752945]],Harpalus pensylvanicus,Harpalus pensylvanicus,Harpalus pensylvanicus,Harpalus pensylvanicus
/fs/ess/PAS2136/Rayeed/BeetlePalooza/individual_images/A00000051619.jpg/38b3ccf9-ae06-413b-b223-bfcc9184728b_069ad24a-b79e-4ab3-9790-76f4ff8fea61.png,Pterostichus,Pterostichus restrictus,0.580517010948,0.290688837074973,15.6,-1.7,0.7,0.7,0.0,39.6,10.0,6.95,[[ 3.053262  -2.168356  -1.1627692 ...  0.8584465 -4.3264546  6.307518 ]],Pterostichus restrictus,Pterostichus restrictus,Calathus advena,Calathus advena
/fs/ess/PAS2136/Rayeed/BeetlePalooza/individual_images/A00000046093.jpg/737cfe08-846f-48c9-a9c6-5461c7b7a535_9fd122f0-a64e-4533-afb1-f3f33ba7f3ba.png,Carabus,Carabus goryi,1.24656487522872,0.612573907139211,28.6,19.4,9.8,9.8,0.0,34.9,10.8,24.0,"[[ 1.4584717  -1.0585414  -3.3221433  ... -0.47677293 -2.411746
   4.7824802 ]]",Carabus goryi,Carabus goryi,Carabus goryi,Carabus goryi
/fs/ess/PAS2136/Rayeed/BeetlePalooza/individual_images/A00000050034.jpg/17f697ac-d0f6-4b00-8968-bea02e181ff3_624b18cf-6e82-43a1-adc7-d49580a9e8cb.png,Cymindis,Cymindis neglecta,0.44948165110307,0.237236877537699,22.7,14.0,0.0,0.0,0.0,35.6,19.2,18.35,[[ 1.8772695 -1.8323121 -1.6511154 ...  1.1912133 -4.074263   5.7511187]],Calathus advena,Synuchus impunctatus,Synuchus impunctatus,Synuchus impunctatus
/fs/ess/PAS2136/Rayeed/BeetlePalooza/individual_images/A00000043638.jpg/30e699c2-f06d-4f99-ac60-5038611e171e_f05f41b9-60aa-4ff4-9c8c-c0cd554a0a32.png,Carabus,Carabus goryi,1.26441831621492,0.593659884244906,7.8,3.6,15.2,15.2,0.0,90.4,29.2,5.7,"[[ 0.87100327 -1.2522724  -2.679851   ...  3.7527823  -4.6350274
   5.6873717 ]]",Carabus goryi,Carabus goryi,Carabus goryi,Carabus goryi
/fs/ess/PAS2136/Rayeed/BeetlePalooza/individual_images/A00000033651.jpg/6787275d-b6ac-4fe6-befe-bf07da001049_710dff84-2727-48ad-ba93-c756ad0583a6.png,Synuchus,Synuchus impunctatus,0.596851328955327,0.308292683497719,22.3,12.4,20.8,20.8,0.0,41.8,18.1,17.35,[[ 2.1172886 -1.1334499 -2.415049  ...  1.4998295 -3.9842944  4.4607506]],Synuchus impunctatus,Synuchus impunctatus,Synuchus impunctatus,Synuchus impunctatus
/fs/ess/PAS2136/Rayeed/BeetlePalooza/individual_images/A00000032963.jpg/e43959bb-6233-451e-8182-ab8806d4920d_4501bf02-26dd-4da0-a633-d3f69b41d80b.png,Carabus,Carabus goryi,1.39826162762673,0.666611884903423,24.6,18.6,16.5,16.5,0.0,38.9,16.9,21.6,"[[ 1.9639602  -2.0206938  -3.5971758  ...  0.17755911 -5.222857
   3.134659  ]]",Carabus goryi,Carabus goryi,Carabus goryi,Carabus goryi
/fs/ess/PAS2136/Rayeed/BeetlePalooza/individual_images/A00000040692.jpg/53c4e099-8a4f-445f-a37d-cebada957381_e2b8a21f-31bf-4f6e-8f8d-f03c2b6b3379.png,Pterostichus,Pterostichus novus,0.923086598008728,0.538429029538971,23.7,14.0,1.3,1.3,0.0,23.4,10.7,18.85,[[ 1.4396576 -1.867132  -2.9890168 ...  1.2520609 -4.333509   4.5020604]],Cyclotrachelus torvus,Carabus goryi,Pterostichus melanarius,Pterostichus lachrymosus
/fs/ess/PAS2136/Rayeed/BeetlePalooza/individual_images/A00000044187.jpg/c92450a0-816a-4d50-a6da-4323f5e4bb74_40822e5d-527f-4d71-9817-ca39385ac5f5.png,Pterostichus,Pterostichus lachrymosus,0.896813430916382,0.453859991155956,16.8,8.5,0.9,0.9,0.0,31.3,8.9,12.65,[[ 1.0871123 -1.0172174 -2.4730518 ...  3.7345161 -3.829111   3.7196646]],Pterostichus melanarius,Pterostichus lachrymosus,Pterostichus melanarius,Pterostichus lachrymosus
/fs/ess/PAS2136/Rayeed/BeetlePalooza/individual_images/A00000051179.jpg/6396695d-6b87-400e-bef4-45661a1dac05_2383cbb8-5a41-4a5a-890b-a4356cf3801d.png,Euryderus,Euryderus grossus,0.887526492377224,0.623301881128988,34.1,15.3,0.0,0.0,0.0,40.7,24.8,24.700000000000003,"[[ 2.9357948  -1.7885472   0.08762836 ...  2.8836036  -3.4415
   0.6099521 ]]",Euryderus grossus,Euryderus grossus,Euryderus grossus,Euryderus grossus
/fs/ess/PAS2136/Rayeed/BeetlePalooza/individual_images/A00000050014.jpg/2de88f19-1fb8-4369-9361-ead5b08aa692_5e4ca270-c037-4194-bdb9-c5b319df059e.png,Harpalus,Harpalus opacipennis,0.451002457357182,0.272863219559119,28.8,17.8,71.9,71.9,0.0,51.1,29.9,23.3,[[ 2.4998832 -2.371271   1.2061698 ...  1.2271    -1.8840758  4.336306 ]],Calathus advena,Harpalus desertus,Harpalus desertus,Amara quenseli
/fs/ess/PAS2136/Rayeed/BeetlePalooza/individual_images/RMNP_007.S.20180723.CALADV.01(23).jpg/a602e285-f722-47c8-9062-50aeee477218_ae286816-5155-45ac-ac2d-760544abe803.png,Calathus,Calathus advena,0.571845650695683,0.306711645468464,17.3,7.8,20.6,20.6,0.0,46.8,12.0,12.55,"[[ 2.560245   -1.671304   -0.07730065 ...  0.99407977 -3.4346569
   3.725537  ]]",Calathus advena,Calathus advena,Calathus advena,Calathus advena
/fs/ess/PAS2136/Rayeed/BeetlePalooza/individual_images/MLBS_002.E.20180522.CARABID.07(27).jpg/fcef6ce7-1243-472f-a34b-94bc958570a9_383e9f16-52b6-4059-bc85-e98bdd532027.png,Carabus,Carabus goryi,1.23487748492522,0.607301444698197,22.0,13.5,3.1,3.1,0.0,41.8,13.3,17.75,"[[ 0.7642697  -2.1955001  -0.6315362  ...  0.3024902  -0.53930223
   3.5059886 ]]",Chlaenius aestivus,Carabus goryi,Carabus goryi,Carabus goryi
/fs/ess/PAS2136/Rayeed/BeetlePalooza/individual_images/A00000046108.jpg/4731ea38-5284-4074-843d-fcd59062ca3d_8fe7a038-2bdd-4bc7-8118-93dd37bb6afc.png,Carabus,Carabus goryi,1.22105550893955,0.571576132069231,29.1,21.8,2.2,2.2,0.0,35.6,12.8,25.450000000000003,"[[ 1.7993398  -1.6737945  -3.7593935  ... -0.60761356 -1.9486725
   5.703579  ]]",Carabus goryi,Carabus goryi,Carabus goryi,Carabus goryi
/fs/ess/PAS2136/Rayeed/BeetlePalooza/individual_images/A00000051179.jpg/1c2d1bb3-4c0c-4ede-afae-1e7dc3de63c4_43c476d5-ff6c-4cd1-b225-fe99c3d66e31.png,Euryderus,Euryderus grossus,0.928377405378149,0.674289970034419,34.1,15.3,0.0,0.0,0.0,40.7,24.8,24.700000000000003,[[ 2.2283804 -1.577365  -2.22357   ...  3.5968394 -2.3694272  2.4048436]],Euryderus grossus,Euryderus grossus,Euryderus grossus,Euryderus grossus
/fs/ess/PAS2136/Rayeed/BeetlePalooza/individual_images/A00000049741.jpg/22663356-3cdc-43c6-902c-54b60ecaa560_5d0a4597-e0e8-4f75-be06-632d93eb8089.png,Cyclotrachelus,Cyclotrachelus torvus,0.968875999870468,0.640815520450309,28.9,17.1,0.8,0.8,0.0,46.8,25.5,23.0,[[ 2.6126056 -1.3873297 -2.0722883 ...  1.602734  -3.5951474  3.2725554]],Cyclotrachelus torvus,Cyclotrachelus torvus,Cyclotrachelus torvus,Cyclotrachelus torvus
/fs/ess/PAS2136/Rayeed/BeetlePalooza/individual_images/A00000051550.jpg/9e02fd27-35f2-4cc2-893f-d5170967e524_dd6a7f21-4f5c-4575-98c9-a0857fa05897.png,Calathus,Calathus advena,0.601208156269967,0.316586097877994,23.0,11.5,0.1,0.1,0.0,55.8,16.0,17.25,"[[ 2.7969892  -2.2307098   0.30215907 ...  0.80492216 -4.0667076
   5.4092913 ]]",Calathus advena,Calathus advena,Calathus advena,Calathus advena
/fs/ess/PAS2136/Rayeed/BeetlePalooza/individual_images/A00000040690.jpg/73e25790-5240-4b38-aa12-1d167b2d862c_bc66e318-a94c-4a78-a691-7fb4536bffe2.png,Pterostichus,Pterostichus novus,0.806920660360951,0.506394209572457,27.2,17.5,0.0,0.0,0.0,29.5,15.3,22.35,[[ 1.4625578 -1.6005207 -2.0837023 ...  1.74778   -4.474583   5.0453305]],Pterostichus lachrymosus,Cyclotrachelus torvus,Pterostichus lachrymosus,Cyclotrachelus torvus
/fs/ess/PAS2136/Rayeed/BeetlePalooza/individual_images/A00000046086.jpg/a4646e43-a04e-458a-9314-21b4932264ad_e9fdaadb-060d-4811-96ae-05bed776f6db.png,Carabus,Carabus goryi,1.25997668465548,0.609969502287309,28.9,19.9,0.0,0.0,0.0,24.8,8.2,24.4,[[ 0.8870822 -1.2949321 -4.1804175 ... -1.0816017 -4.265243   5.4996758]],Carabus goryi,Carabus goryi,Carabus goryi,Carabus goryi
/fs/ess/PAS2136/Rayeed/BeetlePalooza/individual_images/A00000051605.jpg/a6292465-d456-49d6-97c8-67f1221f761c_ee8280bb-886e-4c90-ae51-3947b9fd4eec.png,Calathus,Calathus advena,0.563904170280612,0.348935713625242,16.4,6.9,0.3,0.3,0.0,58.0,17.1,11.65,[[ 1.7633486 -1.9204502  1.807892  ...  2.7493954 -1.1344745  4.880795 ]],Calathus advena,Calathus advena,Calathus advena,Calathus advena
/fs/ess/PAS2136/Rayeed/BeetlePalooza/individual_images/A00000033654.jpg/e4db00e2-44b6-4bd1-b6d6-03689561ec4b_fc3b9b4e-b929-4787-9f6c-58f01cca3d37.png,Synuchus,Synuchus impunctatus,0.568506816142076,0.254243977313131,22.6,15.2,21.0,21.0,0.0,38.5,10.5,18.9,[[ 1.450912  -1.9348323 -2.4031494 ...  2.2748437 -5.068683   3.4252229]],Synuchus impunctatus,Synuchus impunctatus,Synuchus impunctatus,Synuchus impunctatus
/fs/ess/PAS2136/Rayeed/BeetlePalooza/individual_images/A00000050035.jpg/cd1422ac-908a-4a08-97b8-25d1da9722e9_7144e382-c72c-460f-9f73-4445019d2e4f.png,Pterostichus,Pterostichus melanarius,0.991830973831153,0.545965940399992,22.7,14.0,0.0,0.0,0.0,35.6,19.2,18.35,[[ 2.4263208 -1.8182789 -1.7664073 ...  1.4555781 -2.6584017  3.5504713]],Pterostichus melanarius,Pterostichus melanarius,Pterostichus melanarius,Pterostichus melanarius
/fs/ess/PAS2136/Rayeed/BeetlePalooza/individual_images/A00000034558.jpg/45b55fd3-a8c7-406b-992d-0198815c0917_4bc70431-5b4d-4fe6-9e48-989c63781394.png,Chlaenius,Chlaenius aestivus,1.06962281351982,0.545892579949953,24.9,11.0,0.0,0.0,0.0,25.6,8.1,17.95,"[[ 2.1838918  -1.657075   -2.1845467  ...  0.31767058 -2.431873
   4.730807  ]]",Chlaenius aestivus,Chlaenius aestivus,Chlaenius aestivus,Chlaenius aestivus
/fs/ess/PAS2136/Rayeed/BeetlePalooza/individual_images/A00000059788.jpg/30b0aea8-dcd8-482c-ac61-0b43442dbc2e_d23f6a55-ac88-4f8a-b6c3-dd792f5a3c35.png,Omus,Omus dejeanii,1.11001744505377,0.67814776639283,28.7,11.2,0.0,0.0,0.0,28.4,10.2,19.95,"[[ 2.321971   -1.2213471  -1.9148711  ...  0.63402134 -2.537691
   6.3313503 ]]",Pasimachus elongatus,Omus dejeanii,Pasimachus elongatus,Omus dejeanii
/fs/ess/PAS2136/Rayeed/BeetlePalooza/individual_images/A00000051386.jpg/0651adaf-b7a4-47bd-ba1e-734a0be5faed_aaee98be-420d-49f7-9147-1c4ddb098204.png,Harpalus,Harpalus desertus,0.428819232475113,0.266792056823752,27.9,14.8,1.5,1.5,0.0,54.0,28.9,21.35,[[ 1.9620124 -1.5626342  1.4237937 ...  2.9206285 -1.1227299  2.1785886]],Calathus advena,Calathus advena,Calathus advena,Calathus advena
/fs/ess/PAS2136/Rayeed/BeetlePalooza/individual_images/A00000051555_2.jpg/ce88278d-d6ea-4a5f-8812-5600bd19addf_830feaa9-9f95-4c87-a8b9-21757f0d33b8.png,Calathus,Calathus advena,0.509849928510461,0.291342816291692,23.0,11.5,0.1,0.1,0.0,55.8,16.0,17.25,"[[ 1.8892953  -1.1419957   1.149422   ...  0.25971574  0.22276999
   3.9286578 ]]",Calathus advena,Calathus advena,Calathus advena,Calathus advena
/fs/ess/PAS2136/Rayeed/BeetlePalooza/individual_images/MOAB_001.W.20180724.CICPUN.01.jpg/f625ed92-d4c9-4906-b0fd-900f229c2ff7_eb9b3156-9cbd-4c39-9fad-f9141085931d.png,Cicindela,Cicindela punctulata,0.772332199106448,0.341839044850452,35.4,21.9,0.0,0.0,0.0,43.2,24.8,28.65,"[[ 2.2351813  -0.70974153  1.0386977  ... -0.47347593 -0.6804946
   7.203052  ]]",Cicindela punctulata,Cicindela punctulata,Cicindela punctulata,Cicindela punctulata
/fs/ess/PAS2136/Rayeed/BeetlePalooza/individual_images/A00000033568.jpg/ec0f3b3b-6be3-4e85-8635-3f36d2306be0_d7b827d7-29ba-42e8-84cc-7df98c29db08.png,Synuchus,Synuchus impunctatus,0.62109549925815,0.380830321060589,24.6,18.6,16.5,16.5,0.0,38.9,16.9,21.6,[[ 1.5620704 -1.5480108 -2.437814  ...  1.8719916 -5.332395   3.2418265]],Synuchus impunctatus,Synuchus impunctatus,Synuchus impunctatus,Synuchus impunctatus
/fs/ess/PAS2136/Rayeed/BeetlePalooza/individual_images/MOAB_001.S.20180724.jpg/d1894e64-96fe-43b5-b773-17cf92a97411_f6493118-e6a7-42f9-a604-181f7bcc17d0.png,,,0.740770627998545,0.321391422940675,35.4,21.9,0.0,0.0,0.0,43.2,24.8,28.65,"[[ 2.6676042  -1.2495794   0.8090571  ...  1.7278881  -0.21678662
   8.651554  ]]",Calathus advena,,Cicindela punctulata,Cicindela punctulata
/fs/ess/PAS2136/Rayeed/BeetlePalooza/individual_images/A00000040717.jpg/0c771870-d90a-41fa-99ab-c0622a5e94d7_26bf6754-d411-49b5-b3cb-56356eb61f2d.png,Carabus,Carabus nemoralis,1.42586022366728,0.859263823152756,26.1,17.4,5.4,5.4,0.0,33.5,14.3,21.75,[[ 1.091171  -1.3841083 -5.2123847 ... -1.2756944 -1.3236579  3.4417443]],Carabus nemoralis,Carabus nemoralis,Carabus nemoralis,Carabus nemoralis
/fs/ess/PAS2136/Rayeed/BeetlePalooza/individual_images/A00000051555_1.jpg/cf3f34de-6813-4116-89a7-7d580aa4d14b_4851cc3c-32b2-4cdc-8d0c-21b2a3827872.png,Calathus,Calathus advena,0.582910416434404,0.32485723890809,23.0,11.5,0.1,0.1,0.0,55.8,16.0,17.25,"[[ 1.1744306  -1.0747749  -1.4434309  ...  0.17672162 -3.3140433
   7.311967  ]]",Calathus advena,Calathus advena,Calathus advena,Calathus advena
/fs/ess/PAS2136/Rayeed/BeetlePalooza/individual_images/A00000051175.jpg/00ed8b7b-6d8b-4ead-aeb3-93c050ccea70_e0940c9e-60cf-457a-a011-72e5d4d7cf36.png,Euryderus,Euryderus grossus,0.899908177319559,0.657231057332118,28.8,16.2,0.7,0.7,0.0,43.6,25.8,22.5,[[ 2.4696596 -1.5500289 -1.1785064 ...  4.130573  -2.5209827  2.562216 ]],Euryderus grossus,Euryderus grossus,Euryderus grossus,Euryderus grossus
/fs/ess/PAS2136/Rayeed/BeetlePalooza/individual_images/A00000033686.jpg/0f3744d1-4adc-4469-8b32-68848ddb2f3f_c27a81fd-1cab-4296-9901-94263a0a852b.png,Synuchus,Synuchus impunctatus,0.527374522995233,0.286922760863124,24.6,18.6,16.5,16.5,0.0,38.9,16.9,21.6,"[[ 2.43221    -1.683971   -2.7987986  ... -0.08466201 -5.15558
   3.737615  ]]",Synuchus impunctatus,Synuchus impunctatus,Synuchus impunctatus,Synuchus impunctatus
/fs/ess/PAS2136/Rayeed/BeetlePalooza/individual_images/A00000046082.jpg/0a54bfb1-6634-404c-8a2d-300d590ae599_283dfaa4-1d7a-4245-8575-55cef7d98ee3.png,Pterostichus,Pterostichus lachrymosus,0.79154247088619,0.407755058085549,25.6,16.9,0.1,0.1,0.0,56.5,18.3,21.25,"[[ 1.2378904  -1.5993943  -2.951099   ...  0.83795667 -3.966898
   5.4358907 ]]",Pterostichus lachrymosus,Pterostichus lachrymosus,Pterostichus lachrymosus,Pterostichus lachrymosus
/fs/ess/PAS2136/Rayeed/BeetlePalooza/individual_images/A00000046093.jpg/d206140d-87a3-4ef5-b2c6-6530a0c3789f_82f1a38d-6457-446b-9d80-be39dcd8ec83.png,Carabus,Carabus goryi,1.3778407789875,0.688718855839554,28.6,19.4,9.8,9.8,0.0,34.9,10.8,24.0,"[[ 1.5098063  -1.888981   -5.5888467  ... -0.60190785 -5.19056
   5.7555037 ]]",Carabus goryi,Carabus goryi,Carabus goryi,Carabus goryi
/fs/ess/PAS2136/Rayeed/BeetlePalooza/individual_images/A00000051579.jpg/af1b533d-37ef-4eb7-9214-c439031cc957_8690a483-a33a-4cf3-81ef-b15fe5edc7eb.png,Calathus,Calathus advena,0.584144371273488,0.288074218545534,18.5,7.6,11.0,11.0,0.0,42.5,9.4,13.05,"[[ 2.0421503e+00 -1.4894053e+00 -2.5789948e+00 ...  1.3150220e-03
  -2.2722018e+00  3.7114897e+00]]",Pterostichus restrictus,Calathus advena,Synuchus impunctatus,Calathus advena
/fs/ess/PAS2136/Rayeed/BeetlePalooza/individual_images/A00000051559.jpg/b49fb81a-a8aa-4c6d-9480-91abf61f3b2e_5f555102-4798-4ba0-b23e-1021ab343031.png,Calathus,Calathus advena,0.57346740523317,0.323494433721275,17.3,7.8,20.6,20.6,0.0,46.8,12.0,12.55,"[[ 2.833456   -2.4110658   1.3127686  ...  2.760251    0.22446664
   5.401489  ]]",Calathus advena,Calathus advena,Calathus advena,Calathus advena
/fs/ess/PAS2136/Rayeed/BeetlePalooza/individual_images/A00000051596.jpg/1bda6047-db84-424e-bf7c-3c2acf41fa33_d5bcb5fa-7d0c-48f3-88ac-7f757caf9b6d.png,Calathus,Calathus advena,0.518027059726251,0.305198083131719,12.9,3.1,3.6,3.6,0.0,66.6,14.2,8.0,"[[ 2.909505   -2.4876335  -0.29087064 ...  3.3707771  -5.9134374
   6.711883  ]]",Calathus advena,Calathus advena,Calathus advena,Calathus advena
/fs/ess/PAS2136/Rayeed/BeetlePalooza/individual_images/A00000050013.jpg/9fd1b4ce-2de3-4618-9d6f-2d8308c84497_a1932fb0-56c3-4ae0-bfde-62a29b489cd7.png,Syntomus,Syntomus americanus,0.145902239124892,0.0878736348852978,28.8,17.8,71.9,71.9,0.0,51.1,29.9,23.3,"[[ 1.5200888  -1.262406    1.2801013  ... -0.21905595 -3.3037138
   1.3067628 ]]",Calathus advena,Syntomus americanus,Syntomus americanus,Syntomus americanus
/fs/ess/PAS2136/Rayeed/BeetlePalooza/individual_images/A00000051182.jpg/7ef096ec-1d05-4a86-9920-436d95c79d60_73503665-47db-4167-8da2-f908de11e0e0.png,Pasimachus,Pasimachus elongatus,1.30075951222429,0.7,34.1,15.3,0.0,0.0,0.0,40.7,24.8,24.700000000000003,[[ 2.2084873 -1.162268  -3.0917165 ...  2.4351683 -3.0312436  4.1220546]],Pasimachus elongatus,Pasimachus elongatus,Pasimachus elongatus,Pasimachus elongatus
/fs/ess/PAS2136/Rayeed/BeetlePalooza/individual_images/A00000041420.jpg/b2bd2b4c-da31-441f-8514-f958d6a0a69c_485ab1c6-cfb2-4ece-90d6-8bfa9af278d3.png,Calosoma,Calosoma affine,1.35669351142792,0.800308582460849,28.9,20.4,0.0,0.0,0.0,50.4,26.5,24.65,"[[ 2.4330940e+00 -8.3861536e-01 -3.8046327e-03 ...  2.6115415e-01
  -1.5492184e+00  4.3053102e+00]]",Calosoma affine,Calosoma affine,Calosoma affine,Calosoma affine
/fs/ess/PAS2136/Rayeed/BeetlePalooza/individual_images/A00000032879.jpg/19e4377d-4e42-4127-9966-c6569a771945_6ddd1520-5be1-4597-abae-3a7db7a969f9.png,Carabus,Carabus goryi,1.42917526826387,0.800399556715112,20.2,7.0,0.0,0.0,0.0,30.6,12.1,13.6,"[[ 1.1947547  -1.7941734  -5.223122   ...  0.42370984 -4.552566
   5.2240276 ]]",Carabus goryi,Carabus goryi,Carabus goryi,Carabus goryi
/fs/ess/PAS2136/Rayeed/BeetlePalooza/individual_images/A00000156508.jpg/ba4bf449-6896-4164-a935-345ba122f798_af4f10b2-46d2-4e87-925b-3ff99951f3fb.png,Pterostichus,Pterostichus pensylvanicus,0.711776405013228,0.353804285993692,14.3,4.6,2.1,2.1,0.0,25.6,9.1,9.45,"[[ 0.8976248  -1.3185642   0.86244106 ...  2.7041032  -3.597516
   2.897597  ]]",Calathus advena,Calathus advena,Calathus advena,Calathus advena
/fs/ess/PAS2136/Rayeed/BeetlePalooza/individual_images/A00000051525.jpg/f43c9af1-207e-405a-9b56-21ec6a3aa45d_6f35decb-c2d1-43cf-b5bc-e7267d1fda7f.png,Cratacanthus,Cratacanthus dubius,0.573176984844715,0.337006538812255,36.8,18.8,0.0,0.0,0.0,38.2,23.1,27.8,[[ 1.2601175 -1.2729892 -2.0344317 ...  2.8860552 -1.3415495  2.5080411]],Cratacanthus dubius,Cratacanthus dubius,Cratacanthus dubius,Cratacanthus dubius
/fs/ess/PAS2136/Rayeed/BeetlePalooza/individual_images/A00000046110.jpg/0635a29f-da76-4365-90e6-99cccca8c1c2_f0001b5a-d95b-4e56-9c45-63b5ae7e714b.png,Pterostichus,Pterostichus lachrymosus,0.905402361552243,0.464405406979748,25.0,17.5,0.5,0.5,0.0,29.2,8.7,21.25,[[ 2.1063743 -1.3922616 -1.6877319 ...  2.3396916 -5.383091   6.2826614]],Pterostichus lachrymosus,Pterostichus lachrymosus,Pterostichus lachrymosus,Pterostichus lachrymosus
/fs/ess/PAS2136/Rayeed/BeetlePalooza/individual_images/A00000033692.jpg/6d72e626-aa63-4a78-b3fe-44d5573cbe59_4f5eee62-cb3a-4b84-afe7-73864f7f6b61.png,Cymindis,Cymindis neglecta,0.43885829006878,0.212860933608465,27.1,16.7,2.7,2.7,0.0,38.9,14.1,21.9,"[[ 2.1313906  -1.5765096  -0.39641345 ...  1.5727226  -3.289452
   5.71213   ]]",Cymindis neglecta,Cymindis neglecta,Synuchus impunctatus,Cymindis neglecta
/fs/ess/PAS2136/Rayeed/BeetlePalooza/individual_images/A00000033569.jpg/ea3bcfa8-13dc-4940-97bf-5803cc4384f8_8fc9ec6a-1b99-496f-9dd9-0707213cc41d.png,Synuchus,Synuchus impunctatus,0.549533022460663,0.268500052357515,27.3,17.5,0.6,0.6,0.0,18.7,6.3,22.4,[[ 1.3523853 -1.7286881 -2.002102  ...  1.923946  -3.8601034  6.1818295]],Synuchus impunctatus,Synuchus impunctatus,Synuchus impunctatus,Synuchus impunctatus
/fs/ess/PAS2136/Rayeed/BeetlePalooza/individual_images/A00000046073.jpg/b6abe2d3-b974-4411-9646-a48e86a9fcde_f54a11e6-af37-449b-947d-debf6171150e.png,Carabus,Carabus goryi,1.18689263789953,0.622719004491375,26.9,17.6,5.2,5.2,0.0,35.6,12.4,22.25,[[ 1.4932775 -1.617686  -4.581521  ... -1.5399358 -3.8719394  5.2733254]],Carabus goryi,Carabus goryi,Carabus goryi,Carabus goryi
/fs/ess/PAS2136/Rayeed/BeetlePalooza/individual_images/GRSM_020.20180417.CARGOR.01.jpg/7a3911e3-2529-4b50-a62f-04cdf3c76421_6809dcdb-9566-435f-bf07-cd7bb7d51d75.png,Carabus,Carabus goryi,1.29443252259651,0.629276695811627,17.2,-1.0,0.0,0.0,0.0,60.1,19.8,8.1,"[[ 1.4064773  -0.9762244  -4.601449   ... -0.03908198 -5.143558
   5.474636  ]]",Carabus goryi,Carabus goryi,Carabus goryi,Carabus goryi
/fs/ess/PAS2136/Rayeed/BeetlePalooza/individual_images/A00000049769.jpg/6115b2eb-940d-4294-a2a2-09378e7a36eb_c9fc108d-5dc9-45a6-9998-956d053ead5e.png,Cyclotrachelus,Cyclotrachelus torvus,0.989019374591703,0.561910101125842,29.1,16.2,0.0,0.0,0.0,33.8,17.9,22.65,[[ 1.837419  -1.2370169 -2.4997585 ...  0.9516393 -5.024153   2.8810833]],Cyclotrachelus torvus,Cyclotrachelus torvus,Cyclotrachelus torvus,Cyclotrachelus torvus
/fs/ess/PAS2136/Rayeed/BeetlePalooza/individual_images/A00000033687.jpg/31aa36df-5fa8-4cb7-9000-97b391c389ac_850c86b2-9629-48ea-bb13-87b64fe53922.png,Synuchus,Synuchus impunctatus,0.567974470082172,0.293047800602138,27.3,17.5,0.6,0.6,0.0,18.7,6.3,22.4,[[ 1.8047028 -1.6709538 -1.6502885 ...  1.3812313 -4.4433913  3.2866852]],Synuchus impunctatus,Synuchus impunctatus,Synuchus impunctatus,Synuchus impunctatus
/fs/ess/PAS2136/Rayeed/BeetlePalooza/individual_images/A00000046224.jpg/1301e93c-c1d2-4590-b450-ac2d37b611c5_db4fd08d-3cab-45c7-8627-2b754fd47ff6.png,Carabus,Carabus goryi,1.19533946013584,0.610890484302326,26.1,20.1,4.4,4.4,0.0,41.8,16.3,23.1,[[ 1.3160715 -2.5110664 -3.451016  ... -0.3073149 -1.6972078  6.220611 ]],Carabus goryi,Carabus goryi,Carabus goryi,Carabus goryi
/fs/ess/PAS2136/Rayeed/BeetlePalooza/individual_images/A00000033634.jpg/40d3e29c-5b18-481c-a50e-7237adce63bb_bbf6dbcc-80f8-459f-9071-92b73b802243.png,Sphaeroderus,Sphaeroderus stenostomus,0.73684662104331,0.470767056644389,20.2,7.0,0.0,0.0,0.0,30.6,12.1,13.6,"[[ 0.86349964 -1.8035944  -4.7396164  ...  0.57305396 -3.883894
   5.7360854 ]]",Carabus goryi,Carabus goryi,Carabus goryi,Carabus goryi
/fs/ess/PAS2136/Rayeed/BeetlePalooza/individual_images/A00000041433.jpg/5467de20-95db-4c29-8e19-b7ebfbbbb09e_51d59553-cde1-496d-97a6-bc7a123bdde9.png,Harpalus,Harpalus pensylvanicus,0.976500214007591,0.553097193440003,33.6,23.2,1.5,1.5,0.0,36.0,18.5,28.4,"[[ 2.5626626  -1.6531104  -1.6730947  ...  0.8646931  -0.79910094
   2.7032158 ]]",Harpalus pensylvanicus,Harpalus pensylvanicus,Harpalus pensylvanicus,Harpalus pensylvanicus
/fs/ess/PAS2136/Rayeed/BeetlePalooza/individual_images/A00000041653.jpg/e90dcb46-0b5a-4af9-9584-55792f09e2e5_cc3759a6-b1ba-4f2b-a31c-e03b43b0bd04.png,Harpalus,Harpalus amputatus,0.575786902471625,0.345331218719012,30.6,20.0,0.7,0.7,0.0,47.9,24.4,25.3,"[[ 1.3791778  -2.313212   -1.328682   ...  0.57758254  0.9081143
   3.963326  ]]",Cratacanthus dubius,Cratacanthus dubius,Cratacanthus dubius,Cratacanthus dubius
