ImageFilePath,ScientificName,Pred_NaiveBayes,Pred_LogisticRegression,Pred_SVMLinear,Pred_SVMPolynomial,Pred_SVMRadialBasis,Pred_NearestNeighbor,Pred_RandomForest,Pred_MLP_Baseline
/fs/ess/PAS2136/Rayeed/BeetlePalooza/individual_images/A00000008916.jpg/5e898cb6-c146-4bd6-9d0c-8d7a3bedd8c8_7fba9b0b-f16a-411d-b3d4-01ab538ee2e2.png,Pterostichus melanarius,Pterostichus melanarius,Pterostichus melanarius,Pterostichus melanarius,Calathus advena,Pterostichus melanarius,Pterostichus melanarius,Pterostichus melanarius,Pterostichus melanarius
/fs/ess/PAS2136/Rayeed/BeetlePalooza/individual_images/A00000051184.jpg/0e8dd76a-59ac-4c9a-a360-aee06500b51e_ff2cdc25-e319-4237-98ce-e88a5dc5d196.png,Euryderus grossus,Euryderus grossus,Euryderus grossus,Euryderus grossus,Euryderus grossus,Euryderus grossus,Euryderus grossus,Euryderus grossus,Euryderus grossus
/fs/ess/PAS2136/Rayeed/BeetlePalooza/individual_images/A00000051166.jpg/46535276-b912-4ac2-b4b8-8611c916db7b_fe71d356-8979-45a1-aeb7-ca476c887807.png,Selenophorus planipennis,Amara quenseli,Selenophorus planipennis,Selenophorus planipennis,Carabus goryi,Synuchus impunctatus,Synuchus impunctatus,Synuchus impunctatus,Selenophorus planipennis
/fs/ess/PAS2136/Rayeed/BeetlePalooza/individual_images/A00000033571.jpg/1130806e-3b99-46b1-9ca2-5b7efb188405_17e85760-356a-4756-9e04-776dbcb150f8.png,Synuchus impunctatus,Synuchus impunctatus,Synuchus impunctatus,Synuchus impunctatus,Calathus advena,Synuchus impunctatus,Synuchus impunctatus,Synuchus impunctatus,Synuchus impunctatus
/fs/ess/PAS2136/Rayeed/BeetlePalooza/individual_images/A00000059781.jpg/4dad787b-4718-4be2-a540-222dc97e8c5a_e4580df6-ad4d-4831-8d1b-4aad0e4ed1b2.png,Omus dejeanii,Carabus goryi,Carabus nemoralis,Carabus nemoralis,Carabus goryi,Carabus goryi,Carabus nemoralis,Carabus goryi,Omus dejeanii
/fs/ess/PAS2136/Rayeed/BeetlePalooza/individual_images/A00000051556.jpg/55593060-6faa-41b3-8ca5-dc4641cbdf5e_7af8b7b1-6b59-4610-b296-6f181da97d02.png,Pterostichus restrictus,Calathus advena,Calathus advena,Calathus advena,Calathus advena,Calathus advena,Calathus advena,Calathus advena,Calathus advena
/fs/ess/PAS2136/Rayeed/BeetlePalooza/individual_images/A00000012430.jpg/79b7155e-6d7f-4d81-be72-ac19bbf170f0_c0b173fb-16b5-4543-86ec-9740967b9ed2.png,Carabus goryi,Carabus goryi,Carabus goryi,Carabus goryi,Carabus goryi,Carabus goryi,Carabus goryi,Carabus goryi,Carabus goryi
/fs/ess/PAS2136/Rayeed/BeetlePalooza/individual_images/A00000046105.jpg/d3317d16-79d1-4e1c-9f9a-f9e836b206a9_9908683f-b276-466d-a97d-06a3536f1ea2.png,Carabus goryi,Carabus goryi,Carabus goryi,Carabus goryi,Calathus advena,Carabus goryi,Carabus goryi,Carabus goryi,Carabus goryi
/fs/ess/PAS2136/Rayeed/BeetlePalooza/individual_images/A00000069273.jpg/cc696828-b9a1-42aa-bed0-3df71110353b_6e6418dc-57e4-43ab-bf4b-4356ea638b70.png,Pterostichus trinarius,Synuchus impunctatus,Cyclotrachelus torvus,Cyclotrachelus torvus,Calathus advena,Calathus advena,Calathus advena,Calathus advena,Pterostichus melanarius
/fs/ess/PAS2136/Rayeed/BeetlePalooza/individual_images/A00000040689.jpg/381e6c5c-e7c6-4346-903a-e5a1737359e3_3ee0d7a5-dc6c-4a40-8db4-b6f34d1e2104.png,Synuchus impunctatus,Calathus advena,Synuchus impunctatus,Synuchus impunctatus,Calathus advena,Calathus advena,Calathus advena,Calathus advena,Synuchus impunctatus
/fs/ess/PAS2136/Rayeed/BeetlePalooza/individual_images/A00000046110.jpg/d6aca355-971e-40d6-9858-90d568362299_37da765c-787e-4994-a715-1ae49dd138db.png,Pterostichus lachrymosus,Pterostichus melanarius,Pterostichus lachrymosus,Pterostichus lachrymosus,Calathus advena,Pterostichus lachrymosus,Pterostichus lachrymosus,Pterostichus melanarius,Pterostichus lachrymosus
/fs/ess/PAS2136/Rayeed/BeetlePalooza/individual_images/A00000050022.jpg/e61f6517-5870-441a-bb77-4c38a25548c2_fabfb254-6e96-433b-9194-ebb236b6681b.png,Cyclotrachelus torvus,Cyclotrachelus torvus,Cyclotrachelus torvus,Cyclotrachelus torvus,Calathus advena,Cyclotrachelus torvus,Cyclotrachelus torvus,Cyclotrachelus torvus,Cyclotrachelus torvus
/fs/ess/PAS2136/Rayeed/BeetlePalooza/individual_images/A00000050026.jpg/79430b30-2e4d-4890-a9db-6e67c68804af_402b550b-61bb-46e4-8d0a-ef2e1b60a469.png,Cyclotrachelus torvus,Cyclotrachelus torvus,Cyclotrachelus torvus,Cyclotrachelus torvus,Calathus advena,Pterostichus melanarius,Cyclotrachelus torvus,Pterostichus melanarius,Cyclotrachelus torvus
/fs/ess/PAS2136/Rayeed/BeetlePalooza/individual_images/A00000046110.jpg/cf08a645-85b0-4043-b3be-d1d32465b9c3_0f82fb6b-cc64-4df4-8b1d-251f111ddca3.png,Pterostichus lachrymosus,Cyclotrachelus torvus,Pterostichus lachrymosus,Pterostichus melanarius,Calathus advena,Pterostichus melanarius,Pterostichus melanarius,Pterostichus melanarius,Pterostichus lachrymosus
/fs/ess/PAS2136/Rayeed/BeetlePalooza/individual_images/A00000051609.jpg/8641b474-7266-48dd-afb8-8e3391d3770a_964d73d4-f3a1-4806-b405-4553c16388f9.png,Amara quenseli,Amara quenseli,Calathus advena,Amara quenseli,Calathus advena,Amara quenseli,Amara quenseli,Amara quenseli,Calathus advena
/fs/ess/PAS2136/Rayeed/BeetlePalooza/individual_images/A00000046119.jpg/b1532ff5-322d-4688-afaf-269ae3d26645_90dd6b5f-6e22-4983-8915-c5d991e3e5df.png,Carabus goryi,Carabus goryi,Carabus goryi,Carabus goryi,Carabus goryi,Carabus goryi,Carabus goryi,Carabus goryi,Carabus goryi
/fs/ess/PAS2136/Rayeed/BeetlePalooza/individual_images/A00000049812.jpg/86633963-eaa2-4964-9ca4-9700caade649_0794db2e-9dfb-4c29-903d-a5c66cb00a90.png,Cyclotrachelus torvus,Pterostichus melanarius,Pterostichus novus,Cyclotrachelus torvus,Calathus advena,Pterostichus melanarius,Pterostichus melanarius,Carabus goryi,Cyclotrachelus torvus
/fs/ess/PAS2136/Rayeed/BeetlePalooza/individual_images/A00000046228.jpg/35d26b49-b683-451e-b968-30c7ff3274fc_cd0772f8-215f-4b31-8044-4d48c8270696.png,Carabus goryi,Carabus goryi,Carabus goryi,Carabus goryi,Calathus advena,Carabus goryi,Carabus goryi,Carabus goryi,Carabus goryi
/fs/ess/PAS2136/Rayeed/BeetlePalooza/individual_images/MLBS_009.W.20180522.CARABID.CARGOR(20).jpg/3f7c0503-420e-4b37-b7e7-32401b7c0f32_4f193629-8ed0-4476-8506-a6f23ed536a1.png,Carabus goryi,Carabus goryi,Carabus goryi,Carabus goryi,Carabus goryi,Carabus goryi,Carabus goryi,Carabus goryi,Carabus goryi
/fs/ess/PAS2136/Rayeed/BeetlePalooza/individual_images/A00000008978.jpg/e1755eaa-8c5d-438a-8a3f-2e2a1f725e14_e47edce2-9f87-46f1-805b-ad13a528e1a2.png,Carabus nemoralis,Calosoma affine,Carabus nemoralis,Carabus nemoralis,Calathus advena,Calosoma affine,Calosoma affine,Carabus goryi,Carabus nemoralis
/fs/ess/PAS2136/Rayeed/BeetlePalooza/individual_images/A00000032880.jpg/d21dbdee-45e2-4c00-bb43-285b71b98a4e_f24b89a3-d0ce-4652-a04e-7013e4d93d59.png,Carabus goryi,Carabus goryi,Carabus goryi,Carabus goryi,Carabus goryi,Carabus goryi,Carabus goryi,Carabus goryi,Carabus goryi
/fs/ess/PAS2136/Rayeed/BeetlePalooza/individual_images/A00000033601.jpg/ddbf7963-65c2-421c-89bc-e896b591416d_528ef885-5892-41be-a658-3d39f0021a57.png,Synuchus impunctatus,Synuchus impunctatus,Synuchus impunctatus,Synuchus impunctatus,Calathus advena,Synuchus impunctatus,Synuchus impunctatus,Synuchus impunctatus,Synuchus impunctatus
/fs/ess/PAS2136/Rayeed/BeetlePalooza/individual_images/A00000051537.jpg/4138b4d6-c128-4365-8464-7ad5af4b0519_5c84bc54-a5dc-4af8-9901-80a5bca0364f.png,Cratacanthus dubius,Cratacanthus dubius,Cratacanthus dubius,Cratacanthus dubius,Calathus advena,Cratacanthus dubius,Cratacanthus dubius,Cratacanthus dubius,Cratacanthus dubius
/fs/ess/PAS2136/Rayeed/BeetlePalooza/individual_images/A00000051531.jpg/7a9a9e71-1806-4b2b-840b-14180e57d9e3_d62b48a1-5611-43aa-9280-d75726dcb2e6.png,Cratacanthus dubius,Synuchus impunctatus,Cratacanthus dubius,Cratacanthus dubius,Calathus advena,Synuchus impunctatus,Synuchus impunctatus,Synuchus impunctatus,Cratacanthus dubius
/fs/ess/PAS2136/Rayeed/BeetlePalooza/individual_images/A00000059776.jpg/97cab38f-67ba-4957-8cbd-6cd41867427c_41301a59-b8b5-4bc9-a3bd-2f67889fadf3.png,Scaphinotus angusticollis,Carabus goryi,Scaphinotus angusticollis,Scaphinotus angusticollis,Carabus goryi,Carabus goryi,Carabus goryi,Carabus goryi,Scaphinotus angusticollis
/fs/ess/PAS2136/Rayeed/BeetlePalooza/individual_images/A00000033688.jpg/a855f156-d29f-4a0d-b05b-1f15f8793dab_956ccb04-dccd-4f5b-a006-0a2af809242d.png,Synuchus impunctatus,Synuchus impunctatus,Synuchus impunctatus,Synuchus impunctatus,Synuchus impunctatus,Synuchus impunctatus,Synuchus impunctatus,Synuchus impunctatus,Synuchus impunctatus
/fs/ess/PAS2136/Rayeed/BeetlePalooza/individual_images/A00000008918.jpg/8ee04665-30c8-4958-acd4-dc017d28002b_eca6a321-9f75-49ea-8728-35e694e9e663.png,Pterostichus melanarius,Pterostichus melanarius,Pterostichus melanarius,Pterostichus melanarius,Calathus advena,Pterostichus melanarius,Pterostichus lachrymosus,Pterostichus melanarius,Pterostichus melanarius
/fs/ess/PAS2136/Rayeed/BeetlePalooza/individual_images/A00000040677.jpg/0a27aa20-ea0b-4a3a-b2a9-b5e0773d5ec6_82b67463-9dc9-4182-98fa-3b4c8d599de5.png,Pterostichus melanarius,Pterostichus lachrymosus,Pterostichus melanarius,Pterostichus melanarius,Calathus advena,Pterostichus lachrymosus,Pterostichus lachrymosus,Pterostichus melanarius,Pterostichus melanarius
/fs/ess/PAS2136/Rayeed/BeetlePalooza/individual_images/CPER_006.E.20180524.AXIBIP.01(11).jpg/12bd4739-2368-4c99-9f35-2e831f8c877d_df5d959a-cb38-4a6c-a798-f5e43305ea5d.png,Axinopalpus biplagiatus,Amara quenseli,Syntomus americanus,Syntomus americanus,Syntomus americanus,Calathus advena,Syntomus americanus,Amara quenseli,Syntomus americanus
/fs/ess/PAS2136/Rayeed/BeetlePalooza/individual_images/A00000046298.jpg/3aca9280-aa27-4c85-b786-8b55782e178f_83d5f084-bf25-4781-9ce7-cc42f5084609.png,Carabus goryi,Carabus goryi,Carabus goryi,Carabus goryi,Carabus goryi,Carabus goryi,Carabus goryi,Carabus goryi,Carabus goryi
/fs/ess/PAS2136/Rayeed/BeetlePalooza/individual_images/A00000046185.jpg/353f99a5-5b5f-493b-9af2-a1cf0e11dc18_de6e73c2-4a57-4f6b-8a68-f97967953d6f.png,Pterostichus acutipes,Synuchus impunctatus,Synuchus impunctatus,Pterostichus restrictus,Calathus advena,Synuchus impunctatus,Pterostichus restrictus,Synuchus impunctatus,Synuchus impunctatus
/fs/ess/PAS2136/Rayeed/BeetlePalooza/individual_images/A00000034550.jpg/0b19b8e8-c5cb-44b7-aa67-6cf0acbc3afc_6d2cc9cb-1326-4de9-a431-faae30181335.png,Anisodactylus ovularis,Harpalus pensylvanicus,Harpalus pensylvanicus,Harpalus pensylvanicus,Calathus advena,Harpalus pensylvanicus,Anisodactylus dulcicollis,Harpalus pensylvanicus,Harpalus pensylvanicus
/fs/ess/PAS2136/Rayeed/BeetlePalooza/individual_images/A00000040688.jpg/c6c53cbc-fde6-4c21-b7ef-e452145d1193_354a1774-a6d7-41da-a0af-629af0acae83.png,Synuchus impunctatus,Calathus advena,Synuchus impunctatus,Synuchus impunctatus,Calathus advena,Synuchus impunctatus,Calathus advena,Calathus advena,Synuchus impunctatus
/fs/ess/PAS2136/Rayeed/BeetlePalooza/individual_images/A00000051584.jpg/31403efc-92da-445a-b848-2e46b5b4d14b_ffa51d95-26a6-41e4-a4b1-4d9180a9eca4.png,Pterostichus restrictus,Synuchus impunctatus,Pterostichus restrictus,Pterostichus restrictus,Calathus advena,Pterostichus restrictus,Pterostichus restrictus,Synuchus impunctatus,Pterostichus restrictus
/fs/ess/PAS2136/Rayeed/BeetlePalooza/individual_images/A00000049812.jpg/f5558c9f-db75-4d16-a2ef-d78d8b6af1fd_83dea7d4-4e4e-46fc-8c71-a8a43e897da8.png,Cyclotrachelus torvus,Pterostichus melanarius,Cyclotrachelus torvus,Cyclotrachelus torvus,Calathus advena,Pterostichus melanarius,Pterostichus melanarius,Pterostichus melanarius,Cyclotrachelus torvus
/fs/ess/PAS2136/Rayeed/BeetlePalooza/individual_images/A00000051186.jpg/40a56de3-e2b4-4b3d-816f-1da1990057ae_d0568014-aa32-4288-a6b8-f98aeb694fba.png,Pasimachus elongatus,Pterostichus melanarius,Pasimachus elongatus,Pasimachus elongatus,Calathus advena,Pasimachus elongatus,Pasimachus elongatus,Pasimachus elongatus,Pasimachus elongatus
/fs/ess/PAS2136/Rayeed/BeetlePalooza/individual_images/A00000046070.jpg/3ba5b31a-ef83-49f3-8849-12088faeb4cf_98e4c2e5-8414-4dfc-8ef0-c267255ab8ca.png,Carabus goryi,Carabus goryi,Carabus goryi,Carabus goryi,Carabus goryi,Carabus goryi,Carabus goryi,Carabus goryi,Carabus goryi
/fs/ess/PAS2136/Rayeed/BeetlePalooza/individual_images/CPER_004.E.20180621.EURGRO.01(15).jpg/221f1bab-3b60-438e-9d26-41711a1fd56c_40dcc869-e0c0-4d4b-862c-fc3dfc71bea0.png,Euryderus grossus,Synuchus impunctatus,Euryderus grossus,Euryderus grossus,Carabus goryi,Harpalus pensylvanicus,Harpalus pensylvanicus,Synuchus impunctatus,Euryderus grossus
/fs/ess/PAS2136/Rayeed/BeetlePalooza/individual_images/A00000044094.jpg/ce41b466-b037-4614-b6ed-599ee92451ad_c34a2189-4ad5-4d85-92a6-b83df6c8b4c3.png,Carabus goryi,Carabus goryi,Carabus goryi,Carabus goryi,Carabus goryi,Carabus goryi,Carabus goryi,Carabus goryi,Carabus goryi
/fs/ess/PAS2136/Rayeed/BeetlePalooza/individual_images/A00000032878.jpg/3019d48f-c837-4797-b12c-73675829dd55_62039b81-a4c7-4171-8736-e06a1c39c03c.png,Cymindis neglecta,Cymindis neglecta,Cymindis neglecta,Cymindis neglecta,Cymindis neglecta,Synuchus impunctatus,Synuchus impunctatus,Synuchus impunctatus,Cymindis neglecta
/fs/ess/PAS2136/Rayeed/BeetlePalooza/individual_images/A00000051523.jpg/985839f5-d7ff-49d1-8cb1-b6d5231c3a01_6f3e81a0-5217-42f2-845f-127dc8719f2e.png,Pasimachus elongatus,Carabus nemoralis,Pasimachus depressus,Calosoma affine,Calathus advena,Carabus goryi,Calosoma affine,Carabus goryi,Pasimachus elongatus
/fs/ess/PAS2136/Rayeed/BeetlePalooza/individual_images/A00000012427.jpg/3fbdf338-b403-495f-b18e-40382b3d83b4_29bbad20-8249-4d79-9471-3e67ab52df4c.png,Carabus goryi,Calosoma affine,Carabus goryi,Carabus goryi,Calathus advena,Carabus goryi,Carabus goryi,Carabus goryi,Carabus goryi
/fs/ess/PAS2136/Rayeed/BeetlePalooza/individual_images/A00000051587.jpg/cae9871d-4331-4cbf-aa72-60ca3f0a460c_cd1bb6f2-a877-4c32-9d08-5972393437ca.png,Calathus advena,Calathus advena,Calathus advena,Calathus advena,Calathus advena,Calathus advena,Calathus advena,Calathus advena,Calathus advena
/fs/ess/PAS2136/Rayeed/BeetlePalooza/individual_images/MOAB_001.S.20180724.jpg/dc0d1993-4c77-4a12-bc6a-d5742cfed056_91940a96-5ab0-47a4-87c9-b8695659208c.png,,Calathus advena,Scaphinotus angusticollis,Agonum punctiforme,Calathus advena,Calathus advena,Synuchus impunctatus,Calathus advena,
/fs/ess/PAS2136/Rayeed/BeetlePalooza/individual_images/A00000040699.jpg/97973af7-e138-4bf8-99ef-a733c3b0cb06_78840110-85c2-4347-afca-b63f6b2642a1.png,Synuchus impunctatus,Calathus advena,Synuchus impunctatus,Synuchus impunctatus,Calathus advena,Calathus advena,Calathus advena,Calathus advena,Synuchus impunctatus
/fs/ess/PAS2136/Rayeed/BeetlePalooza/individual_images/A00000050019.jpg/a3cf203e-a83f-47ef-b3aa-55b2c00f367d_ab093340-1c05-40a7-b7cd-dcb54eb0ff40.png,Carabus maeander,Pterostichus melanarius,Carabus maeander,Carabus maeander,Calathus advena,Carabus goryi,Carabus goryi,Carabus goryi,Carabus maeander
/fs/ess/PAS2136/Rayeed/BeetlePalooza/individual_images/A00000046177.jpg/02fd6281-20e6-4f43-94ed-abc0c19054d0_1ba96bcd-1bfa-4c14-a708-4c068894a8aa.png,Pterostichus lachrymosus,Pterostichus lachrymosus,Pterostichus lachrymosus,Pterostichus lachrymosus,Calathus advena,Pterostichus lachrymosus,Cyclotrachelus torvus,Pterostichus melanarius,Pterostichus lachrymosus
/fs/ess/PAS2136/Rayeed/BeetlePalooza/individual_images/A00000012433.jpg/dd6fbb1e-699d-46ff-abd8-01736d22b4c1_1059fbfc-4dd7-489c-b325-cf57ba4b01bf.png,Carabus goryi,Carabus goryi,Carabus goryi,Carabus goryi,Carabus goryi,Carabus goryi,Carabus goryi,Carabus goryi,Carabus goryi
/fs/ess/PAS2136/Rayeed/BeetlePalooza/individual_images/A00000051581.jpg/a357d3ae-2f05-4c25-aa40-dc97963ca811_c09aac09-8aae-4c73-80e2-1561cb754345.png,Calathus advena,Synuchus impunctatus,Amara quenseli,Amara quenseli,Calathus advena,Synuchus impunctatus,Synuchus impunctatus,Synuchus impunctatus,Amara quenseli
/fs/ess/PAS2136/Rayeed/BeetlePalooza/individual_images/A00000051161.jpg/61eccf9d-262b-401f-955b-818f1a9638a9_032d20ed-0313-47cd-9400-a5d61f517aac.png,Selenophorus planipennis,Amara quenseli,Discoderus parallelus,Discoderus parallelus,Carabus goryi,Amara quenseli,Discoderus parallelus,Amara quenseli,Amara quenseli
/fs/ess/PAS2136/Rayeed/BeetlePalooza/individual_images/A00000050039.jpg/95c98c84-2c8d-4b87-8ba8-736af3a5ca97_a885a42a-be84-472f-a264-ff75fe019d69.png,Pterostichus melanarius,Cyclotrachelus torvus,Cyclotrachelus torvus,Pterostichus melanarius,Calathus advena,Pterostichus melanarius,Pterostichus melanarius,Pterostichus melanarius,Cyclotrachelus torvus
/fs/ess/PAS2136/Rayeed/BeetlePalooza/individual_images/A00000034554.jpg/bc030c32-9020-4766-b594-9be4070145d8_fa567edc-758e-42a2-9f12-48c526b5ed30.png,Chlaenius aestivus,Chlaenius aestivus,Chlaenius aestivus,Chlaenius aestivus,Calathus advena,Chlaenius aestivus,Chlaenius aestivus,Chlaenius aestivus,Chlaenius aestivus
/fs/ess/PAS2136/Rayeed/BeetlePalooza/individual_images/A00000051555_2.jpg/9c18cfe3-f770-42b7-a698-83a3f3f813b0_7c63b07f-5ee3-46d2-a91c-7b3d0d7e621c.png,Calathus advena,Calathus advena,Calathus advena,Calathus advena,Calathus advena,Calathus advena,Calathus advena,Calathus advena,Calathus advena
/fs/ess/PAS2136/Rayeed/BeetlePalooza/individual_images/A00000050036.jpg/af11be16-6bc3-48aa-ad38-068d0812500f_52bc3614-5ab3-4c4b-8cc1-5a196fea8368.png,Pterostichus melanarius,Harpalus pensylvanicus,Pterostichus melanarius,Pterostichus melanarius,Calathus advena,Pterostichus lachrymosus,Harpalus pensylvanicus,Harpalus pensylvanicus,Pterostichus melanarius
/fs/ess/PAS2136/Rayeed/BeetlePalooza/individual_images/A00000059782.jpg/2a225cb4-10c2-41c0-a78a-8080055efe9a_e06e027f-a04a-4409-a66b-79ee6b3151e6.png,Omus dejeanii,Carabus goryi,Carabus goryi,Carabus goryi,Calathus advena,Carabus goryi,Carabus goryi,Carabus goryi,Carabus goryi
/fs/ess/PAS2136/Rayeed/BeetlePalooza/individual_images/A00000051587.jpg/30157bd2-b980-451d-8df0-e736944458ee_7d4e8244-4a87-4673-99ac-75bbaf0a5135.png,Calathus advena,Synuchus impunctatus,Calathus advena,Calathus advena,Calathus advena,Synuchus impunctatus,Synuchus impunctatus,Synuchus impunctatus,Calathus advena
/fs/ess/PAS2136/Rayeed/BeetlePalooza/individual_images/A00000051548.jpg/9977340a-7e27-440b-ae13-93cea45e13e3_da050e72-cf98-4ad7-a8ac-b3933b9fbd0b.png,Pterostichus protractus,Pterostichus lachrymosus,Pterostichus coracinus,Pterostichus coracinus,Calathus advena,Pterostichus lachrymosus,Pterostichus lachrymosus,Pterostichus lachrymosus,Cyclotrachelus torvus
/fs/ess/PAS2136/Rayeed/BeetlePalooza/individual_images/A00000050035.jpg/f7fd97b9-1b4e-4dc0-8122-aff15fab6142_57d4a8f7-e308-4db0-ad17-ea55468c3645.png,Pterostichus melanarius,Pterostichus melanarius,Pterostichus melanarius,Pterostichus melanarius,Pterostichus melanarius,Pterostichus melanarius,Pterostichus melanarius,Carabus goryi,Pterostichus melanarius
/fs/ess/PAS2136/Rayeed/BeetlePalooza/individual_images/MLBS_002.E.20180522.CARABID.D.CARGOR(30).jpg/931719d3-ca8d-4b1d-9f72-6ed3dc6af888_426169d4-3644-4048-8355-75ab37bbb26b.png,Carabus goryi,Carabus goryi,Carabus goryi,Carabus goryi,Carabus goryi,Carabus goryi,Carabus goryi,Carabus goryi,Carabus goryi
/fs/ess/PAS2136/Rayeed/BeetlePalooza/individual_images/A00000040687.jpg/22532347-75ac-4334-bd77-cb6911209969_921a09ba-e64e-4d9e-b055-d727543643dc.png,Synuchus impunctatus,Calathus advena,Synuchus impunctatus,Synuchus impunctatus,Calathus advena,Calathus advena,Calathus advena,Calathus advena,Synuchus impunctatus
/fs/ess/PAS2136/Rayeed/BeetlePalooza/individual_images/A00000051598.jpg/2e87387a-eb64-41d4-9401-36b894162e8f_9bf5d54e-911a-42eb-8692-43096c8c64b4.png,Calathus advena,Calathus advena,Calathus advena,Calathus advena,Calathus advena,Calathus advena,Carabus goryi,Calathus advena,Calathus advena
/fs/ess/PAS2136/Rayeed/BeetlePalooza/individual_images/A00000046072.jpg/fe64642f-0610-411b-a38e-ac4bcb34e59c_0ec763b0-ceda-40e7-bb2e-4965342b6740.png,Carabus goryi,Carabus goryi,Carabus goryi,Carabus goryi,Carabus goryi,Carabus goryi,Carabus goryi,Carabus goryi,Carabus goryi
/fs/ess/PAS2136/Rayeed/BeetlePalooza/individual_images/A00000051179.jpg/06872a90-3feb-49a4-8c60-40b9f6457d0d_7fc79638-0e59-4539-9f31-58575803da1d.png,Euryderus grossus,Euryderus grossus,Euryderus grossus,Euryderus grossus,Euryderus grossus,Euryderus grossus,Euryderus grossus,Euryderus grossus,Euryderus grossus
/fs/ess/PAS2136/Rayeed/BeetlePalooza/individual_images/A00000049760.jpg/26a93e47-f954-42b1-93ef-3f8e695b9690_b1f85162-3d33-4ce6-bc50-a97f3dc64d4a.png,Cyclotrachelus torvus,Pterostichus melanarius,Pterostichus lachrymosus,Pterostichus lachrymosus,Calathus advena,Pterostichus melanarius,Pterostichus lachrymosus,Pterostichus melanarius,Pterostichus lachrymosus
/fs/ess/PAS2136/Rayeed/BeetlePalooza/individual_images/A00000051524.jpg/a3f1c6b9-aca7-491d-9202-a2481257acbc_4900ed5a-bdf4-46b4-bb27-9b498c60221a.png,Anisodactylus rusticus,Amara quenseli,Euryderus grossus,Anisodactylus opaculus,Harpalus pensylvanicus,Synuchus impunctatus,Synuchus impunctatus,Harpalus pensylvanicus,Anisodactylus rusticus
/fs/ess/PAS2136/Rayeed/BeetlePalooza/individual_images/A00000009171.jpg/db3bdadf-d659-4bff-94e9-2c329095e4c5_41cbe9c0-34a9-4e13-af5e-8da804880ce4.png,Carabus nemoralis,Carabus nemoralis,Carabus nemoralis,Carabus nemoralis,Carabus nemoralis,Carabus nemoralis,Carabus nemoralis,Carabus nemoralis,Carabus nemoralis
/fs/ess/PAS2136/Rayeed/BeetlePalooza/individual_images/A00000046183.jpg/fcc7804b-cb86-4d72-adc2-f67e00163b43_6d628622-d6cb-4547-963f-1e4e61507901.png,Pterostichus lachrymosus,Cyclotrachelus torvus,Cyclotrachelus torvus,Cyclotrachelus torvus,Calathus advena,Cyclotrachelus torvus,Cyclotrachelus torvus,Carabus goryi,Cyclotrachelus torvus
/fs/ess/PAS2136/Rayeed/BeetlePalooza/individual_images/A00000051186.jpg/0bc2d652-b2e8-4724-956f-57a972b5ff07_99946a6a-c70f-4108-a861-02ff60268734.png,Pasimachus elongatus,Pasimachus elongatus,Pasimachus elongatus,Pasimachus elongatus,Calathus advena,Pasimachus elongatus,Pasimachus elongatus,Pasimachus elongatus,Pasimachus elongatus
/fs/ess/PAS2136/Rayeed/BeetlePalooza/individual_images/A00000059776.jpg/9bd7f1b1-2b96-44f3-830b-0ca83a1b3bf4_6defe07a-56cd-4694-af3b-653854ae9166.png,Scaphinotus angusticollis,Scaphinotus angusticollis,Scaphinotus angusticollis,Scaphinotus angusticollis,Carabus goryi,Carabus goryi,Carabus goryi,Carabus goryi,Scaphinotus angusticollis
/fs/ess/PAS2136/Rayeed/BeetlePalooza/individual_images/A00000046172.jpg/03bf5363-652f-4ebe-94a6-4349104ebe5b_538b5f90-c5ea-446b-b993-c3da50d4de8a.png,Pterostichus lachrymosus,Pterostichus lachrymosus,Pterostichus lachrymosus,Pterostichus lachrymosus,Calathus advena,Pterostichus lachrymosus,Pterostichus melanarius,Pterostichus lachrymosus,Pterostichus lachrymosus
/fs/ess/PAS2136/Rayeed/BeetlePalooza/individual_images/A00000033636.jpg/04cb7aab-6fe9-4a53-9b91-a1c3f6b28fd5_9292d179-98b5-4e97-8b90-867f3bf9cf69.png,Synuchus impunctatus,Synuchus impunctatus,Synuchus impunctatus,Synuchus impunctatus,Calathus advena,Synuchus impunctatus,Synuchus impunctatus,Synuchus impunctatus,Synuchus impunctatus
/fs/ess/PAS2136/Rayeed/BeetlePalooza/individual_images/A00000050019.jpg/9f7784bf-5b5d-4ff3-96f4-5cc7484bd0f1_e209d4a4-8220-4669-895a-15298ad75430.png,Carabus maeander,Carabus goryi,Carabus goryi,Carabus maeander,Calathus advena,Carabus goryi,Carabus goryi,Carabus goryi,Carabus goryi
/fs/ess/PAS2136/Rayeed/BeetlePalooza/individual_images/A00000051179.jpg/1dab5b6d-4ad0-4b24-8d1e-b901457ec131_bc290aab-380c-4618-b00a-e92c7ad871ec.png,Euryderus grossus,Euryderus grossus,Euryderus grossus,Euryderus grossus,Calathus advena,Euryderus grossus,Euryderus grossus,Euryderus grossus,Euryderus grossus
/fs/ess/PAS2136/Rayeed/BeetlePalooza/individual_images/A00000049745.jpg/b5d7834f-09ce-4aba-b80b-7603b3a7240f_553fb004-14d4-465d-9834-470a71060599.png,Pasimachus elongatus,Calosoma affine,Pasimachus elongatus,Pasimachus elongatus,Calathus advena,Pasimachus elongatus,Pterostichus melanarius,Pasimachus elongatus,Pasimachus elongatus
/fs/ess/PAS2136/Rayeed/BeetlePalooza/individual_images/A00000059780.jpg/5a59b7bc-71e3-4ea3-bf29-60b3880a4d4f_ab0697e9-33ba-42dd-9713-b6dbe340e500.png,Omus dejeanii,Carabus goryi,Carabus goryi,Carabus goryi,Carabus goryi,Carabus goryi,Carabus goryi,Carabus goryi,Carabus goryi
/fs/ess/PAS2136/Rayeed/BeetlePalooza/individual_images/A00000051547.jpg/aa0038b8-d141-4429-b168-efa9f6a28dba_ad9781eb-f24f-47d2-b046-2c9317881d34.png,Pterostichus protractus,Pterostichus restrictus,Pterostichus melanarius,Pterostichus lachrymosus,Calathus advena,Pterostichus lachrymosus,Pterostichus lachrymosus,Synuchus impunctatus,Pterostichus restrictus
/fs/ess/PAS2136/Rayeed/BeetlePalooza/individual_images/A00000012961.jpg/877ada85-4266-4ca4-a97b-547a57882cd1_daa8f38f-dc79-41ad-a95a-13a727e759a7.png,Carabus goryi,Carabus goryi,Carabus goryi,Carabus goryi,Carabus goryi,Carabus goryi,Carabus goryi,Carabus goryi,Carabus goryi
/fs/ess/PAS2136/Rayeed/BeetlePalooza/individual_images/A00000056857.jpg/8f6ae8aa-1a89-421c-bad0-cd92a24a7633_59056bb1-65a1-499e-839c-b015c8ef3149.png,Amara quenseli,Amara quenseli,Amara quenseli,Amara quenseli,Carabus goryi,Amara quenseli,Cratacanthus dubius,Amara quenseli,Amara quenseli
/fs/ess/PAS2136/Rayeed/BeetlePalooza/individual_images/A00000051179.jpg/63e74969-90f1-48c1-829c-ab87a1b0a4d6_f630bb31-fea9-473f-91ab-34c2486e7193.png,Euryderus grossus,Euryderus grossus,Euryderus grossus,Euryderus grossus,Euryderus grossus,Euryderus grossus,Euryderus grossus,Euryderus grossus,Euryderus grossus
/fs/ess/PAS2136/Rayeed/BeetlePalooza/individual_images/A00000050030.jpg/eaf32a7e-2f14-4547-b3fc-40fa9f7c70e9_8b771ae9-7570-49fc-b76d-c7e666316c2b.png,Pterostichus melanarius,Pterostichus melanarius,Pterostichus melanarius,Pterostichus melanarius,Calathus advena,Pterostichus melanarius,Pterostichus melanarius,Pterostichus melanarius,Pterostichus melanarius
/fs/ess/PAS2136/Rayeed/BeetlePalooza/individual_images/B00000006743.jpg/4d3a1085-c247-4ca9-b8e4-d10262f58ce9_9974fa9e-53b9-4a04-87aa-70a22139b83f.png,Synuchus impunctatus,Pterostichus restrictus,Synuchus impunctatus,Synuchus impunctatus,Calathus advena,Calathus advena,Calathus advena,Calathus advena,Synuchus impunctatus
/fs/ess/PAS2136/Rayeed/BeetlePalooza/individual_images/A00000051605.jpg/ee662f99-7bf2-474d-a4b5-eee027f67e10_f35636ed-7621-4ee4-88c0-c6d567b7e902.png,Calathus advena,Calathus advena,Calathus advena,Calathus advena,Calathus advena,Calathus advena,Calathus advena,Calathus advena,Calathus advena
/fs/ess/PAS2136/Rayeed/BeetlePalooza/individual_images/GRSM_022.20180417.CARGOR.01.jpg/7ad937e5-1503-4f8c-8896-aa80fb1256b1_c44c5c90-1ddf-49ca-a257-cdf7f0306586.png,Carabus goryi,Carabus goryi,Carabus goryi,Carabus goryi,Carabus goryi,Carabus goryi,Carabus goryi,Carabus goryi,Carabus goryi
/fs/ess/PAS2136/Rayeed/BeetlePalooza/individual_images/A00000049746.jpg/a4f12f1d-5621-470f-ab94-ce88aa932372_0e7e7dd2-8427-48f2-864e-813093bef56d.png,Cyclotrachelus torvus,Pterostichus melanarius,Cyclotrachelus torvus,Pterostichus novus,Calathus advena,Pterostichus lachrymosus,Pterostichus lachrymosus,Carabus goryi,Cyclotrachelus torvus
/fs/ess/PAS2136/Rayeed/BeetlePalooza/individual_images/A00000050021.jpg/77276e12-41e0-4027-9ea5-9af46204df45_5f109ead-0276-403d-8b2a-f77d5ba228c0.png,Cyclotrachelus torvus,Pterostichus melanarius,Cyclotrachelus torvus,Cyclotrachelus torvus,Calathus advena,Pterostichus melanarius,Cyclotrachelus torvus,Cyclotrachelus torvus,Cyclotrachelus torvus
/fs/ess/PAS2136/Rayeed/BeetlePalooza/individual_images/A00000069258.jpg/ac9673a4-7a75-4f72-8329-53495bcad676_71c29bf4-ec85-4fd2-bff7-5c9c50e9d251.png,Poecilus lucublandus,Calosoma affine,Syntomus americanus,Syntomus americanus,Calosoma affine,Calathus advena,Axinopalpus biplagiatus,Carabus goryi,Syntomus americanus
/fs/ess/PAS2136/Rayeed/BeetlePalooza/individual_images/A00000009168.jpg/5406b81b-886a-4f29-8b22-71303749dbf6_09ef255d-3e91-413e-851a-7c8d658a483a.png,Carabus nemoralis,Calosoma affine,Carabus nemoralis,Carabus nemoralis,Calathus advena,Carabus nemoralis,Carabus goryi,Carabus goryi,Carabus nemoralis
/fs/ess/PAS2136/Rayeed/BeetlePalooza/individual_images/A00000051616.jpg/b1d5c714-0989-4fef-a290-e52214f7197a_2055a2e9-afbe-4894-9581-11c73b02f970.png,Calathus advena,Calathus advena,Calathus advena,Calathus advena,Calathus advena,Calathus advena,Calathus advena,Calathus advena,Calathus advena
/fs/ess/PAS2136/Rayeed/BeetlePalooza/individual_images/A00000040676.jpg/7e5e3ae4-0662-48b7-af88-e10515010408_87d98b3c-dd94-46a7-96c2-4f0b9a77c744.png,Pterostichus melanarius,Pterostichus lachrymosus,Pterostichus melanarius,Pterostichus melanarius,Calathus advena,Pterostichus melanarius,Cyclotrachelus torvus,Pterostichus melanarius,Pterostichus melanarius
/fs/ess/PAS2136/Rayeed/BeetlePalooza/individual_images/A00000044566.jpg/ba224215-ed6c-404a-8b27-a139986cb865_ff884dbd-fc7e-4f18-aef5-3d86084acb28.png,Carabus goryi,Cyclotrachelus torvus,Carabus goryi,Carabus goryi,Calathus advena,Carabus goryi,Carabus goryi,Carabus goryi,Carabus goryi
/fs/ess/PAS2136/Rayeed/BeetlePalooza/individual_images/A00000051559.jpg/8f528df9-078d-41bc-a584-f07020b7104f_3e491189-b9a9-4366-8287-6e9570babf1b.png,Calathus advena,Calathus advena,Calathus advena,Calathus advena,Calathus advena,Calathus advena,Calathus advena,Calathus advena,Calathus advena
/fs/ess/PAS2136/Rayeed/BeetlePalooza/individual_images/A00000034570.jpg/5134385b-879c-480f-ac63-509d74f3b114_5a90c1ab-4d01-4ecf-ba01-37c953ac8c3d.png,Anisodactylus dulcicollis,Pterostichus melanarius,Cratacanthus dubius,Cratacanthus dubius,Calathus advena,Cratacanthus dubius,Pterostichus melanarius,Cratacanthus dubius,Cratacanthus dubius
/fs/ess/PAS2136/Rayeed/BeetlePalooza/individual_images/A00000051627.jpg/f91430ac-95cb-4b6b-b36a-75a2c80b4d53_aaa3381f-ede9-49af-bb7e-b31bfc764bd0.png,Carabus taedatus,Carabus goryi,Carabus goryi,Carabus taedatus,Carabus goryi,Carabus goryi,Carabus goryi,Carabus goryi,Carabus goryi
/fs/ess/PAS2136/Rayeed/BeetlePalooza/individual_images/A00000008984.jpg/d63871db-471a-4c27-8c50-96ccb4703fd2_717db5c0-0fe1-4de5-aa3a-2876f75b909d.png,Carabus nemoralis,Carabus nemoralis,Carabus nemoralis,Carabus nemoralis,Calathus advena,Carabus nemoralis,Carabus nemoralis,Carabus nemoralis,Carabus nemoralis
/fs/ess/PAS2136/Rayeed/BeetlePalooza/individual_images/A00000032979.jpg/442807b5-affb-4d80-b9a2-adcd4632cd6c_be55b8b0-19ab-44a5-b509-ba5e86be4af8.png,Cymindis neglecta,Synuchus impunctatus,Cymindis cribricollis,Cymindis cribricollis,Calathus advena,Synuchus impunctatus,Cymindis cribricollis,Synuchus impunctatus,Cymindis neglecta
/fs/ess/PAS2136/Rayeed/BeetlePalooza/individual_images/MLBS_009.E.20180522.CARABIDS.01.jpg/1fbcd8b5-35b0-4103-9973-71cff9da47cc_7d68635a-248b-471c-922b-83c4f8aa5a36.png,Pterostichus coracinus,Carabus goryi,Carabus goryi,Carabus goryi,Carabus goryi,Carabus goryi,Carabus goryi,Carabus goryi,Carabus goryi
/fs/ess/PAS2136/Rayeed/BeetlePalooza/individual_images/A00000041436.jpg/a7567a12-159b-42b2-9a13-3a3723d090e7_d6358da7-ee51-486a-bf68-8b31fb815ca1.png,Harpalus pensylvanicus,Harpalus pensylvanicus,Harpalus pensylvanicus,Harpalus pensylvanicus,Calathus advena,Harpalus pensylvanicus,Harpalus pensylvanicus,Pterostichus melanarius,Harpalus pensylvanicus
/fs/ess/PAS2136/Rayeed/BeetlePalooza/individual_images/A00000051543.jpg/b536c150-8834-4b0d-aabf-d0005c22e852_f503211a-4a94-46ab-b7c9-28f640eb6971.png,Harpalus caliginosus,Harpalus pensylvanicus,Pterostichus melanarius,Harpalus pensylvanicus,Calathus advena,Harpalus pensylvanicus,Pterostichus melanarius,Pterostichus melanarius,Harpalus pensylvanicus
/fs/ess/PAS2136/Rayeed/BeetlePalooza/individual_images/A00000040689.jpg/37af10fe-d581-42a0-a114-ade7c3ddd694_6c1d41fa-ad31-4ae0-8628-65e605125750.png,Synuchus impunctatus,Calathus advena,Synuchus impunctatus,Synuchus impunctatus,Calathus advena,Calathus advena,Synuchus impunctatus,Calathus advena,Synuchus impunctatus
/fs/ess/PAS2136/Rayeed/BeetlePalooza/individual_images/A00000012427.jpg/c00977e5-e8f8-4747-bda1-452fbd303a45_8696f443-cb67-4a18-92c2-21754645a754.png,Carabus goryi,Carabus goryi,Carabus goryi,Carabus goryi,Calathus advena,Carabus goryi,Carabus goryi,Carabus goryi,Carabus goryi
/fs/ess/PAS2136/Rayeed/BeetlePalooza/individual_images/A00000044566.jpg/7ae325dd-20b4-4673-a19e-f54fa3af3281_8967816e-ca2d-42cc-8ad7-8927344ad744.png,Carabus goryi,Carabus goryi,Carabus goryi,Carabus goryi,Carabus goryi,Carabus goryi,Carabus goryi,Carabus goryi,Carabus goryi
/fs/ess/PAS2136/Rayeed/BeetlePalooza/individual_images/A00000051524.jpg/79b61e2b-3bab-4531-a25c-956573b9f362_cc052252-428e-4a53-a6e5-5a501299dc73.png,Anisodactylus rusticus,Harpalus pensylvanicus,Anisodactylus rusticus,Anisodactylus rusticus,Calathus advena,Harpalus pensylvanicus,Euryderus grossus,Pterostichus melanarius,Anisodactylus rusticus
/fs/ess/PAS2136/Rayeed/BeetlePalooza/individual_images/A00000012924.jpg/da1ac420-6695-4142-8654-fa7b10698fde_6b62d1b8-e021-41e3-91da-e9cb1b0d63e8.png,Carabus goryi,Calosoma affine,Carabus goryi,Carabus goryi,Carabus goryi,Carabus goryi,Carabus goryi,Carabus goryi,Carabus goryi
/fs/ess/PAS2136/Rayeed/BeetlePalooza/individual_images/A00000033569.jpg/93859ab9-2424-4952-8bb5-a51abc82f02a_7a14c7ca-11ef-4f11-be98-f33dc769b7a3.png,Synuchus impunctatus,Synuchus impunctatus,Synuchus impunctatus,Synuchus impunctatus,Synuchus impunctatus,Synuchus impunctatus,Synuchus impunctatus,Synuchus impunctatus,Synuchus impunctatus
/fs/ess/PAS2136/Rayeed/BeetlePalooza/individual_images/A00000051524.jpg/4b53b559-7080-445a-88a4-f2987645bd68_2b9b465b-700c-42da-8e1c-f02feff197d9.png,Anisodactylus rusticus,Euryderus grossus,Anisodactylus rusticus,Anisodactylus rusticus,Calathus advena,Euryderus grossus,Anisodactylus rusticus,Euryderus grossus,Euryderus grossus
/fs/ess/PAS2136/Rayeed/BeetlePalooza/individual_images/A00000046087.jpg/37258c18-1b10-47f9-8401-19983f2b4bc0_e0388a87-528b-4930-b11b-0614393d1394.png,Carabus goryi,Carabus goryi,Carabus goryi,Carabus goryi,Carabus goryi,Carabus goryi,Carabus goryi,Carabus goryi,Carabus goryi
/fs/ess/PAS2136/Rayeed/BeetlePalooza/individual_images/A00000034550.jpg/3f25ef1e-8a2b-4450-a6c2-97832b56cad2_cfd51e89-3d1c-4f4d-9f47-8a271771da5e.png,Anisodactylus ovularis,Harpalus paratus,Amara alpina,Anisodactylus opaculus,Harpalus pensylvanicus,Harpalus pensylvanicus,Harpalus pensylvanicus,Synuchus impunctatus,Euryderus grossus
/fs/ess/PAS2136/Rayeed/BeetlePalooza/individual_images/A00000034548.jpg/db4c2f32-136f-467c-b463-32976eb75753_1f70ebbc-00fa-46f9-96b5-aa446ffab19f.png,Anisodactylus dulcicollis,Synuchus impunctatus,Synuchus impunctatus,Synuchus impunctatus,Calathus advena,Synuchus impunctatus,Anisodactylus dulcicollis,Synuchus impunctatus,Synuchus impunctatus
/fs/ess/PAS2136/Rayeed/BeetlePalooza/individual_images/A00000033570.jpg/44109f81-c4a2-44fa-bfeb-23a1bb92ec55_ab63bead-e63d-47a5-922b-b03622a4076a.png,Synuchus impunctatus,Synuchus impunctatus,Synuchus impunctatus,Synuchus impunctatus,Calathus advena,Synuchus impunctatus,Synuchus impunctatus,Synuchus impunctatus,Synuchus impunctatus
/fs/ess/PAS2136/Rayeed/BeetlePalooza/individual_images/A00000046183.jpg/914244cd-977e-4a78-9075-c784fc19aa69_2ce37215-20b5-45e9-8c3d-6ba92af37580.png,Pterostichus lachrymosus,Pterostichus melanarius,Pterostichus lachrymosus,Pterostichus lachrymosus,Calathus advena,Pterostichus lachrymosus,Pterostichus lachrymosus,Pterostichus lachrymosus,Pterostichus lachrymosus
/fs/ess/PAS2136/Rayeed/BeetlePalooza/individual_images/A00000051542.jpg/378f0f4d-2b95-4781-b726-f5c2be87ec44_9bbed7f7-e833-48a2-9a73-5d2c6db543da.png,Harpalus paratus,Harpalus paratus,Harpalus paratus,Harpalus paratus,Calathus advena,Harpalus pensylvanicus,Harpalus paratus,Pterostichus melanarius,Euryderus grossus
/fs/ess/PAS2136/Rayeed/BeetlePalooza/individual_images/A00000059784.jpg/18ca58e8-0759-4007-930a-d8317f79f08a_68209282-913b-44ba-a263-8d2799c4d331.png,Scaphinotus angusticollis,Scaphinotus angusticollis,Scaphinotus angusticollis,Scaphinotus angusticollis,Carabus goryi,Carabus goryi,Carabus goryi,Carabus goryi,Scaphinotus angusticollis
/fs/ess/PAS2136/Rayeed/BeetlePalooza/individual_images/RMNP_012.S.20180723.CALADV.01(16).jpg/0a3073c3-5194-4e87-9cfa-39cecaf52347_c271fe91-ec15-43b1-965c-7b88b7ef1b7b.png,Calathus advena,Calathus advena,Calathus advena,Calathus advena,Calathus advena,Calathus advena,Calathus advena,Calathus advena,Calathus advena
/fs/ess/PAS2136/Rayeed/BeetlePalooza/individual_images/A00000046301.jpg/dfae1798-5922-4bc0-9d83-c4a61b3a7b2c_fc6b8980-599c-4b7a-b9e4-5486f31fb139.png,Carabus goryi,Carabus goryi,Carabus goryi,Carabus goryi,Carabus goryi,Carabus goryi,Carabus goryi,Carabus goryi,Carabus goryi
/fs/ess/PAS2136/Rayeed/BeetlePalooza/individual_images/A00000033685.jpg/f9158b74-4102-4347-9189-77b2dc892729_82465a7b-6888-4f83-a768-66585dcf3249.png,Synuchus impunctatus,Calathus advena,Synuchus impunctatus,Synuchus impunctatus,Calathus advena,Calathus advena,Calathus advena,Calathus advena,Synuchus impunctatus
/fs/ess/PAS2136/Rayeed/BeetlePalooza/individual_images/A00000050032.jpg/81763377-19d0-4a3f-b880-57d01c581ec3_0858d762-35d0-4d82-9066-9f0890485a00.png,Pterostichus melanarius,Pterostichus melanarius,Pterostichus melanarius,Pterostichus melanarius,Calathus advena,Pterostichus melanarius,Pterostichus melanarius,Pterostichus melanarius,Pterostichus melanarius
/fs/ess/PAS2136/Rayeed/BeetlePalooza/individual_images/A00000033692.jpg/7febdae1-532b-4031-b2b5-6068d30fbc16_44b9039b-0a96-42ab-a17e-e94597948e0e.png,Cymindis neglecta,Synuchus impunctatus,Cymindis neglecta,Cymindis neglecta,Calathus advena,Calathus advena,Synuchus impunctatus,Calathus advena,Cymindis cribricollis
/fs/ess/PAS2136/Rayeed/BeetlePalooza/individual_images/A00000056900.jpg/cd67a4ca-1602-4ecb-9568-4ef27d30b1fb_9ee93750-e223-4c7a-a024-60f211ca84e0.png,Amara quenseli,Amara quenseli,Amara quenseli,Amara quenseli,Calathus advena,Amara quenseli,Cratacanthus dubius,Amara quenseli,Amara quenseli
/fs/ess/PAS2136/Rayeed/BeetlePalooza/individual_images/A00000009162.jpg/69d0d7a0-35c5-42f4-8940-b383ac669529_eb05ef9c-15ac-4ec0-b237-151629dc03d5.png,Pterostichus melanarius,Pterostichus melanarius,Pterostichus melanarius,Pterostichus melanarius,Calathus advena,Pterostichus melanarius,Pterostichus melanarius,Carabus goryi,Pterostichus melanarius
/fs/ess/PAS2136/Rayeed/BeetlePalooza/individual_images/A00000009083.jpg/9725eaad-bc48-4e33-9bd9-8f1934691426_0f91542f-1adb-4a9d-b290-f37c34bb42aa.png,Carabus nemoralis,Carabus nemoralis,Carabus nemoralis,Carabus nemoralis,Calathus advena,Carabus nemoralis,Calosoma affine,Carabus nemoralis,Carabus nemoralis
/fs/ess/PAS2136/Rayeed/BeetlePalooza/individual_images/A00000033639.jpg/4ab641a6-30b8-44a8-9b29-751a08f51e57_325fef49-75bf-4784-a92e-2ac39d7446e1.png,Synuchus impunctatus,Synuchus impunctatus,Synuchus impunctatus,Synuchus impunctatus,Calathus advena,Synuchus impunctatus,Synuchus impunctatus,Synuchus impunctatus,Synuchus impunctatus
/fs/ess/PAS2136/Rayeed/BeetlePalooza/individual_images/A00000051550.jpg/21f7f98b-0795-4012-88c6-e6bae05dbce8_2c9a3c0c-d680-461e-aba6-113ad1408fed.png,Calathus advena,Calathus advena,Calathus advena,Calathus advena,Calathus advena,Calathus advena,Calathus advena,Calathus advena,Calathus advena
/fs/ess/PAS2136/Rayeed/BeetlePalooza/individual_images/A00000051555_1.jpg/79ce6a0b-625c-45f7-88ff-6e9fa46e698f_1fb2c670-1d8a-4c6e-96e4-973b41527ea4.png,Calathus advena,Calathus advena,Calathus advena,Calathus advena,Calathus advena,Calathus advena,Calathus advena,Calathus advena,Calathus advena
/fs/ess/PAS2136/Rayeed/BeetlePalooza/individual_images/A00000041377.jpg/03896889-811a-4aab-adc7-f149dea28a5a_97a5589d-4005-4a8a-9ca8-426a798544ec.png,Harpalus pensylvanicus,Harpalus paratus,Harpalus paratus,Harpalus paratus,Calathus advena,Harpalus pensylvanicus,Cratacanthus dubius,Pterostichus melanarius,Harpalus paratus
/fs/ess/PAS2136/Rayeed/BeetlePalooza/individual_images/A00000049751.jpg/f0e95961-93d0-4593-9098-8aeeee0e7ae8_da39092a-6eb4-4b8a-8246-a9be2a9906d0.png,Cyclotrachelus torvus,Cyclotrachelus torvus,Cyclotrachelus torvus,Cyclotrachelus torvus,Calathus advena,Pterostichus melanarius,Pterostichus lachrymosus,Pterostichus melanarius,Cyclotrachelus torvus
/fs/ess/PAS2136/Rayeed/BeetlePalooza/individual_images/A00000051575.jpg/135896d7-3209-49f3-a4e0-b0a6bd8218e2_7f698f0e-d03e-437c-bbd5-3f4d53129b32.png,Pterostichus restrictus,Pterostichus restrictus,Pterostichus restrictus,Pterostichus restrictus,Calathus advena,Calathus advena,Calathus advena,Calathus advena,Pterostichus restrictus
/fs/ess/PAS2136/Rayeed/BeetlePalooza/individual_images/A00000033656.jpg/80a8d3fa-5d6f-4d70-8642-e2420d348ab2_ec5719ea-496b-49a5-9595-0432f0f36043.png,Synuchus impunctatus,Synuchus impunctatus,Synuchus impunctatus,Synuchus impunctatus,Calathus advena,Synuchus impunctatus,Synuchus impunctatus,Synuchus impunctatus,Synuchus impunctatus
/fs/ess/PAS2136/Rayeed/BeetlePalooza/individual_images/A00000046080.jpg/d88488e1-3c75-47f9-8e5e-3c108841d370_01466c91-87dd-42f9-8eb1-7cadf28c35ee.png,Carabus goryi,Carabus goryi,Carabus goryi,Carabus goryi,Carabus goryi,Carabus goryi,Carabus goryi,Carabus goryi,Carabus goryi
/fs/ess/PAS2136/Rayeed/BeetlePalooza/individual_images/MLBS_009.E.20180522.CARABIDS.01.jpg/afcaa00e-5684-4bc3-8eec-785dc2fd2117_a21fd2a2-f851-4fda-ae1c-30f30e3a3009.png,Pterostichus coracinus,Carabus goryi,Carabus goryi,Carabus goryi,Carabus goryi,Carabus goryi,Carabus goryi,Carabus goryi,Carabus goryi
/fs/ess/PAS2136/Rayeed/BeetlePalooza/individual_images/A00000051537.jpg/f0067482-c0d8-40c4-a7d6-8f120e58acd9_44b31761-8985-40b7-b62e-e7fb750fda1e.png,Cratacanthus dubius,Cratacanthus dubius,Cratacanthus dubius,Cratacanthus dubius,Calathus advena,Cratacanthus dubius,Cratacanthus dubius,Cratacanthus dubius,Cratacanthus dubius
/fs/ess/PAS2136/Rayeed/BeetlePalooza/individual_images/A00000009170.jpg/11da65a4-2b57-432b-82b2-e3ac441085ed_28048db7-181d-4811-bf95-69d93c73fe9a.png,Carabus nemoralis,Carabus nemoralis,Carabus nemoralis,Carabus nemoralis,Carabus nemoralis,Carabus nemoralis,Carabus nemoralis,Carabus nemoralis,Carabus nemoralis
/fs/ess/PAS2136/Rayeed/BeetlePalooza/individual_images/A00000051555_2.jpg/8b12356c-c889-40e8-a2b5-5e9d8abb23fe_259197a3-8c31-4da6-89b8-535ff05ad144.png,Calathus advena,Calathus advena,Calathus advena,Calathus advena,Calathus advena,Calathus advena,Calathus advena,Calathus advena,Calathus advena
/fs/ess/PAS2136/Rayeed/BeetlePalooza/individual_images/A00000051542.jpg/385e3d0c-a3a5-474e-8003-2859833e62cd_f8abdc4f-a3f2-400a-9b7b-fe72e93bca85.png,Harpalus paratus,Harpalus pensylvanicus,Harpalus pensylvanicus,Harpalus pensylvanicus,Calathus advena,Harpalus pensylvanicus,Harpalus paratus,Harpalus pensylvanicus,Harpalus pensylvanicus
/fs/ess/PAS2136/Rayeed/BeetlePalooza/individual_images/A00000059787.jpg/05ebd18f-85e2-43ea-98b2-84b557f29d3e_9afd6a03-78cb-4d40-837b-b082c497851a.png,Scaphinotus angusticollis,Carabus goryi,Scaphinotus angusticollis,Scaphinotus angusticollis,Carabus goryi,Carabus goryi,Carabus goryi,Carabus goryi,Scaphinotus angusticollis
/fs/ess/PAS2136/Rayeed/BeetlePalooza/individual_images/A00000041652.jpg/b7af812b-2245-4e8f-ac8f-017c822f67ac_af45359c-c00f-4043-b9b4-956aaa33e815.png,Harpalus pensylvanicus,Harpalus pensylvanicus,Harpalus pensylvanicus,Harpalus pensylvanicus,Calathus advena,Harpalus pensylvanicus,Harpalus pensylvanicus,Harpalus pensylvanicus,Harpalus pensylvanicus
/fs/ess/PAS2136/Rayeed/BeetlePalooza/individual_images/A00000051542.jpg/237f192b-cd99-4999-bad0-f9c2215e1e51_c2dd82ef-0e41-4815-a12d-adfabfae5dfd.png,Harpalus paratus,Calathus advena,Harpalus pensylvanicus,Harpalus pensylvanicus,Calathus advena,Harpalus pensylvanicus,Calathus advena,Carabus goryi,Harpalus pensylvanicus
/fs/ess/PAS2136/Rayeed/BeetlePalooza/individual_images/A00000046173.jpg/1af7de25-8981-4397-b95c-144fa8a41b1d_8123e426-9b3c-43c5-a8ce-e84d4c90ce5d.png,Pterostichus lachrymosus,Pterostichus lachrymosus,Pterostichus lachrymosus,Pterostichus lachrymosus,Calathus advena,Pterostichus lachrymosus,Pterostichus melanarius,Pterostichus lachrymosus,Pterostichus lachrymosus
/fs/ess/PAS2136/Rayeed/BeetlePalooza/individual_images/A00000051543.jpg/9ea98488-2c6c-4296-aa92-36d8066e25fc_4bba8dd3-e33d-4d49-8461-2f9c6bb39551.png,Harpalus caliginosus,Pterostichus lachrymosus,Euryderus grossus,Euryderus grossus,Calathus advena,Euryderus grossus,Pterostichus melanarius,Carabus goryi,Anisodactylus rusticus
/fs/ess/PAS2136/Rayeed/BeetlePalooza/individual_images/GRSM_022.20180417.CARGOR.01.jpg/a55b6e9c-2d61-42b6-896e-127328ccc371_e20dafa9-b429-4a10-9440-8f1a33e4b0f1.png,Carabus goryi,Carabus goryi,Carabus goryi,Carabus goryi,Carabus goryi,Carabus goryi,Carabus goryi,Carabus goryi,Carabus goryi
/fs/ess/PAS2136/Rayeed/BeetlePalooza/individual_images/MLBS_009.S.20180522.jpg/8e343421-5887-43b5-a1e9-4d1770d0afb8_2b6c37d2-8ae7-4732-9681-89bf12037361.png,Pterostichus lachrymosus,Carabus goryi,Carabus goryi,Carabus goryi,Calathus advena,Carabus goryi,Carabus goryi,Carabus goryi,Carabus goryi
/fs/ess/PAS2136/Rayeed/BeetlePalooza/individual_images/A00000041377.jpg/807bfafe-cd89-4cf8-95a0-2d3a02b43745_7badfdf4-b732-48ef-9aa9-19f932b6ba6f.png,Harpalus pensylvanicus,Pterostichus lachrymosus,Harpalus pensylvanicus,Harpalus pensylvanicus,Calathus advena,Pterostichus melanarius,Pterostichus melanarius,Calathus advena,Harpalus pensylvanicus
/fs/ess/PAS2136/Rayeed/BeetlePalooza/individual_images/A00000050038.jpg/9853bbae-3bb2-4a01-a19d-b97cf6834a5a_fb3f38c8-a2b2-4e06-83d9-bd78e5886d80.png,Pterostichus melanarius,Pterostichus melanarius,Pterostichus melanarius,Pterostichus melanarius,Calathus advena,Pterostichus melanarius,Pterostichus melanarius,Pterostichus melanarius,Pterostichus melanarius
/fs/ess/PAS2136/Rayeed/BeetlePalooza/individual_images/A00000051557.jpg/5f02a957-bb53-4b11-a645-18945112d9c1_c60b6b82-b13a-4ae0-b6a9-f329d60ade30.png,Calathus advena,Calathus advena,Calathus advena,Calathus advena,Calathus advena,Calathus advena,Calathus advena,Calathus advena,Calathus advena
/fs/ess/PAS2136/Rayeed/BeetlePalooza/individual_images/A00000041107.jpg/7b0d2e04-e015-4bfe-8394-e32c4520d576_49c9341c-f113-441e-8895-40ec5886e232.png,Pasimachus californicus,Calosoma affine,Pasimachus depressus,Pasimachus depressus,Pasimachus depressus,Calosoma affine,Calosoma affine,Calosoma affine,Pasimachus depressus
/fs/ess/PAS2136/Rayeed/BeetlePalooza/individual_images/A00000009167.jpg/5b3a36a2-a85d-4a13-a512-64e5cac214b6_158445de-e332-42ac-ba7d-b608e26c4fce.png,Pterostichus melanarius,Cyclotrachelus torvus,Pterostichus melanarius,Cyclotrachelus torvus,Calathus advena,Cyclotrachelus torvus,Cyclotrachelus torvus,Cyclotrachelus torvus,Cyclotrachelus torvus
/fs/ess/PAS2136/Rayeed/BeetlePalooza/individual_images/A00000012429.jpg/adf3fff2-5159-4014-9064-09bcf63ff23e_5dae3bfa-a6d8-44a9-b319-47ba743f8047.png,Carabus goryi,Carabus goryi,Carabus goryi,Carabus goryi,Carabus goryi,Carabus goryi,Carabus goryi,Carabus goryi,Carabus goryi
/fs/ess/PAS2136/Rayeed/BeetlePalooza/individual_images/A00000056860.jpg/417fed9c-e386-4963-80db-09e4875512c7_61bd0596-1fdc-43f5-af15-b802167605dd.png,Amara quenseli,Amara quenseli,Amara quenseli,Amara quenseli,Amara quenseli,Amara quenseli,Amara quenseli,Amara quenseli,Amara quenseli
/fs/ess/PAS2136/Rayeed/BeetlePalooza/individual_images/A00000051544.jpg/1b12d14e-d2de-48b8-beb0-d2fa65100579_513e102a-a7d1-44d6-bdac-84e794b83c6c.png,Harpalus pensylvanicus,Harpalus paratus,Harpalus pensylvanicus,Harpalus pensylvanicus,Calathus advena,Harpalus pensylvanicus,Harpalus paratus,Harpalus pensylvanicus,Harpalus pensylvanicus
/fs/ess/PAS2136/Rayeed/BeetlePalooza/individual_images/A00000051185.jpg/b344b118-a922-4f50-a35d-e2880271da92_4370a5e9-910f-408f-ad85-db92b3d8b698.png,Euryderus grossus,Euryderus grossus,Euryderus grossus,Euryderus grossus,Calathus advena,Euryderus grossus,Euryderus grossus,Euryderus grossus,Euryderus grossus
/fs/ess/PAS2136/Rayeed/BeetlePalooza/individual_images/A00000051555_1.jpg/a02d21c7-865a-4727-98dc-0b8b361b273f_8d0f9137-6683-4d68-a594-b5d2482b101a.png,Calathus advena,Calathus advena,Calathus advena,Calathus advena,Calathus advena,Calathus advena,Calathus advena,Calathus advena,Calathus advena
/fs/ess/PAS2136/Rayeed/BeetlePalooza/individual_images/A00000032979.jpg/4c0ecdae-8651-4016-a7a7-a0cbd1fc99b0_a4b9dc36-d98a-4e0a-9749-a17597b2b0d4.png,Cymindis neglecta,Synuchus impunctatus,Cymindis cribricollis,Cymindis cribricollis,Calathus advena,Synuchus impunctatus,Cymindis cribricollis,Synuchus impunctatus,Cymindis cribricollis
/fs/ess/PAS2136/Rayeed/BeetlePalooza/individual_images/A00000056864.jpg/e87e53d8-b7d4-4d24-97d5-352a54c170dd_79c39e75-6689-419f-ac74-2964fbb3a596.png,Amara quenseli,Amara quenseli,Amara quenseli,Amara quenseli,Calathus advena,Amara quenseli,Amara quenseli,Amara quenseli,Amara quenseli
/fs/ess/PAS2136/Rayeed/BeetlePalooza/individual_images/A00000051163.jpg/cc9e110d-62ff-4248-9977-9ed14b6d2137_000271b9-0cc1-4801-88c1-3e4a310843c0.png,Pasimachus elongatus,Pasimachus elongatus,Pasimachus elongatus,Pasimachus elongatus,Calathus advena,Pasimachus elongatus,Pasimachus elongatus,Carabus goryi,Pasimachus elongatus
/fs/ess/PAS2136/Rayeed/BeetlePalooza/individual_images/A00000069246.jpg/77aa9741-c823-4f49-9136-1a1683db7334_182a7b06-9505-4f78-b316-b8cce08802bd.png,Harpalus pensylvanicus,Chlaenius aestivus,Harpalus pensylvanicus,Harpalus pensylvanicus,Calathus advena,Harpalus pensylvanicus,Chlaenius aestivus,Chlaenius aestivus,Harpalus pensylvanicus
/fs/ess/PAS2136/Rayeed/BeetlePalooza/individual_images/A00000033675.jpg/d5523442-7f79-4790-b7c2-f046c8fd50c6_0545a7bb-dcb6-4139-b59f-5c7ca5a5e443.png,Cymindis neglecta,Synuchus impunctatus,Cymindis neglecta,Cymindis neglecta,Calathus advena,Synuchus impunctatus,Synuchus impunctatus,Synuchus impunctatus,Cymindis neglecta
/fs/ess/PAS2136/Rayeed/BeetlePalooza/individual_images/A00000040728.jpg/39e47a67-1c51-43ff-938b-d17b4687ac08_9ad908c6-47cc-4f2c-8bd7-10b8289bcec4.png,Carabus nemoralis,Carabus nemoralis,Carabus nemoralis,Carabus nemoralis,Carabus nemoralis,Carabus nemoralis,Carabus nemoralis,Carabus nemoralis,Carabus nemoralis
/fs/ess/PAS2136/Rayeed/BeetlePalooza/individual_images/A00000033586.jpg/a6c46506-986e-4180-84df-b9aa8830b4f6_6b8d49fd-5c96-48bd-951a-c7d0e27f308d.png,Synuchus impunctatus,Synuchus impunctatus,Synuchus impunctatus,Synuchus impunctatus,Calathus advena,Synuchus impunctatus,Calathus advena,Synuchus impunctatus,Synuchus impunctatus
/fs/ess/PAS2136/Rayeed/BeetlePalooza/individual_images/A00000033692.jpg/184a8b0b-09b9-486e-a6e4-0a2820876fe0_1668517d-7b33-4d6c-a6dd-90e18b11430c.png,Cymindis neglecta,Synuchus impunctatus,Cymindis cribricollis,Cymindis cribricollis,Calathus advena,Synuchus impunctatus,Synuchus impunctatus,Synuchus impunctatus,Cymindis cribricollis
/fs/ess/PAS2136/Rayeed/BeetlePalooza/individual_images/A00000033567.jpg/38799469-a72a-4352-b92e-a3761a5ca967_521dd7e6-b908-4117-a7d6-d93675b986c0.png,Synuchus impunctatus,Synuchus impunctatus,Synuchus impunctatus,Synuchus impunctatus,Calathus advena,Synuchus impunctatus,Calathus advena,Calathus advena,Synuchus impunctatus
/fs/ess/PAS2136/Rayeed/BeetlePalooza/individual_images/A00000046224.jpg/b075ad21-c39a-4fca-8acb-f6c00678be16_92aa7bef-91e0-49d8-a0bb-e397d2b50105.png,Carabus goryi,Carabus goryi,Carabus goryi,Carabus goryi,Carabus goryi,Carabus goryi,Carabus goryi,Carabus goryi,Carabus goryi
/fs/ess/PAS2136/Rayeed/BeetlePalooza/individual_images/A00000056857.jpg/cb90e210-8b7d-47ef-a06d-379e24994335_6704d4e1-88eb-4593-becc-c7925c61fe82.png,Amara quenseli,Amara quenseli,Amara quenseli,Amara quenseli,Calathus advena,Amara quenseli,Amara quenseli,Amara quenseli,Amara quenseli
/fs/ess/PAS2136/Rayeed/BeetlePalooza/individual_images/A00000033692.jpg/badb0d76-7046-4996-9acd-24a2ce937ef8_9d47c628-5bd4-4850-90e5-0d10051c32b1.png,Cymindis neglecta,Synuchus impunctatus,Cymindis neglecta,Cymindis neglecta,Synuchus impunctatus,Synuchus impunctatus,Cymindis neglecta,Synuchus impunctatus,Cymindis neglecta
/fs/ess/PAS2136/Rayeed/BeetlePalooza/individual_images/A00000051578.jpg/d94cf61f-308a-4886-8eb3-842c3f1451b2_f103b03e-8d4b-406d-ac86-61e30bb828ea.png,Calathus advena,Calathus advena,Calathus advena,Calathus advena,Calathus advena,Calathus advena,Calathus advena,Calathus advena,Calathus advena
/fs/ess/PAS2136/Rayeed/BeetlePalooza/individual_images/A00000033671.jpg/a2f08002-5329-47de-80f1-ac47390afbe1_c264c3b3-9a71-4acd-bbf8-58655f769f7f.png,Synuchus impunctatus,Synuchus impunctatus,Synuchus impunctatus,Synuchus impunctatus,Synuchus impunctatus,Synuchus impunctatus,Synuchus impunctatus,Synuchus impunctatus,Synuchus impunctatus
/fs/ess/PAS2136/Rayeed/BeetlePalooza/individual_images/A00000033636.jpg/f911545d-d725-48fb-aedc-5add890ebfb6_9110239d-b3ab-41f4-ad81-f03b7ba13cc3.png,Synuchus impunctatus,Synuchus impunctatus,Synuchus impunctatus,Synuchus impunctatus,Synuchus impunctatus,Synuchus impunctatus,Synuchus impunctatus,Synuchus impunctatus,Synuchus impunctatus
/fs/ess/PAS2136/Rayeed/BeetlePalooza/individual_images/A00000059777.jpg/e0c3dfc3-ad5d-41c3-8bab-5b93a6b86f26_53b78f04-6069-4bc9-810c-87145d07d90f.png,Scaphinotus angusticollis,Scaphinotus angusticollis,Scaphinotus angusticollis,Scaphinotus angusticollis,Carabus goryi,Carabus goryi,Carabus goryi,Carabus goryi,Scaphinotus angusticollis
/fs/ess/PAS2136/Rayeed/BeetlePalooza/individual_images/A00000034558.jpg/45b55fd3-a8c7-406b-992d-0198815c0917_4bc70431-5b4d-4fe6-9e48-989c63781394.png,Chlaenius aestivus,Chlaenius aestivus,Chlaenius aestivus,Chlaenius aestivus,Calathus advena,Chlaenius aestivus,Synuchus impunctatus,Chlaenius aestivus,Chlaenius aestivus
/fs/ess/PAS2136/Rayeed/BeetlePalooza/individual_images/A00000051187.jpg/948c8cc5-c885-47e5-829f-8e291114b490_4097d9b5-6fb1-4b6a-808c-b0af29a524a2.png,Pasimachus elongatus,Pasimachus elongatus,Pasimachus elongatus,Pasimachus elongatus,Calathus advena,Pasimachus elongatus,Pasimachus elongatus,Pasimachus elongatus,Pasimachus elongatus
/fs/ess/PAS2136/Rayeed/BeetlePalooza/individual_images/STER_027.E.20180726.POESCI.01(10).jpg/6d9ee509-4f07-409d-9f16-1c9259ab37e7_ab934913-efa3-4a7c-9598-2e9006a589e4.png,Poecilus scitulus,Cyclotrachelus torvus,Pterostichus melanarius,Pterostichus melanarius,Calathus advena,Pterostichus melanarius,Carabus goryi,Calathus advena,Pterostichus melanarius
/fs/ess/PAS2136/Rayeed/BeetlePalooza/individual_images/A00000051584.jpg/fcfc16f5-7319-4b98-90f8-8fb1f87d52d2_0f791709-5df5-430a-a3f6-84b972137873.png,Pterostichus restrictus,Pterostichus restrictus,Pterostichus restrictus,Pterostichus restrictus,Calathus advena,Calathus advena,Pterostichus restrictus,Calathus advena,Pterostichus restrictus
/fs/ess/PAS2136/Rayeed/BeetlePalooza/individual_images/A00000046178.jpg/80308b9e-7965-4113-8fb1-8cdb854477bb_80231ee5-7fd7-47dd-97b7-868bc65f1e44.png,Pterostichus lachrymosus,Pterostichus lachrymosus,Pterostichus lachrymosus,Pterostichus lachrymosus,Calathus advena,Pterostichus lachrymosus,Pterostichus lachrymosus,Pterostichus melanarius,Pterostichus lachrymosus
/fs/ess/PAS2136/Rayeed/BeetlePalooza/individual_images/A00000046087.jpg/0d60fdea-4335-4f6d-947e-41dd5f50eeb3_0a89e10b-2098-48dc-ab3f-f898e5b99769.png,Carabus goryi,Carabus goryi,Carabus goryi,Carabus goryi,Calathus advena,Carabus goryi,Carabus goryi,Carabus goryi,Carabus goryi
/fs/ess/PAS2136/Rayeed/BeetlePalooza/individual_images/A00000034564.jpg/3ef91585-fc76-4786-b075-32a40af96e4b_39f5bc48-796c-4b91-a3c8-9cb29207c464.png,Chlaenius aestivus,Chlaenius aestivus,Chlaenius aestivus,Chlaenius aestivus,Calathus advena,Chlaenius aestivus,Chlaenius aestivus,Chlaenius aestivus,Chlaenius aestivus
/fs/ess/PAS2136/Rayeed/BeetlePalooza/individual_images/A00000008916.jpg/ee2c3149-b319-470a-a7d2-83e4ccf57a1d_6056ac0b-03d7-41a4-ba67-7843448bbb6e.png,Pterostichus melanarius,Pterostichus melanarius,Pterostichus melanarius,Pterostichus melanarius,Calathus advena,Pterostichus melanarius,Pterostichus melanarius,Pterostichus melanarius,Pterostichus melanarius
/fs/ess/PAS2136/Rayeed/BeetlePalooza/individual_images/A00000051600.jpg/b7a76046-2661-4278-a983-eb90f48948d4_a046ecdb-02fd-4a2e-933b-4d8a9c6d53f8.png,Carabus taedatus,Carabus taedatus,Carabus taedatus,Carabus taedatus,Calathus advena,Carabus goryi,Carabus taedatus,Carabus goryi,Carabus taedatus
/fs/ess/PAS2136/Rayeed/BeetlePalooza/individual_images/A00000051575.jpg/9c8790fd-697e-441d-8fba-c4c41718dc42_d5a616f7-55d0-437e-a1f8-764a145c7cd7.png,Pterostichus restrictus,Cratacanthus dubius,Pterostichus restrictus,Pterostichus restrictus,Calathus advena,Calathus advena,Pterostichus restrictus,Calathus advena,Pterostichus restrictus
/fs/ess/PAS2136/Rayeed/BeetlePalooza/individual_images/A00000051178.jpg/ec78aaf5-f15c-473b-8bc5-4d69afc38ff1_2b0036c6-fb0e-4dad-a2fb-aea3471c946b.png,Discoderus parallelus,Synuchus impunctatus,Discoderus parallelus,Discoderus parallelus,Calathus advena,Synuchus impunctatus,Discoderus parallelus,Synuchus impunctatus,Discoderus parallelus
/fs/ess/PAS2136/Rayeed/BeetlePalooza/individual_images/A00000137178.jpg/ff8ee961-391d-45c6-ac1c-4564b78298d7_34356056-527f-41e8-ac91-908682d3a5c9.png,Anisodactylus opaculus,Harpalus pensylvanicus,Harpalus pensylvanicus,Harpalus pensylvanicus,Calathus advena,Harpalus pensylvanicus,Anisodactylus opaculus,Harpalus pensylvanicus,Harpalus pensylvanicus
/fs/ess/PAS2136/Rayeed/BeetlePalooza/individual_images/A00000051585.jpg/4c82ff05-9087-4531-ba00-12a0687d79ac_8e1cbfed-abf5-490f-ba86-347091b41b23.png,Calathus advena,Pterostichus lachrymosus,Calathus advena,Calathus advena,Calathus advena,Calathus advena,Pterostichus lachrymosus,Carabus goryi,Calathus advena
/fs/ess/PAS2136/Rayeed/BeetlePalooza/individual_images/A00000059788.jpg/3e72196c-d711-4884-a3b1-7d1e7a4fc504_4fd4451a-8df8-451a-b90e-8cff58c91294.png,Omus dejeanii,Carabus taedatus,Omus dejeanii,Omus dejeanii,Carabus goryi,Carabus goryi,Cyclotrachelus torvus,Carabus goryi,Omus dejeanii
/fs/ess/PAS2136/Rayeed/BeetlePalooza/individual_images/A00000033687.jpg/9d091e3f-1647-48fb-8e2a-eb1799901104_fc0b006b-99c3-4bc5-9a5e-c8270e4dec08.png,Synuchus impunctatus,Pterostichus lachrymosus,Synuchus impunctatus,Synuchus impunctatus,Calathus advena,Calathus advena,Calathus advena,Calathus advena,Calathus advena
/fs/ess/PAS2136/Rayeed/BeetlePalooza/individual_images/A00000069243.jpg/595f674c-60f8-4adb-a239-a4587446f67b_71dffd8c-8d11-42f5-84e6-fbaf74e67047.png,Pterostichus stygicus,Pterostichus lachrymosus,Synuchus impunctatus,Cratacanthus dubius,Calathus advena,Synuchus impunctatus,Pterostichus restrictus,Calathus advena,Synuchus impunctatus
/fs/ess/PAS2136/Rayeed/BeetlePalooza/individual_images/A00000051559.jpg/3a69e59b-1c8d-4a10-8c19-c37eccfffadc_e94b675a-3736-4ef3-92a2-2497294a4f17.png,Calathus advena,Calathus advena,Calathus advena,Calathus advena,Calathus advena,Calathus advena,Calathus advena,Calathus advena,Calathus advena
/fs/ess/PAS2136/Rayeed/BeetlePalooza/individual_images/A00000009083.jpg/32b4fb87-f3e0-4f68-9638-dfdea5352c3e_c1f75cc3-be9f-43de-9bfc-7b6648566338.png,Carabus nemoralis,Calosoma affine,Calosoma affine,Calosoma affine,Calathus advena,Carabus goryi,Calosoma affine,Carabus nemoralis,Carabus nemoralis
/fs/ess/PAS2136/Rayeed/BeetlePalooza/individual_images/A00000034568.jpg/6b7b9441-fcf2-450b-841c-5c90e167b765_02e076d9-3086-4b66-a279-eac9e2d71c0f.png,Pterostichus trinarius,Pterostichus lachrymosus,Pterostichus lachrymosus,Pterostichus lachrymosus,Calathus advena,Pterostichus lachrymosus,Cyclotrachelus torvus,Calathus advena,Calathus advena
/fs/ess/PAS2136/Rayeed/BeetlePalooza/individual_images/A00000051533.jpg/e8ec77ba-084f-49cd-93e1-8d58cae40bc0_5dcd089f-a16f-4e54-9131-20f6c234c1b0.png,Cratacanthus dubius,Cratacanthus dubius,Cratacanthus dubius,Cratacanthus dubius,Calathus advena,Cratacanthus dubius,Cratacanthus dubius,Cratacanthus dubius,Cratacanthus dubius
/fs/ess/PAS2136/Rayeed/BeetlePalooza/individual_images/A00000046074.jpg/28382634-259e-4372-9b50-7de3bb104b4d_7f90456c-cb0f-4cb0-af21-cd9a47d674b9.png,Carabus goryi,Carabus goryi,Carabus goryi,Carabus goryi,Calathus advena,Carabus goryi,Carabus goryi,Carabus goryi,Carabus goryi
/fs/ess/PAS2136/Rayeed/BeetlePalooza/individual_images/MLBS_009.E.20180522.CARABIDS.01.jpg/7ed0524f-d2ac-40e1-8e49-d8ac0d5c6a28_f1f2d666-edb8-4d3b-bc24-f10faeadb243.png,Pterostichus coracinus,Carabus goryi,Carabus goryi,Carabus goryi,Carabus goryi,Carabus goryi,Carabus goryi,Carabus goryi,Carabus goryi
/fs/ess/PAS2136/Rayeed/BeetlePalooza/individual_images/A00000046106.jpg/3d72bc1f-5819-4ed9-a6ea-f1509bef31c5_c4994c6b-161f-4b7e-8586-c510ba097dcc.png,Carabus goryi,Carabus goryi,Carabus goryi,Carabus goryi,Calathus advena,Carabus goryi,Carabus goryi,Carabus goryi,Carabus goryi
/fs/ess/PAS2136/Rayeed/BeetlePalooza/individual_images/A00000051179.jpg/7862a5cd-1d4b-4df5-aa9a-63a2951e7e2b_47bc3148-238b-4a07-80ed-bde7c3b77fca.png,Euryderus grossus,Euryderus grossus,Euryderus grossus,Euryderus grossus,Calathus advena,Euryderus grossus,Euryderus grossus,Euryderus grossus,Euryderus grossus
/fs/ess/PAS2136/Rayeed/BeetlePalooza/individual_images/A00000009166.jpg/7eb8c8ff-4849-42d6-a9a4-8e71b91710fc_294b75db-c3f1-48b1-9dd0-beaaf87dbb06.png,Pterostichus melanarius,Pterostichus melanarius,Pterostichus melanarius,Pterostichus melanarius,Calathus advena,Pterostichus melanarius,Pterostichus melanarius,Pterostichus melanarius,Pterostichus melanarius
/fs/ess/PAS2136/Rayeed/BeetlePalooza/individual_images/A00000156508.jpg/8ea5e6f1-c623-4cbc-b628-9bac96a4aeb9_20b1bb68-0bcd-4131-b6d2-51f05283e8a6.png,Pterostichus pensylvanicus,Synuchus impunctatus,Synuchus impunctatus,Pterostichus pensylvanicus,Calathus advena,Synuchus impunctatus,Synuchus impunctatus,Synuchus impunctatus,Synuchus impunctatus
/fs/ess/PAS2136/Rayeed/BeetlePalooza/individual_images/A00000034553.jpg/794ed34d-a399-4e06-aed8-2c856cd2a99a_0bb8fd0c-d2e5-4cb0-9b3b-7adee72dc897.png,Harpalus compar,Cyclotrachelus torvus,Harpalus pensylvanicus,Harpalus pensylvanicus,Calathus advena,Harpalus pensylvanicus,Harpalus pensylvanicus,Cyclotrachelus torvus,Harpalus pensylvanicus
/fs/ess/PAS2136/Rayeed/BeetlePalooza/individual_images/A00000050032.jpg/3081d7a3-1352-440a-b26c-b7ae76dd28c8_b7fcfeff-b910-4ca7-8004-99425f033088.png,Pterostichus melanarius,Pterostichus lachrymosus,Pterostichus melanarius,Pterostichus melanarius,Calathus advena,Pterostichus melanarius,Pterostichus melanarius,Pterostichus lachrymosus,Pterostichus melanarius
/fs/ess/PAS2136/Rayeed/BeetlePalooza/individual_images/A00000051163.jpg/ebde8e73-e93d-40eb-8158-3e661fefcaa8_c9092204-8272-49c0-a6a2-b19d1c1daea1.png,Pasimachus elongatus,Pasimachus elongatus,Pasimachus elongatus,Pasimachus elongatus,Calathus advena,Pasimachus elongatus,Pasimachus elongatus,Carabus goryi,Pasimachus elongatus
/fs/ess/PAS2136/Rayeed/BeetlePalooza/individual_images/A00000033590.jpg/035dfd07-6e58-40cb-bd76-91fabd268a37_bc848777-4037-4553-836c-2265eb0617ec.png,Cymindis cribricollis,Cymindis cribricollis,Synuchus impunctatus,Cymindis cribricollis,Synuchus impunctatus,Synuchus impunctatus,Cymindis neglecta,Synuchus impunctatus,Synuchus impunctatus
/fs/ess/PAS2136/Rayeed/BeetlePalooza/individual_images/A00000056864.jpg/40210ea1-7f08-47d8-b765-19054c21eeca_e191d232-8e79-4f8f-8879-789fd902c535.png,Amara quenseli,Amara quenseli,Amara quenseli,Amara quenseli,Calathus advena,Amara quenseli,Amara quenseli,Amara quenseli,Amara quenseli
/fs/ess/PAS2136/Rayeed/BeetlePalooza/individual_images/RMNP_012.S.20180723.PTERES.01(11).jpg/e9f0a4bc-50d9-466a-89d6-d51196c6c621_ef224acf-3e68-4d01-991b-68b51b3a162c.png,Pterostichus restrictus,Synuchus impunctatus,Pterostichus restrictus,Pterostichus restrictus,Calathus advena,Synuchus impunctatus,Pterostichus restrictus,Synuchus impunctatus,Pterostichus restrictus
/fs/ess/PAS2136/Rayeed/BeetlePalooza/individual_images/A00000009083.jpg/3fc591d8-e8a3-4755-a018-79c44e226323_8cf39db0-d239-48a6-878a-1791538eb7bb.png,Carabus nemoralis,Calosoma affine,Calosoma affine,Calosoma affine,Calathus advena,Calosoma affine,Carabus goryi,Carabus goryi,Carabus nemoralis
/fs/ess/PAS2136/Rayeed/BeetlePalooza/individual_images/A00000034551.jpg/007e7413-b6ec-4439-84a2-a3e90a1b0320_6e539aac-ba54-4108-b197-468f50ebef67.png,Chlaenius aestivus,Pterostichus lachrymosus,Chlaenius aestivus,Chlaenius aestivus,Calathus advena,Calathus advena,Calathus advena,Pterostichus lachrymosus,Chlaenius aestivus
