ImageFilePath,Genus,Pred_NaiveBayes,Pred_LogisticRegression,Pred_SVMLinear,Pred_SVMPolynomial,Pred_SVMRadialBasis,Pred_NearestNeighbor,Pred_RandomForest,Pred_MLP_Baseline
/fs/ess/PAS2136/Hawaii-2025/beetles_intake/BeetlePUUM/CANON/individual_images/IMG_0158.JPG/12db687c-e030-47e6-b4d5-56ebefc5ab29.png,Mecyclothorax,Mecyclothorax,Mecyclothorax,Mecyclothorax,Mecyclothorax,Mecyclothorax,Mecyclothorax,Mecyclothorax,Mecyclothorax
/fs/ess/PAS2136/Hawaii-2025/beetles_intake/BeetlePUUM/CANON/individual_images/IMG_0315.JPG/b7960c72-0161-4c0a-bd53-ed435d40ab25.png,Trechus,Trechus,Trechus,Trechus,Mecyclothorax,Trechus,Trechus,Trechus,Trechus
/fs/ess/PAS2136/Hawaii-2025/beetles_intake/BeetlePUUM/CANON/individual_images/IMG_0163.JPG/3793a95b-4518-454e-becf-c99b2dcf7489.png,Mecyclothorax,Mecyclothorax,Mecyclothorax,Mecyclothorax,Mecyclothorax,Mecyclothorax,Mecyclothorax,Mecyclothorax,Mecyclothorax
/fs/ess/PAS2136/Hawaii-2025/beetles_intake/BeetlePUUM/CANON/individual_images/IMG_0147.JPG/1225383c-1e34-4cad-b6ac-643c30fe2554.png,Mecyclothorax,Mecyclothorax,Trechus,Trechus,Mecyclothorax,Mecyclothorax,Trechus,Trechus,Trechus
/fs/ess/PAS2136/Hawaii-2025/beetles_intake/BeetlePUUM/CANON/individual_images/IMG_0222.JPG/645c45e9-b350-43c5-bd02-7732d281faae.png,Mecyclothorax,Trechus,Mecyclothorax,Trechus,Mecyclothorax,Mecyclothorax,Mecyclothorax,Mecyclothorax,Mecyclothorax
/fs/ess/PAS2136/Hawaii-2025/beetles_intake/BeetlePUUM/CANON/individual_images/IMG_0384.JPG/569cbdae-bab2-4aaf-a731-d47ed94a9f2a.png,Mecyclothorax,Mecyclothorax,Mecyclothorax,Mecyclothorax,Mecyclothorax,Mecyclothorax,Mecyclothorax,Mecyclothorax,Mecyclothorax
/fs/ess/PAS2136/Hawaii-2025/beetles_intake/BeetlePUUM/CANON/individual_images/IMG_0415.JPG/e0de397d-7740-4697-bcda-cbe5f5a66aae.png,Mecyclothorax,Mecyclothorax,Mecyclothorax,Mecyclothorax,Mecyclothorax,Mecyclothorax,Mecyclothorax,Mecyclothorax,Mecyclothorax
/fs/ess/PAS2136/Hawaii-2025/beetles_intake/BeetlePUUM/CANON/individual_images/IMG_0207.JPG/b66dd08e-dc25-43b9-be88-1ced7cae31a1.png,Mecyclothorax,Trechus,Mecyclothorax,Mecyclothorax,Mecyclothorax,Mecyclothorax,Mecyclothorax,Mecyclothorax,Mecyclothorax
/fs/ess/PAS2136/Hawaii-2025/beetles_intake/BeetlePUUM/CANON/individual_images/IMG_0207.JPG/8aa0612c-603b-40bd-ad5a-faac00cf5c33.png,Mecyclothorax,Blackburnia,Mecyclothorax,Mecyclothorax,Mecyclothorax,Mecyclothorax,Trechus,Trechus,Mecyclothorax
/fs/ess/PAS2136/Hawaii-2025/beetles_intake/BeetlePUUM/CANON/individual_images/IMG_0204.JPG/7a4bd3f9-0e0b-4036-a7c1-f9d006cc4088.png,Blackburnia,Mecyclothorax,Mecyclothorax,Mecyclothorax,Mecyclothorax,Mecyclothorax,Mecyclothorax,Mecyclothorax,Mecyclothorax
/fs/ess/PAS2136/Hawaii-2025/beetles_intake/BeetlePUUM/CANON/individual_images/IMG_0557.JPG/0e9ca8ff-0356-49b0-9f8b-db6c19255076.png,Trechus,Trechus,Trechus,Trechus,Trechus,Mecyclothorax,Mecyclothorax,Mecyclothorax,Trechus
/fs/ess/PAS2136/Hawaii-2025/beetles_intake/BeetlePUUM/CANON/individual_images/IMG_0443.JPG/acb1d09e-d468-4047-a01f-28c478f6debc.png,Mecyclothorax,Mecyclothorax,Mecyclothorax,Mecyclothorax,Mecyclothorax,Mecyclothorax,Mecyclothorax,Mecyclothorax,Mecyclothorax
/fs/ess/PAS2136/Hawaii-2025/beetles_intake/BeetlePUUM/CANON/individual_images/IMG_0174.JPG/154fe059-64e3-4c3e-8259-cc65ced3af8e.png,Trechus,Trechus,Trechus,Trechus,Mecyclothorax,Trechus,Trechus,Trechus,Trechus
/fs/ess/PAS2136/Hawaii-2025/beetles_intake/BeetlePUUM/CANON/individual_images/IMG_0431.JPG/ade6fe5c-6d2d-4727-a421-4f340df998b9.png,Mecyclothorax,Mecyclothorax,Mecyclothorax,Mecyclothorax,Mecyclothorax,Mecyclothorax,Mecyclothorax,Mecyclothorax,Mecyclothorax
/fs/ess/PAS2136/Hawaii-2025/beetles_intake/BeetlePUUM/CANON/individual_images/IMG_0378.JPG/b719af17-d748-45ea-a442-063302551b48.png,Mecyclothorax,Mecyclothorax,Mecyclothorax,Mecyclothorax,Mecyclothorax,Mecyclothorax,Mecyclothorax,Mecyclothorax,Mecyclothorax
/fs/ess/PAS2136/Hawaii-2025/beetles_intake/BeetlePUUM/CANON/individual_images/IMG_0240.JPG/83b1bd62-6acc-4290-ba02-ed048d3bb0ce.png,Trechus,Trechus,Mecyclothorax,Mecyclothorax,Mecyclothorax,Trechus,Mecyclothorax,Trechus,Mecyclothorax
/fs/ess/PAS2136/Hawaii-2025/beetles_intake/BeetlePUUM/CANON/individual_images/IMG_0432.JPG/eae5f0cf-e39c-4853-9149-727b7b4202d9.png,Mecyclothorax,Trechus,Mecyclothorax,Mecyclothorax,Mecyclothorax,Mecyclothorax,Mecyclothorax,Mecyclothorax,Mecyclothorax
/fs/ess/PAS2136/Hawaii-2025/beetles_intake/BeetlePUUM/CANON/individual_images/IMG_0241.JPG/e02e0ba7-5f8a-4d2b-b8b0-3248986e5a67.png,Trechus,Trechus,Trechus,Trechus,Trechus,Trechus,Trechus,Trechus,Trechus
/fs/ess/PAS2136/Hawaii-2025/beetles_intake/BeetlePUUM/CANON/individual_images/IMG_0343.JPG/62805ba2-a5fe-41d2-9f4a-b903c563093d.png,Trechus,Trechus,Trechus,Trechus,Mecyclothorax,Trechus,Trechus,Trechus,Trechus
/fs/ess/PAS2136/Hawaii-2025/beetles_intake/BeetlePUUM/CANON/individual_images/IMG_0502.JPG/adfb1d62-7f90-4788-b578-74b9ce9f64e0.png,Mecyclothorax,Mecyclothorax,Mecyclothorax,Mecyclothorax,Mecyclothorax,Mecyclothorax,Mecyclothorax,Mecyclothorax,Mecyclothorax
/fs/ess/PAS2136/Hawaii-2025/beetles_intake/BeetlePUUM/CANON/individual_images/IMG_0289.JPG/489b08b3-7535-4ac0-84f8-9e4de50258a9.png,Mecyclothorax,Blackburnia,Mecyclothorax,Mecyclothorax,Mecyclothorax,Mecyclothorax,Mecyclothorax,Mecyclothorax,Mecyclothorax
/fs/ess/PAS2136/Hawaii-2025/beetles_intake/BeetlePUUM/CANON/individual_images/IMG_0284.JPG/78cc6972-345b-46ee-be0b-295ef6aed30e.png,Mecyclothorax,Trechus,Mecyclothorax,Mecyclothorax,Mecyclothorax,Mecyclothorax,Mecyclothorax,Mecyclothorax,Mecyclothorax
/fs/ess/PAS2136/Hawaii-2025/beetles_intake/BeetlePUUM/CANON/individual_images/IMG_0260.JPG/aba945d0-9647-4c07-93cc-66ca55a90609.png,Mecyclothorax,Mecyclothorax,Mecyclothorax,Mecyclothorax,Mecyclothorax,Mecyclothorax,Mecyclothorax,Mecyclothorax,Mecyclothorax
/fs/ess/PAS2136/Hawaii-2025/beetles_intake/BeetlePUUM/CANON/individual_images/IMG_0461.JPG/90ce5984-e8eb-4497-a721-7afda8f754a5.png,Trechus,Trechus,Trechus,Trechus,Mecyclothorax,Trechus,Trechus,Trechus,Trechus
/fs/ess/PAS2136/Hawaii-2025/beetles_intake/BeetlePUUM/CANON/individual_images/IMG_0341.JPG/f2e74027-97a8-4403-bb8f-27234dac4047.png,Trechus,Trechus,Mecyclothorax,Trechus,Mecyclothorax,Trechus,Trechus,Trechus,Mecyclothorax
/fs/ess/PAS2136/Hawaii-2025/beetles_intake/BeetlePUUM/CANON/individual_images/IMG_0291.JPG/b794bf4a-aec5-49b8-814d-e5e3d8de7d9a.png,Mecyclothorax,Trechus,Mecyclothorax,Mecyclothorax,Mecyclothorax,Mecyclothorax,Mecyclothorax,Mecyclothorax,Mecyclothorax
/fs/ess/PAS2136/Hawaii-2025/beetles_intake/BeetlePUUM/CANON/individual_images/IMG_0386.JPG/d0ddd287-c028-45f2-ae3e-fc7ddfe00f73.png,Mecyclothorax,Trechus,Mecyclothorax,Mecyclothorax,Mecyclothorax,Mecyclothorax,Trechus,Mecyclothorax,Mecyclothorax
/fs/ess/PAS2136/Hawaii-2025/beetles_intake/BeetlePUUM/CANON/individual_images/IMG_0518.JPG/d55ca290-b0ef-45cc-bc54-ea17160b504b.png,Mecyclothorax,Mecyclothorax,Mecyclothorax,Mecyclothorax,Mecyclothorax,Mecyclothorax,Mecyclothorax,Mecyclothorax,Mecyclothorax
/fs/ess/PAS2136/Hawaii-2025/beetles_intake/BeetlePUUM/CANON/individual_images/IMG_0271.JPG/c56c0737-6381-43bd-bdeb-50ba713ea5bb.png,Mecyclothorax,Mecyclothorax,Mecyclothorax,Mecyclothorax,Trechus,Mecyclothorax,Mecyclothorax,Mecyclothorax,Mecyclothorax
/fs/ess/PAS2136/Hawaii-2025/beetles_intake/BeetlePUUM/CANON/individual_images/IMG_0149.JPG/68cfeb8b-3232-44b1-8868-240194fb8448.png,Mecyclothorax,Mecyclothorax,Mecyclothorax,Mecyclothorax,Mecyclothorax,Mecyclothorax,Mecyclothorax,Mecyclothorax,Mecyclothorax
/fs/ess/PAS2136/Hawaii-2025/beetles_intake/BeetlePUUM/CANON/individual_images/IMG_0425.JPG/06a8a425-f9a4-4d65-88b7-2971996587b4.png,Mecyclothorax,Mecyclothorax,Mecyclothorax,Mecyclothorax,Mecyclothorax,Mecyclothorax,Mecyclothorax,Mecyclothorax,Mecyclothorax
/fs/ess/PAS2136/Hawaii-2025/beetles_intake/BeetlePUUM/CANON/individual_images/IMG_0358.JPG/01dfcc04-5e82-495b-b0ea-1343fa25c7ec.png,Mecyclothorax,Trechus,Mecyclothorax,Mecyclothorax,Mecyclothorax,Mecyclothorax,Mecyclothorax,Mecyclothorax,Mecyclothorax
/fs/ess/PAS2136/Hawaii-2025/beetles_intake/BeetlePUUM/CANON/individual_images/IMG_0358.JPG/8e254ce6-e99b-44b7-9eb9-2973acb83496.png,Mecyclothorax,Trechus,Mecyclothorax,Mecyclothorax,Mecyclothorax,Mecyclothorax,Mecyclothorax,Mecyclothorax,Mecyclothorax
/fs/ess/PAS2136/Hawaii-2025/beetles_intake/BeetlePUUM/CANON/individual_images/IMG_0357.JPG/4a4af0e5-bb71-417b-8931-05a49752b9b5.png,Mecyclothorax,Trechus,Mecyclothorax,Mecyclothorax,Mecyclothorax,Mecyclothorax,Mecyclothorax,Mecyclothorax,Mecyclothorax
/fs/ess/PAS2136/Hawaii-2025/beetles_intake/BeetlePUUM/CANON/individual_images/IMG_0376.JPG/713dfe94-3efa-4a4e-8767-ee828158736b.png,Mecyclothorax,Mecyclothorax,Mecyclothorax,Mecyclothorax,Mecyclothorax,Mecyclothorax,Mecyclothorax,Mecyclothorax,Mecyclothorax
/fs/ess/PAS2136/Hawaii-2025/beetles_intake/BeetlePUUM/CANON/individual_images/IMG_0140.JPG/2703730d-51b3-43b4-b849-5d5f5bb5ecaf.png,Mecyclothorax,Mecyclothorax,Mecyclothorax,Mecyclothorax,Mecyclothorax,Mecyclothorax,Mecyclothorax,Mecyclothorax,Mecyclothorax
/fs/ess/PAS2136/Hawaii-2025/beetles_intake/BeetlePUUM/CANON/individual_images/IMG_0273.JPG/e7ac6525-84bc-4b14-9adf-dfee40b7ee85.png,Trechus,Mecyclothorax,Trechus,Trechus,Trechus,Mecyclothorax,Trechus,Mecyclothorax,Trechus
/fs/ess/PAS2136/Hawaii-2025/beetles_intake/BeetlePUUM/CANON/individual_images/IMG_0548.JPG/3a44756f-8a60-4571-b32b-40c8463d052a.png,Trechus,Blackburnia,Trechus,Trechus,Mecyclothorax,Trechus,Trechus,Trechus,Trechus
/fs/ess/PAS2136/Hawaii-2025/beetles_intake/BeetlePUUM/CANON/individual_images/IMG_0458.JPG/15e8d568-e0bb-4077-9e39-d4fec0056ce7.png,Trechus,Mecyclothorax,Blackburnia,Blackburnia,Mecyclothorax,Mecyclothorax,Mecyclothorax,Trechus,Trechus
/fs/ess/PAS2136/Hawaii-2025/beetles_intake/BeetlePUUM/CANON/individual_images/IMG_0251.JPG/9431ccfa-2d59-416e-9cf0-e6bd53632e29.png,Mecyclothorax,Mecyclothorax,Mecyclothorax,Mecyclothorax,Mecyclothorax,Mecyclothorax,Mecyclothorax,Mecyclothorax,Mecyclothorax
/fs/ess/PAS2136/Hawaii-2025/beetles_intake/BeetlePUUM/CANON/individual_images/IMG_0225.JPG/a99622fd-7928-4184-a54a-b41f41e4ddee.png,Mecyclothorax,Trechus,Mecyclothorax,Mecyclothorax,Mecyclothorax,Mecyclothorax,Mecyclothorax,Mecyclothorax,Mecyclothorax
/fs/ess/PAS2136/Hawaii-2025/beetles_intake/BeetlePUUM/CANON/individual_images/IMG_0151.JPG/09061765-6bdc-46b4-8714-f9b5b73bf36f.png,Mecyclothorax,Mecyclothorax,Mecyclothorax,Mecyclothorax,Mecyclothorax,Mecyclothorax,Mecyclothorax,Mecyclothorax,Mecyclothorax
/fs/ess/PAS2136/Hawaii-2025/beetles_intake/BeetlePUUM/CANON/individual_images/IMG_0496.JPG/851b54ea-8dc5-4b77-90b7-6adafc15f1ab.png,Mecyclothorax,Trechus,Mecyclothorax,Mecyclothorax,Mecyclothorax,Mecyclothorax,Mecyclothorax,Mecyclothorax,Mecyclothorax
/fs/ess/PAS2136/Hawaii-2025/beetles_intake/BeetlePUUM/CANON/individual_images/IMG_0507.JPG/5cde1129-7a6c-44fc-9d0c-d8d2462d31fa.png,Mecyclothorax,Trechus,Mecyclothorax,Mecyclothorax,Mecyclothorax,Mecyclothorax,Mecyclothorax,Mecyclothorax,Mecyclothorax
/fs/ess/PAS2136/Hawaii-2025/beetles_intake/BeetlePUUM/CANON/individual_images/IMG_0128.JPG/224e5fd1-06c7-446b-bc33-a484968c1631.png,Blackburnia,Mecyclothorax,Mecyclothorax,Mecyclothorax,Mecyclothorax,Mecyclothorax,Mecyclothorax,Mecyclothorax,Blackburnia
/fs/ess/PAS2136/Hawaii-2025/beetles_intake/BeetlePUUM/CANON/individual_images/IMG_0116.JPG/48436788-fa60-466b-bc7d-4720d7e8895a.png,Mecyclothorax,Mecyclothorax,Mecyclothorax,Mecyclothorax,Mecyclothorax,Mecyclothorax,Mecyclothorax,Mecyclothorax,Mecyclothorax
/fs/ess/PAS2136/Hawaii-2025/beetles_intake/BeetlePUUM/CANON/individual_images/IMG_0493.JPG/d0b18d99-3eee-4bba-8a10-434d864dec2d.png,Trechus,Trechus,Trechus,Trechus,Mecyclothorax,Trechus,Trechus,Trechus,Trechus
/fs/ess/PAS2136/Hawaii-2025/beetles_intake/BeetlePUUM/CANON/individual_images/IMG_0206.JPG/79e4b857-4ba2-46b6-8a2e-c4dc43b1bbc1.png,Mecyclothorax,Mecyclothorax,Mecyclothorax,Blackburnia,Blackburnia,Mecyclothorax,Mecyclothorax,Mecyclothorax,Mecyclothorax
/fs/ess/PAS2136/Hawaii-2025/beetles_intake/BeetlePUUM/CANON/individual_images/IMG_0543.JPG/afa5854f-a2eb-463d-9d67-38d99475e2e4.png,Trechus,Trechus,Trechus,Trechus,Mecyclothorax,Trechus,Trechus,Trechus,Trechus
/fs/ess/PAS2136/Hawaii-2025/beetles_intake/BeetlePUUM/CANON/individual_images/IMG_0323.JPG/05911b96-13ac-417b-862d-4cb41012fd47.png,Trechus,Trechus,Trechus,Trechus,Mecyclothorax,Mecyclothorax,Trechus,Mecyclothorax,Trechus
/fs/ess/PAS2136/Hawaii-2025/beetles_intake/BeetlePUUM/CANON/individual_images/IMG_0214.JPG/40260442-37cb-4283-9a73-74a02d6e2549.png,Mecyclothorax,Mecyclothorax,Mecyclothorax,Mecyclothorax,Mecyclothorax,Mecyclothorax,Mecyclothorax,Mecyclothorax,Mecyclothorax
/fs/ess/PAS2136/Hawaii-2025/beetles_intake/BeetlePUUM/CANON/individual_images/IMG_0548.JPG/773b52c9-ee4d-497c-a24c-71531e43696f.png,Trechus,Trechus,Trechus,Trechus,Mecyclothorax,Trechus,Trechus,Trechus,Trechus
/fs/ess/PAS2136/Hawaii-2025/beetles_intake/BeetlePUUM/CANON/individual_images/IMG_0281.JPG/fb54e917-9735-4ae2-a96e-7fb1b1fe9e50.png,Mecyclothorax,Mecyclothorax,Mecyclothorax,Mecyclothorax,Mecyclothorax,Mecyclothorax,Mecyclothorax,Mecyclothorax,Mecyclothorax
/fs/ess/PAS2136/Hawaii-2025/beetles_intake/BeetlePUUM/CANON/individual_images/IMG_0205.JPG/97007f89-27b3-4e94-8bf2-308203b56ce1.png,Mecyclothorax,Trechus,Mecyclothorax,Mecyclothorax,Mecyclothorax,Mecyclothorax,Mecyclothorax,Mecyclothorax,Mecyclothorax
/fs/ess/PAS2136/Hawaii-2025/beetles_intake/BeetlePUUM/CANON/individual_images/IMG_0505.JPG/720b5673-54a6-430e-8f80-2c72d149cf0e.png,Mecyclothorax,Mecyclothorax,Mecyclothorax,Mecyclothorax,Mecyclothorax,Mecyclothorax,Mecyclothorax,Mecyclothorax,Mecyclothorax
/fs/ess/PAS2136/Hawaii-2025/beetles_intake/BeetlePUUM/CANON/individual_images/IMG_0180.JPG/242495ba-78fb-41bc-abf7-bb458233d71b.png,Trechus,Trechus,Trechus,Trechus,Mecyclothorax,Trechus,Trechus,Trechus,Trechus
/fs/ess/PAS2136/Hawaii-2025/beetles_intake/BeetlePUUM/CANON/individual_images/IMG_0247.JPG/dd411bdd-70b9-4e10-9997-3c7fdb6a9dc0.png,Blackburnia,Mecyclothorax,Mecyclothorax,Mecyclothorax,Mecyclothorax,Mecyclothorax,Mecyclothorax,Mecyclothorax,Agonum
/fs/ess/PAS2136/Hawaii-2025/beetles_intake/BeetlePUUM/CANON/individual_images/IMG_0165.JPG/309c1d1c-ce93-4d5e-95c6-53c8e75fd06e.png,Mecyclothorax,Mecyclothorax,Mecyclothorax,Mecyclothorax,Mecyclothorax,Mecyclothorax,Mecyclothorax,Mecyclothorax,Mecyclothorax
/fs/ess/PAS2136/Hawaii-2025/beetles_intake/BeetlePUUM/CANON/individual_images/IMG_0462.JPG/cd228238-f002-4591-a2db-a626d29e45ec.png,Trechus,Trechus,Trechus,Trechus,Mecyclothorax,Trechus,Mecyclothorax,Trechus,Trechus
/fs/ess/PAS2136/Hawaii-2025/beetles_intake/BeetlePUUM/CANON/individual_images/IMG_0134.JPG/f57d715d-ca9f-4870-924d-a2890bd478b9.png,Mecyclothorax,Mecyclothorax,Mecyclothorax,Blackburnia,Mecyclothorax,Mecyclothorax,Mecyclothorax,Mecyclothorax,Mecyclothorax
/fs/ess/PAS2136/Hawaii-2025/beetles_intake/BeetlePUUM/CANON/individual_images/IMG_0238.JPG/2e9ffc8d-71e6-4f1a-b2f8-5a0580104838.png,Trechus,Trechus,Trechus,Trechus,Mecyclothorax,Trechus,Trechus,Mecyclothorax,Trechus
/fs/ess/PAS2136/Hawaii-2025/beetles_intake/BeetlePUUM/CANON/individual_images/IMG_0285.JPG/f9817130-f76d-4ca8-93f1-41b1a41cc551.png,Mecyclothorax,Trechus,Mecyclothorax,Mecyclothorax,Mecyclothorax,Mecyclothorax,Mecyclothorax,Mecyclothorax,Trechus
/fs/ess/PAS2136/Hawaii-2025/beetles_intake/BeetlePUUM/CANON/individual_images/IMG_0492.JPG/a4c37466-1ddd-4767-b98a-d81d8fe1b97b.png,Trechus,Trechus,Trechus,Trechus,Mecyclothorax,Trechus,Mecyclothorax,Trechus,Trechus
/fs/ess/PAS2136/Hawaii-2025/beetles_intake/BeetlePUUM/CANON/individual_images/IMG_0133.JPG/8f6ef59b-26ea-4210-aa54-412f1daa6700.png,Blackburnia,Trechus,Trechus,Trechus,Mecyclothorax,Trechus,Mecyclothorax,Trechus,Trechus
/fs/ess/PAS2136/Hawaii-2025/beetles_intake/BeetlePUUM/CANON/individual_images/IMG_0535.JPG/15d5ecb2-8557-4b3c-8682-27de20896caf.png,Trechus,Trechus,Trechus,Trechus,Mecyclothorax,Trechus,Trechus,Trechus,Trechus
/fs/ess/PAS2136/Hawaii-2025/beetles_intake/BeetlePUUM/CANON/individual_images/IMG_0319.JPG/984888a5-11bf-4e19-86a8-b58bbaef7243.png,Trechus,Trechus,Trechus,Trechus,Mecyclothorax,Trechus,Trechus,Trechus,Trechus
/fs/ess/PAS2136/Hawaii-2025/beetles_intake/BeetlePUUM/CANON/individual_images/IMG_0162.JPG/2cf7e26b-0fef-4ae9-b051-ff28f4c5b141.png,Mecyclothorax,Mecyclothorax,Mecyclothorax,Mecyclothorax,Mecyclothorax,Mecyclothorax,Mecyclothorax,Mecyclothorax,Mecyclothorax
/fs/ess/PAS2136/Hawaii-2025/beetles_intake/BeetlePUUM/CANON/individual_images/IMG_0450.JPG/42f8b9ca-95ba-43bb-9295-f96eaffac9fb.png,Mecyclothorax,Trechus,Mecyclothorax,Mecyclothorax,Mecyclothorax,Mecyclothorax,Trechus,Mecyclothorax,Mecyclothorax
/fs/ess/PAS2136/Hawaii-2025/beetles_intake/BeetlePUUM/CANON/individual_images/IMG_0444.JPG/8030a3e6-fd28-40a7-b676-5fcd43d7e365.png,Mecyclothorax,Mecyclothorax,Mecyclothorax,Mecyclothorax,Mecyclothorax,Mecyclothorax,Mecyclothorax,Mecyclothorax,Mecyclothorax
/fs/ess/PAS2136/Hawaii-2025/beetles_intake/BeetlePUUM/CANON/individual_images/IMG_0539.JPG/b7cfdab0-6142-4cc0-a07c-464160e42648.png,Trechus,Trechus,Trechus,Trechus,Mecyclothorax,Trechus,Mecyclothorax,Trechus,Trechus
/fs/ess/PAS2136/Hawaii-2025/beetles_intake/BeetlePUUM/CANON/individual_images/IMG_0334.JPG/e2ebfda5-41f1-4f0a-b4a7-6f8455d04c23.png,Trechus,Trechus,Trechus,Trechus,Mecyclothorax,Trechus,Trechus,Trechus,Trechus
/fs/ess/PAS2136/Hawaii-2025/beetles_intake/BeetlePUUM/CANON/individual_images/IMG_0240.JPG/35587008-b08e-42f9-b469-20e96e062772.png,Trechus,Mecyclothorax,Trechus,Trechus,Mecyclothorax,Mecyclothorax,Mecyclothorax,Mecyclothorax,Trechus
/fs/ess/PAS2136/Hawaii-2025/beetles_intake/BeetlePUUM/CANON/individual_images/IMG_0388.JPG/2a64fcc0-dbc4-4c5b-af62-e2e3acb72fe4.png,Mecyclothorax,Mecyclothorax,Mecyclothorax,Mecyclothorax,Mecyclothorax,Mecyclothorax,Mecyclothorax,Mecyclothorax,Mecyclothorax
/fs/ess/PAS2136/Hawaii-2025/beetles_intake/BeetlePUUM/CANON/individual_images/IMG_0473.JPG/0d77e131-7ffa-4ee2-9267-b54a31f5082f.png,Trechus,Trechus,Trechus,Trechus,Mecyclothorax,Mecyclothorax,Trechus,Mecyclothorax,Trechus
/fs/ess/PAS2136/Hawaii-2025/beetles_intake/BeetlePUUM/CANON/individual_images/IMG_0344.JPG/4c490c43-2f19-46d3-9895-a3a5484ec257.png,Trechus,Trechus,Trechus,Trechus,Mecyclothorax,Mecyclothorax,Mecyclothorax,Mecyclothorax,Trechus
/fs/ess/PAS2136/Hawaii-2025/beetles_intake/BeetlePUUM/CANON/individual_images/IMG_0361.JPG/bb27a88e-030e-48af-9e18-b79319174766.png,Mecyclothorax,Mecyclothorax,Mecyclothorax,Mecyclothorax,Mecyclothorax,Mecyclothorax,Mecyclothorax,Mecyclothorax,Mecyclothorax
/fs/ess/PAS2136/Hawaii-2025/beetles_intake/BeetlePUUM/CANON/individual_images/IMG_0216.JPG/d9b70a0d-0bdb-4b47-8305-222503c914f7.png,Mecyclothorax,Trechus,Mecyclothorax,Mecyclothorax,Mecyclothorax,Mecyclothorax,Mecyclothorax,Mecyclothorax,Mecyclothorax
/fs/ess/PAS2136/Hawaii-2025/beetles_intake/BeetlePUUM/CANON/individual_images/IMG_0266.JPG/f140dec4-f3ff-4365-97fb-28083984b1ef.png,Mecyclothorax,Mecyclothorax,Mecyclothorax,Mecyclothorax,Mecyclothorax,Mecyclothorax,Mecyclothorax,Mecyclothorax,Mecyclothorax
/fs/ess/PAS2136/Hawaii-2025/beetles_intake/BeetlePUUM/CANON/individual_images/IMG_0324.JPG/cc3b52a7-0a1a-48b8-9373-f70046be2ac1.png,Trechus,Mecyclothorax,Trechus,Trechus,Mecyclothorax,Trechus,Trechus,Trechus,Trechus
/fs/ess/PAS2136/Hawaii-2025/beetles_intake/BeetlePUUM/CANON/individual_images/IMG_0484.JPG/5432db77-af23-401a-9832-6721077bfbcf.png,Trechus,Trechus,Trechus,Trechus,Mecyclothorax,Trechus,Mecyclothorax,Trechus,Trechus
/fs/ess/PAS2136/Hawaii-2025/beetles_intake/BeetlePUUM/CANON/individual_images/IMG_0520.JPG/0198fb91-1071-4140-b528-c8e7c06acb5b.png,Mecyclothorax,Trechus,Mecyclothorax,Mecyclothorax,Mecyclothorax,Mecyclothorax,Mecyclothorax,Mecyclothorax,Mecyclothorax
/fs/ess/PAS2136/Hawaii-2025/beetles_intake/BeetlePUUM/CANON/individual_images/IMG_0483.JPG/4c7e6a61-b319-48d3-ab88-bbecf238a98e.png,Trechus,Trechus,Trechus,Trechus,Mecyclothorax,Trechus,Trechus,Trechus,Trechus
/fs/ess/PAS2136/Hawaii-2025/beetles_intake/BeetlePUUM/CANON/individual_images/IMG_0320.JPG/78c3d9d2-5d14-4fd1-a0ed-1a540a78e575.png,Trechus,Trechus,Trechus,Trechus,Mecyclothorax,Trechus,Trechus,Trechus,Trechus
/fs/ess/PAS2136/Hawaii-2025/beetles_intake/BeetlePUUM/CANON/individual_images/IMG_0529.JPG/0aa17fde-c4aa-4407-b6c0-46eabd0125fd.png,Mecyclothorax,Trechus,Trechus,Trechus,Mecyclothorax,Mecyclothorax,Trechus,Trechus,Trechus
/fs/ess/PAS2136/Hawaii-2025/beetles_intake/BeetlePUUM/CANON/individual_images/IMG_0193.JPG/3efc54f1-d246-4524-bb32-ac6b2c6f0285.png,Mecyclothorax,Mecyclothorax,Mecyclothorax,Mecyclothorax,Trechus,Mecyclothorax,Mecyclothorax,Mecyclothorax,Mecyclothorax
/fs/ess/PAS2136/Hawaii-2025/beetles_intake/BeetlePUUM/CANON/individual_images/IMG_0456.JPG/cc3427a2-ea2a-4526-b21c-c364ad5dbb35.png,Mecyclothorax,Trechus,Mecyclothorax,Mecyclothorax,Mecyclothorax,Mecyclothorax,Mecyclothorax,Mecyclothorax,Mecyclothorax
/fs/ess/PAS2136/Hawaii-2025/beetles_intake/BeetlePUUM/CANON/individual_images/IMG_0216.JPG/1de7c86a-c84c-47de-af06-b8b7b11b3753.png,Mecyclothorax,Mecyclothorax,Mecyclothorax,Mecyclothorax,Mecyclothorax,Mecyclothorax,Mecyclothorax,Mecyclothorax,Mecyclothorax
/fs/ess/PAS2136/Hawaii-2025/beetles_intake/BeetlePUUM/CANON/individual_images/IMG_0438.JPG/db61efd0-63d9-4769-b475-03f582ddc905.png,Mecyclothorax,Mecyclothorax,Mecyclothorax,Mecyclothorax,Mecyclothorax,Mecyclothorax,Mecyclothorax,Mecyclothorax,Mecyclothorax
/fs/ess/PAS2136/Hawaii-2025/beetles_intake/BeetlePUUM/CANON/individual_images/IMG_0215.JPG/d2c0148e-be31-44a9-8790-5127aa248acf.png,Mecyclothorax,Mecyclothorax,Mecyclothorax,Mecyclothorax,Mecyclothorax,Mecyclothorax,Mecyclothorax,Mecyclothorax,Mecyclothorax
/fs/ess/PAS2136/Hawaii-2025/beetles_intake/BeetlePUUM/CANON/individual_images/IMG_0523.JPG/a9d014da-4855-44a7-8018-c1a2f5e47fac.png,Mecyclothorax,Trechus,Mecyclothorax,Mecyclothorax,Mecyclothorax,Mecyclothorax,Mecyclothorax,Mecyclothorax,Mecyclothorax
/fs/ess/PAS2136/Hawaii-2025/beetles_intake/BeetlePUUM/CANON/individual_images/IMG_0259.JPG/563c030d-c776-452b-8f8b-49c78eeed881.png,Mecyclothorax,Mecyclothorax,Mecyclothorax,Mecyclothorax,Mecyclothorax,Mecyclothorax,Mecyclothorax,Mecyclothorax,Mecyclothorax
/fs/ess/PAS2136/Hawaii-2025/beetles_intake/BeetlePUUM/CANON/individual_images/IMG_0518.JPG/a44f0c74-5bf8-46d4-9ae5-afdd40cd8a23.png,Mecyclothorax,Mecyclothorax,Mecyclothorax,Mecyclothorax,Mecyclothorax,Mecyclothorax,Mecyclothorax,Mecyclothorax,Mecyclothorax
/fs/ess/PAS2136/Hawaii-2025/beetles_intake/BeetlePUUM/CANON/individual_images/IMG_0155.JPG/389989c1-6928-4f0c-84fb-441433f1f661.png,Mecyclothorax,Mecyclothorax,Mecyclothorax,Mecyclothorax,Mecyclothorax,Mecyclothorax,Mecyclothorax,Mecyclothorax,Mecyclothorax
/fs/ess/PAS2136/Hawaii-2025/beetles_intake/BeetlePUUM/CANON/individual_images/IMG_0311.JPG/c5c6177e-02d1-4f50-86bd-95f9eee8fcec.png,Trechus,Trechus,Trechus,Trechus,Mecyclothorax,Trechus,Trechus,Trechus,Trechus
/fs/ess/PAS2136/Hawaii-2025/beetles_intake/BeetlePUUM/CANON/individual_images/IMG_0376.JPG/41797284-cd17-45cb-9ec3-0f25f1253ece.png,Mecyclothorax,Trechus,Mecyclothorax,Mecyclothorax,Mecyclothorax,Mecyclothorax,Mecyclothorax,Mecyclothorax,Mecyclothorax
/fs/ess/PAS2136/Hawaii-2025/beetles_intake/BeetlePUUM/CANON/individual_images/IMG_0176.JPG/6dda4b02-2414-42be-a7d8-fc553de5a3ea.png,Trechus,Blackburnia,Trechus,Trechus,Mecyclothorax,Trechus,Mecyclothorax,Trechus,Trechus
/fs/ess/PAS2136/Hawaii-2025/beetles_intake/BeetlePUUM/CANON/individual_images/IMG_0512.JPG/d137ec5f-91b5-4b8b-8b06-69e4c8654626.png,Mecyclothorax,Trechus,Mecyclothorax,Mecyclothorax,Mecyclothorax,Mecyclothorax,Mecyclothorax,Mecyclothorax,Mecyclothorax
/fs/ess/PAS2136/Hawaii-2025/beetles_intake/BeetlePUUM/CANON/individual_images/IMG_0213.JPG/1e0b8ee2-cc7a-4333-9943-cbd8e2b307f6.png,Mecyclothorax,Mecyclothorax,Mecyclothorax,Mecyclothorax,Mecyclothorax,Mecyclothorax,Mecyclothorax,Mecyclothorax,Mecyclothorax
/fs/ess/PAS2136/Hawaii-2025/beetles_intake/BeetlePUUM/CANON/individual_images/IMG_0468.JPG/f29064b6-954e-4e49-a45d-5960ff03a794.png,Trechus,Trechus,Trechus,Trechus,Mecyclothorax,Trechus,Trechus,Trechus,Trechus
/fs/ess/PAS2136/Hawaii-2025/beetles_intake/BeetlePUUM/CANON/individual_images/IMG_0285.JPG/33789239-7086-4fed-bf78-e391b264a789.png,Mecyclothorax,Mecyclothorax,Mecyclothorax,Mecyclothorax,Mecyclothorax,Mecyclothorax,Trechus,Mecyclothorax,Trechus
/fs/ess/PAS2136/Hawaii-2025/beetles_intake/BeetlePUUM/CANON/individual_images/IMG_0241.JPG/ddbc0141-e694-444b-9c0f-23bba818d93a.png,Trechus,Trechus,Trechus,Trechus,Mecyclothorax,Trechus,Trechus,Trechus,Trechus
/fs/ess/PAS2136/Hawaii-2025/beetles_intake/BeetlePUUM/CANON/individual_images/IMG_0489.JPG/48782997-0060-48f7-a413-04d67255f814.png,Trechus,Trechus,Trechus,Trechus,Mecyclothorax,Trechus,Trechus,Trechus,Trechus
/fs/ess/PAS2136/Hawaii-2025/beetles_intake/BeetlePUUM/CANON/individual_images/IMG_0397.JPG/d8188635-f302-4450-9479-273aaa53ee48.png,Mecyclothorax,Mecyclothorax,Mecyclothorax,Mecyclothorax,Mecyclothorax,Mecyclothorax,Mecyclothorax,Mecyclothorax,Mecyclothorax
/fs/ess/PAS2136/Hawaii-2025/beetles_intake/BeetlePUUM/CANON/individual_images/IMG_0542.JPG/c65a6963-796f-43a0-b203-1518eba93a8d.png,Trechus,Trechus,Trechus,Trechus,Mecyclothorax,Trechus,Trechus,Trechus,Trechus
/fs/ess/PAS2136/Hawaii-2025/beetles_intake/BeetlePUUM/CANON/individual_images/IMG_0284.JPG/262be2cf-30bc-4cf8-9c66-336a49af4a53.png,Mecyclothorax,Trechus,Mecyclothorax,Mecyclothorax,Mecyclothorax,Mecyclothorax,Mecyclothorax,Mecyclothorax,Mecyclothorax
/fs/ess/PAS2136/Hawaii-2025/beetles_intake/BeetlePUUM/CANON/individual_images/IMG_0252.JPG/6cd4ff6a-c42f-4ffa-b3e4-6c0cab8acfed.png,Mecyclothorax,Trechus,Mecyclothorax,Mecyclothorax,Mecyclothorax,Mecyclothorax,Mecyclothorax,Mecyclothorax,Mecyclothorax
/fs/ess/PAS2136/Hawaii-2025/beetles_intake/BeetlePUUM/CANON/individual_images/IMG_0343.JPG/258a5f83-eb6e-4b5a-9532-403db60dad35.png,Trechus,Trechus,Trechus,Trechus,Mecyclothorax,Trechus,Trechus,Trechus,Trechus
/fs/ess/PAS2136/Hawaii-2025/beetles_intake/BeetlePUUM/CANON/individual_images/IMG_0399.JPG/4325590b-38e7-4d87-a26f-6f388c09e7e6.png,Mecyclothorax,Blackburnia,Mecyclothorax,Mecyclothorax,Mecyclothorax,Mecyclothorax,Mecyclothorax,Mecyclothorax,Mecyclothorax
/fs/ess/PAS2136/Hawaii-2025/beetles_intake/BeetlePUUM/CANON/individual_images/IMG_0268.JPG/a94c6545-5f90-46d1-ab84-08c3f99d29de.png,Mecyclothorax,Mecyclothorax,Mecyclothorax,Mecyclothorax,Mecyclothorax,Mecyclothorax,Mecyclothorax,Mecyclothorax,Mecyclothorax
/fs/ess/PAS2136/Hawaii-2025/beetles_intake/BeetlePUUM/CANON/individual_images/IMG_0379.JPG/77b8d529-2100-439c-ade6-7a57826c6550.png,Mecyclothorax,Mecyclothorax,Mecyclothorax,Mecyclothorax,Mecyclothorax,Mecyclothorax,Mecyclothorax,Mecyclothorax,Mecyclothorax
/fs/ess/PAS2136/Hawaii-2025/beetles_intake/BeetlePUUM/CANON/individual_images/IMG_0496.JPG/d2076a01-5354-4e32-9d7f-cb41c7d5b26c.png,Mecyclothorax,Trechus,Mecyclothorax,Mecyclothorax,Mecyclothorax,Mecyclothorax,Mecyclothorax,Mecyclothorax,Mecyclothorax
/fs/ess/PAS2136/Hawaii-2025/beetles_intake/BeetlePUUM/CANON/individual_images/IMG_0266.JPG/9f91d95a-9f5e-405a-9cff-a177c73b1918.png,Mecyclothorax,Mecyclothorax,Mecyclothorax,Mecyclothorax,Mecyclothorax,Mecyclothorax,Mecyclothorax,Mecyclothorax,Mecyclothorax
/fs/ess/PAS2136/Hawaii-2025/beetles_intake/BeetlePUUM/CANON/individual_images/IMG_0530.JPG/6def2e42-cad3-418a-b1c3-5e623ad2cc9c.png,Trechus,Trechus,Trechus,Trechus,Mecyclothorax,Trechus,Trechus,Trechus,Trechus
/fs/ess/PAS2136/Hawaii-2025/beetles_intake/BeetlePUUM/CANON/individual_images/IMG_0354.JPG/bf337c29-b9a3-4e23-a280-6963d8a02c97.png,Mecyclothorax,Trechus,Mecyclothorax,Mecyclothorax,Mecyclothorax,Mecyclothorax,Mecyclothorax,Mecyclothorax,Mecyclothorax
/fs/ess/PAS2136/Hawaii-2025/beetles_intake/BeetlePUUM/CANON/individual_images/IMG_0330.JPG/58ff06d2-d82c-467c-b7ac-4e0a80377d2c.png,Mecyclothorax,Trechus,Mecyclothorax,Mecyclothorax,Mecyclothorax,Mecyclothorax,Mecyclothorax,Mecyclothorax,Mecyclothorax
/fs/ess/PAS2136/Hawaii-2025/beetles_intake/BeetlePUUM/CANON/individual_images/IMG_0434.JPG/b5457475-4173-4fc2-a486-c90b1974a950.png,Mecyclothorax,Trechus,Mecyclothorax,Mecyclothorax,Mecyclothorax,Mecyclothorax,Mecyclothorax,Mecyclothorax,Mecyclothorax
/fs/ess/PAS2136/Hawaii-2025/beetles_intake/BeetlePUUM/CANON/individual_images/IMG_0294.JPG/fc0e88bd-c68e-4d3a-86e0-845a0b762b81.png,Mecyclothorax,Trechus,Mecyclothorax,Mecyclothorax,Mecyclothorax,Mecyclothorax,Mecyclothorax,Mecyclothorax,Mecyclothorax
/fs/ess/PAS2136/Hawaii-2025/beetles_intake/BeetlePUUM/CANON/individual_images/IMG_0126.JPG/38e6497f-40a3-4e7d-b3df-dcc92eae47e6.png,Blackburnia,Blackburnia,Mecyclothorax,Mecyclothorax,Mecyclothorax,Mecyclothorax,Mecyclothorax,Mecyclothorax,Mecyclothorax
/fs/ess/PAS2136/Hawaii-2025/beetles_intake/BeetlePUUM/CANON/individual_images/IMG_0335.JPG/012e0c74-3b80-4d44-bd24-a2dede346d07.png,Trechus,Mecyclothorax,Trechus,Trechus,Mecyclothorax,Trechus,Trechus,Trechus,Trechus
/fs/ess/PAS2136/Hawaii-2025/beetles_intake/BeetlePUUM/CANON/individual_images/IMG_0439.JPG/e3069a9d-f144-4688-939a-1d986161a291.png,Mecyclothorax,Trechus,Mecyclothorax,Mecyclothorax,Mecyclothorax,Mecyclothorax,Mecyclothorax,Mecyclothorax,Mecyclothorax
/fs/ess/PAS2136/Hawaii-2025/beetles_intake/BeetlePUUM/CANON/individual_images/IMG_0213.JPG/f9e194f7-fcce-4a26-baf5-1773e99cf1bb.png,Mecyclothorax,Mecyclothorax,Mecyclothorax,Mecyclothorax,Mecyclothorax,Mecyclothorax,Trechus,Mecyclothorax,Mecyclothorax
/fs/ess/PAS2136/Hawaii-2025/beetles_intake/BeetlePUUM/CANON/individual_images/IMG_0163.JPG/9c7e29a6-cf97-4cfd-9a26-83a855a9ecb8.png,Mecyclothorax,Mecyclothorax,Mecyclothorax,Mecyclothorax,Mecyclothorax,Mecyclothorax,Mecyclothorax,Mecyclothorax,Mecyclothorax
/fs/ess/PAS2136/Hawaii-2025/beetles_intake/BeetlePUUM/CANON/individual_images/IMG_0482.JPG/a45460fc-7544-497e-861a-520894d0660b.png,Trechus,Trechus,Trechus,Trechus,Mecyclothorax,Trechus,Trechus,Mecyclothorax,Trechus
/fs/ess/PAS2136/Hawaii-2025/beetles_intake/BeetlePUUM/CANON/individual_images/IMG_0111.JPG/c3bceb79-aeb7-48b8-811d-652dca6efb32.png,Mecyclothorax,Trechus,Mecyclothorax,Mecyclothorax,Mecyclothorax,Mecyclothorax,Mecyclothorax,Mecyclothorax,Mecyclothorax
/fs/ess/PAS2136/Hawaii-2025/beetles_intake/BeetlePUUM/CANON/individual_images/IMG_0177.JPG/99c67d45-8a48-490b-b4da-b145b9a683e6.png,Trechus,Mecyclothorax,Mecyclothorax,Mecyclothorax,Trechus,Mecyclothorax,Mecyclothorax,Mecyclothorax,Mecyclothorax
/fs/ess/PAS2136/Hawaii-2025/beetles_intake/BeetlePUUM/CANON/individual_images/IMG_0538.JPG/ce219792-208f-4b43-8d51-5268137a48c3.png,Trechus,Trechus,Trechus,Trechus,Mecyclothorax,Trechus,Trechus,Trechus,Trechus
/fs/ess/PAS2136/Hawaii-2025/beetles_intake/BeetlePUUM/CANON/individual_images/IMG_0422.JPG/7ef2aec4-446b-4ebc-9cde-5a3c2f9e59dc.png,Mecyclothorax,Mecyclothorax,Mecyclothorax,Mecyclothorax,Mecyclothorax,Mecyclothorax,Mecyclothorax,Mecyclothorax,Mecyclothorax
/fs/ess/PAS2136/Hawaii-2025/beetles_intake/BeetlePUUM/CANON/individual_images/IMG_0476.JPG/798a3eb6-9afd-4f5f-8c91-fa90cd7ca4fd.png,Trechus,Trechus,Trechus,Trechus,Mecyclothorax,Trechus,Mecyclothorax,Mecyclothorax,Trechus
/fs/ess/PAS2136/Hawaii-2025/beetles_intake/BeetlePUUM/CANON/individual_images/IMG_0526.JPG/41908bed-a391-406d-80ed-5847b4acc473.png,Mecyclothorax,Mecyclothorax,Mecyclothorax,Mecyclothorax,Mecyclothorax,Mecyclothorax,Trechus,Mecyclothorax,Mecyclothorax
/fs/ess/PAS2136/Hawaii-2025/beetles_intake/BeetlePUUM/CANON/individual_images/IMG_0316.JPG/9eec0d69-2f5d-47ef-b42c-396e779292dc.png,Trechus,Trechus,Trechus,Trechus,Trechus,Trechus,Trechus,Trechus,Trechus
/fs/ess/PAS2136/Hawaii-2025/beetles_intake/BeetlePUUM/CANON/individual_images/IMG_0440.JPG/4c02563f-856f-482f-b4a0-0afaf378093b.png,Mecyclothorax,Trechus,Mecyclothorax,Mecyclothorax,Mecyclothorax,Mecyclothorax,Mecyclothorax,Mecyclothorax,Mecyclothorax
/fs/ess/PAS2136/Hawaii-2025/beetles_intake/BeetlePUUM/CANON/individual_images/IMG_0423.JPG/2485e482-97ce-4653-b1f0-56c1e5bb838f.png,Mecyclothorax,Mecyclothorax,Mecyclothorax,Mecyclothorax,Mecyclothorax,Mecyclothorax,Mecyclothorax,Mecyclothorax,Mecyclothorax
/fs/ess/PAS2136/Hawaii-2025/beetles_intake/BeetlePUUM/CANON/individual_images/IMG_0143.JPG/5d336f57-38ca-4b61-8e4d-559d90dc0346.png,Mecyclothorax,Mecyclothorax,Mecyclothorax,Mecyclothorax,Mecyclothorax,Mecyclothorax,Mecyclothorax,Mecyclothorax,Mecyclothorax
/fs/ess/PAS2136/Hawaii-2025/beetles_intake/BeetlePUUM/CANON/individual_images/IMG_0476.JPG/f1b3a9b7-86cb-4195-ba9d-44a9261a4509.png,Trechus,Trechus,Mecyclothorax,Mecyclothorax,Mecyclothorax,Mecyclothorax,Mecyclothorax,Mecyclothorax,Mecyclothorax
/fs/ess/PAS2136/Hawaii-2025/beetles_intake/BeetlePUUM/CANON/individual_images/IMG_0420.JPG/8a1bd5b2-b3b0-4294-9f80-f9d3e44a827f.png,Mecyclothorax,Trechus,Mecyclothorax,Mecyclothorax,Mecyclothorax,Mecyclothorax,Mecyclothorax,Mecyclothorax,Mecyclothorax
/fs/ess/PAS2136/Hawaii-2025/beetles_intake/BeetlePUUM/CANON/individual_images/IMG_0409.JPG/4e655e3c-9707-49a4-a330-baa6d5e36347.png,Mecyclothorax,Trechus,Mecyclothorax,Mecyclothorax,Mecyclothorax,Mecyclothorax,Mecyclothorax,Mecyclothorax,Mecyclothorax
/fs/ess/PAS2136/Hawaii-2025/beetles_intake/BeetlePUUM/CANON/individual_images/IMG_0225.JPG/3771f3b3-74e9-4cd7-a3bb-3fa92394118e.png,Mecyclothorax,Trechus,Mecyclothorax,Mecyclothorax,Mecyclothorax,Mecyclothorax,Mecyclothorax,Mecyclothorax,Mecyclothorax
/fs/ess/PAS2136/Hawaii-2025/beetles_intake/BeetlePUUM/CANON/individual_images/IMG_0354.JPG/cf3bad69-9b42-4a15-8e34-7c7b9ca362d6.png,Mecyclothorax,Mecyclothorax,Mecyclothorax,Mecyclothorax,Mecyclothorax,Mecyclothorax,Mecyclothorax,Mecyclothorax,Mecyclothorax
/fs/ess/PAS2136/Hawaii-2025/beetles_intake/BeetlePUUM/CANON/individual_images/IMG_0480.JPG/4eebc287-3f0d-4e88-83b9-7f5e100b944e.png,Trechus,Trechus,Trechus,Trechus,Mecyclothorax,Trechus,Mecyclothorax,Trechus,Trechus
/fs/ess/PAS2136/Hawaii-2025/beetles_intake/BeetlePUUM/CANON/individual_images/IMG_0157.JPG/646ebfd8-6037-4435-8239-2d10d3324a28.png,Mecyclothorax,Mecyclothorax,Mecyclothorax,Mecyclothorax,Mecyclothorax,Mecyclothorax,Trechus,Mecyclothorax,Mecyclothorax
/fs/ess/PAS2136/Hawaii-2025/beetles_intake/BeetlePUUM/CANON/individual_images/IMG_0171.JPG/0e93fac5-9333-431c-8e33-29ebdcf62ce5.png,Trechus,Trechus,Trechus,Trechus,Mecyclothorax,Trechus,Mecyclothorax,Mecyclothorax,Trechus
/fs/ess/PAS2136/Hawaii-2025/beetles_intake/BeetlePUUM/CANON/individual_images/IMG_0401.JPG/ad5e3801-525f-4580-bf4b-4d4b526c10ac.png,Mecyclothorax,Mecyclothorax,Mecyclothorax,Mecyclothorax,Mecyclothorax,Mecyclothorax,Mecyclothorax,Mecyclothorax,Mecyclothorax
/fs/ess/PAS2136/Hawaii-2025/beetles_intake/BeetlePUUM/CANON/individual_images/IMG_0560.JPG/621da5ef-2126-49a3-a22d-123da594e0d5.png,Trechus,Trechus,Trechus,Mecyclothorax,Mecyclothorax,Trechus,Mecyclothorax,Mecyclothorax,Trechus
/fs/ess/PAS2136/Hawaii-2025/beetles_intake/BeetlePUUM/CANON/individual_images/IMG_0370.JPG/095b0c22-e490-445d-b9c0-4c5056f760bb.png,Mecyclothorax,Mecyclothorax,Mecyclothorax,Mecyclothorax,Mecyclothorax,Mecyclothorax,Mecyclothorax,Mecyclothorax,Mecyclothorax
/fs/ess/PAS2136/Hawaii-2025/beetles_intake/BeetlePUUM/CANON/individual_images/IMG_0445.JPG/b86aa562-e24c-4e89-af54-8cb6c1d5396d.png,Mecyclothorax,Trechus,Mecyclothorax,Mecyclothorax,Mecyclothorax,Mecyclothorax,Mecyclothorax,Mecyclothorax,Mecyclothorax
/fs/ess/PAS2136/Hawaii-2025/beetles_intake/BeetlePUUM/CANON/individual_images/IMG_0412.JPG/da4e8962-ff40-4f45-954e-479028895c6e.png,Mecyclothorax,Mecyclothorax,Mecyclothorax,Mecyclothorax,Mecyclothorax,Mecyclothorax,Mecyclothorax,Mecyclothorax,Mecyclothorax
/fs/ess/PAS2136/Hawaii-2025/beetles_intake/BeetlePUUM/CANON/individual_images/IMG_0233.JPG/90c8493d-0afa-457a-81a3-205a915b9e08.png,Trechus,Trechus,Trechus,Trechus,Mecyclothorax,Trechus,Trechus,Trechus,Trechus
/fs/ess/PAS2136/Hawaii-2025/beetles_intake/BeetlePUUM/CANON/individual_images/IMG_0422.JPG/4b541630-27d3-431f-aedd-7c242c04f2e9.png,Mecyclothorax,Trechus,Mecyclothorax,Mecyclothorax,Mecyclothorax,Mecyclothorax,Mecyclothorax,Mecyclothorax,Mecyclothorax
/fs/ess/PAS2136/Hawaii-2025/beetles_intake/BeetlePUUM/CANON/individual_images/IMG_0494.JPG/de6771bc-966f-44bd-b92c-686d68a139b1.png,Mecyclothorax,Trechus,Mecyclothorax,Mecyclothorax,Mecyclothorax,Mecyclothorax,Mecyclothorax,Mecyclothorax,Mecyclothorax
/fs/ess/PAS2136/Hawaii-2025/beetles_intake/BeetlePUUM/CANON/individual_images/IMG_0273.JPG/ef19e5d2-395c-4dbb-8ee8-760de5909723.png,Trechus,Mecyclothorax,Trechus,Trechus,Mecyclothorax,Mecyclothorax,Mecyclothorax,Mecyclothorax,Trechus
/fs/ess/PAS2136/Hawaii-2025/beetles_intake/BeetlePUUM/CANON/individual_images/IMG_0224.JPG/13f66cc2-28e2-4851-a60e-9ad2bfd3652e.png,Mecyclothorax,Trechus,Mecyclothorax,Mecyclothorax,Mecyclothorax,Mecyclothorax,Mecyclothorax,Mecyclothorax,Mecyclothorax
/fs/ess/PAS2136/Hawaii-2025/beetles_intake/BeetlePUUM/CANON/individual_images/IMG_0456.JPG/7f3b5ca4-9f68-4ff9-919e-fd6ee0a6a3dc.png,Mecyclothorax,Trechus,Mecyclothorax,Mecyclothorax,Mecyclothorax,Mecyclothorax,Mecyclothorax,Mecyclothorax,Mecyclothorax
/fs/ess/PAS2136/Hawaii-2025/beetles_intake/BeetlePUUM/CANON/individual_images/IMG_0559.JPG/49801b46-66d0-4b74-b8d8-ea8c2ff9b9ab.png,Trechus,Trechus,Trechus,Trechus,Mecyclothorax,Trechus,Trechus,Trechus,Trechus
/fs/ess/PAS2136/Hawaii-2025/beetles_intake/BeetlePUUM/CANON/individual_images/IMG_0357.JPG/e9043c12-b81b-4f9d-a229-8fda667dacb2.png,Mecyclothorax,Trechus,Mecyclothorax,Mecyclothorax,Trechus,Mecyclothorax,Mecyclothorax,Mecyclothorax,Mecyclothorax
/fs/ess/PAS2136/Hawaii-2025/beetles_intake/BeetlePUUM/CANON/individual_images/IMG_0378.JPG/06e2109d-30c3-40af-a847-603c1747150f.png,Mecyclothorax,Trechus,Mecyclothorax,Mecyclothorax,Mecyclothorax,Mecyclothorax,Trechus,Mecyclothorax,Mecyclothorax
/fs/ess/PAS2136/Hawaii-2025/beetles_intake/BeetlePUUM/CANON/individual_images/IMG_0424.JPG/5da1d131-04e8-4e71-bf48-dedde9895a1b.png,Mecyclothorax,Mecyclothorax,Mecyclothorax,Mecyclothorax,Mecyclothorax,Mecyclothorax,Mecyclothorax,Mecyclothorax,Mecyclothorax
/fs/ess/PAS2136/Hawaii-2025/beetles_intake/BeetlePUUM/CANON/individual_images/IMG_0463.JPG/0487e4cc-e1da-4891-8b45-72bb036b9596.png,Trechus,Trechus,Trechus,Trechus,Mecyclothorax,Trechus,Trechus,Trechus,Trechus
/fs/ess/PAS2136/Hawaii-2025/beetles_intake/BeetlePUUM/CANON/individual_images/IMG_0283.JPG/38165fcc-6e49-4038-ac20-543e8c742c76.png,Mecyclothorax,Trechus,Mecyclothorax,Mecyclothorax,Mecyclothorax,Mecyclothorax,Mecyclothorax,Mecyclothorax,Mecyclothorax
/fs/ess/PAS2136/Hawaii-2025/beetles_intake/BeetlePUUM/CANON/individual_images/IMG_0417.JPG/a46860c1-90ad-4c44-88de-540fa9ae984b.png,Mecyclothorax,Trechus,Mecyclothorax,Mecyclothorax,Mecyclothorax,Mecyclothorax,Mecyclothorax,Mecyclothorax,Mecyclothorax
/fs/ess/PAS2136/Hawaii-2025/beetles_intake/BeetlePUUM/CANON/individual_images/IMG_0277.JPG/84bb95f8-633c-45bd-9b8a-a7fabb154e2c.png,Trechus,Mecyclothorax,Trechus,Trechus,Mecyclothorax,Trechus,Trechus,Trechus,Trechus
/fs/ess/PAS2136/Hawaii-2025/beetles_intake/BeetlePUUM/CANON/individual_images/IMG_0398.JPG/9720bb30-4da2-4ebb-908a-e4bb280ae996.png,Mecyclothorax,Mecyclothorax,Mecyclothorax,Mecyclothorax,Mecyclothorax,Mecyclothorax,Mecyclothorax,Mecyclothorax,Mecyclothorax
/fs/ess/PAS2136/Hawaii-2025/beetles_intake/BeetlePUUM/CANON/individual_images/IMG_0547.JPG/dc4fd3ab-3a36-4da8-bb78-170f975c6a45.png,Trechus,Trechus,Trechus,Trechus,Mecyclothorax,Trechus,Mecyclothorax,Trechus,Trechus
/fs/ess/PAS2136/Hawaii-2025/beetles_intake/BeetlePUUM/CANON/individual_images/IMG_0093.JPG/6d1bbf67-aabe-4145-8e62-fd61b6c43646.png,Mecyclothorax,Trechus,Mecyclothorax,Mecyclothorax,Mecyclothorax,Mecyclothorax,Mecyclothorax,Trechus,Mecyclothorax
/fs/ess/PAS2136/Hawaii-2025/beetles_intake/BeetlePUUM/CANON/individual_images/IMG_0446.JPG/2a68b3b0-dddf-4c36-b765-2c58fdc5c5bb.png,Mecyclothorax,Mecyclothorax,Mecyclothorax,Mecyclothorax,Mecyclothorax,Mecyclothorax,Mecyclothorax,Mecyclothorax,Mecyclothorax
/fs/ess/PAS2136/Hawaii-2025/beetles_intake/BeetlePUUM/CANON/individual_images/IMG_0114.JPG/55b061bc-2b48-4fcb-a2ce-514d26e2a743.png,Mecyclothorax,Mecyclothorax,Mecyclothorax,Mecyclothorax,Mecyclothorax,Mecyclothorax,Mecyclothorax,Mecyclothorax,Mecyclothorax
/fs/ess/PAS2136/Hawaii-2025/beetles_intake/BeetlePUUM/CANON/individual_images/IMG_0095.JPG/053e5d84-4360-49c7-97b8-a2191451977e.png,Mecyclothorax,Trechus,Mecyclothorax,Mecyclothorax,Mecyclothorax,Mecyclothorax,Mecyclothorax,Mecyclothorax,Mecyclothorax
/fs/ess/PAS2136/Hawaii-2025/beetles_intake/BeetlePUUM/CANON/individual_images/IMG_0434.JPG/85d2eaf8-f62e-44df-9d5b-68289109a4a0.png,Mecyclothorax,Mecyclothorax,Mecyclothorax,Mecyclothorax,Mecyclothorax,Mecyclothorax,Mecyclothorax,Mecyclothorax,Mecyclothorax
/fs/ess/PAS2136/Hawaii-2025/beetles_intake/BeetlePUUM/CANON/individual_images/IMG_0509.JPG/765b2149-c884-4e85-b674-308180f6a8ac.png,Mecyclothorax,Trechus,Mecyclothorax,Mecyclothorax,Mecyclothorax,Mecyclothorax,Mecyclothorax,Mecyclothorax,Mecyclothorax
/fs/ess/PAS2136/Hawaii-2025/beetles_intake/BeetlePUUM/CANON/individual_images/IMG_0550.JPG/8240bb86-93dd-486c-809c-80cb7bf2ea4f.png,Trechus,Trechus,Trechus,Trechus,Mecyclothorax,Trechus,Mecyclothorax,Trechus,Trechus
/fs/ess/PAS2136/Hawaii-2025/beetles_intake/BeetlePUUM/CANON/individual_images/IMG_0116.JPG/897d2ca3-d575-486d-a985-7016f6e964c4.png,Mecyclothorax,Trechus,Mecyclothorax,Mecyclothorax,Mecyclothorax,Mecyclothorax,Mecyclothorax,Mecyclothorax,Mecyclothorax
/fs/ess/PAS2136/Hawaii-2025/beetles_intake/BeetlePUUM/CANON/individual_images/IMG_0352.JPG/367f445e-2e61-4ada-abb2-b1cba844d5aa.png,Mecyclothorax,Trechus,Mecyclothorax,Mecyclothorax,Mecyclothorax,Mecyclothorax,Mecyclothorax,Mecyclothorax,Mecyclothorax
/fs/ess/PAS2136/Hawaii-2025/beetles_intake/BeetlePUUM/CANON/individual_images/IMG_0433.JPG/e0c85093-02ac-4c1f-9369-780e0147dc93.png,Mecyclothorax,Trechus,Mecyclothorax,Mecyclothorax,Mecyclothorax,Mecyclothorax,Mecyclothorax,Mecyclothorax,Mecyclothorax
/fs/ess/PAS2136/Hawaii-2025/beetles_intake/BeetlePUUM/CANON/individual_images/IMG_0192.JPG/daccca38-0a78-482f-a912-da0afdcef909.png,Trechus,Mecyclothorax,Trechus,Trechus,Mecyclothorax,Trechus,Trechus,Mecyclothorax,Trechus
/fs/ess/PAS2136/Hawaii-2025/beetles_intake/BeetlePUUM/CANON/individual_images/IMG_0393.JPG/6552ea81-dd33-484b-a8bf-3e4e325d0c1d.png,Mecyclothorax,Trechus,Mecyclothorax,Mecyclothorax,Mecyclothorax,Mecyclothorax,Mecyclothorax,Mecyclothorax,Mecyclothorax
/fs/ess/PAS2136/Hawaii-2025/beetles_intake/BeetlePUUM/CANON/individual_images/IMG_0118.JPG/ebdc24c8-b46e-4c16-aad7-364cbb182897.png,Mecyclothorax,Trechus,Mecyclothorax,Mecyclothorax,Mecyclothorax,Mecyclothorax,Mecyclothorax,Mecyclothorax,Mecyclothorax
/fs/ess/PAS2136/Hawaii-2025/beetles_intake/BeetlePUUM/CANON/individual_images/IMG_0443.JPG/f65d9308-234b-4822-bf15-6000a1ac0c1e.png,Mecyclothorax,Mecyclothorax,Mecyclothorax,Mecyclothorax,Mecyclothorax,Mecyclothorax,Mecyclothorax,Mecyclothorax,Mecyclothorax
/fs/ess/PAS2136/Hawaii-2025/beetles_intake/BeetlePUUM/CANON/individual_images/IMG_0495.JPG/135fb200-063d-4efe-b62d-91394a02c349.png,Mecyclothorax,Trechus,Mecyclothorax,Mecyclothorax,Mecyclothorax,Mecyclothorax,Mecyclothorax,Mecyclothorax,Mecyclothorax
/fs/ess/PAS2136/Hawaii-2025/beetles_intake/BeetlePUUM/CANON/individual_images/IMG_0450.JPG/6735d81c-2867-4845-9710-6220173b6821.png,Mecyclothorax,Trechus,Mecyclothorax,Mecyclothorax,Mecyclothorax,Mecyclothorax,Mecyclothorax,Mecyclothorax,Mecyclothorax
/fs/ess/PAS2136/Hawaii-2025/beetles_intake/BeetlePUUM/CANON/individual_images/IMG_0512.JPG/30357aa7-333c-4ce9-9aaa-64488bf4ca25.png,Mecyclothorax,Trechus,Mecyclothorax,Mecyclothorax,Mecyclothorax,Mecyclothorax,Trechus,Trechus,Mecyclothorax
/fs/ess/PAS2136/Hawaii-2025/beetles_intake/BeetlePUUM/CANON/individual_images/IMG_0312.JPG/3e4d9169-d52b-496d-abfb-d59696c15128.png,Trechus,Mecyclothorax,Trechus,Trechus,Mecyclothorax,Trechus,Mecyclothorax,Trechus,Trechus
/fs/ess/PAS2136/Hawaii-2025/beetles_intake/BeetlePUUM/CANON/individual_images/IMG_0111.JPG/4f19a9a2-d244-434b-8777-3d0ed198a9d4.png,Mecyclothorax,Mecyclothorax,Mecyclothorax,Mecyclothorax,Mecyclothorax,Mecyclothorax,Trechus,Mecyclothorax,Mecyclothorax
/fs/ess/PAS2136/Hawaii-2025/beetles_intake/BeetlePUUM/CANON/individual_images/IMG_0427.JPG/ac506601-e717-4872-bab0-c822fc43ca97.png,Mecyclothorax,Trechus,Mecyclothorax,Mecyclothorax,Mecyclothorax,Mecyclothorax,Mecyclothorax,Mecyclothorax,Mecyclothorax
/fs/ess/PAS2136/Hawaii-2025/beetles_intake/BeetlePUUM/CANON/individual_images/IMG_0296.JPG/b8624dd1-e186-42b7-9761-fd5e2b10b7ba.png,Mecyclothorax,Trechus,Mecyclothorax,Mecyclothorax,Mecyclothorax,Mecyclothorax,Mecyclothorax,Mecyclothorax,Mecyclothorax
/fs/ess/PAS2136/Hawaii-2025/beetles_intake/BeetlePUUM/CANON/individual_images/IMG_0123.JPG/b665acd7-99e4-491a-9ce7-86b79e11e2a7.png,Mecyclothorax,Blackburnia,Mecyclothorax,Trechus,Mecyclothorax,Mecyclothorax,Mecyclothorax,Mecyclothorax,Trechus
/fs/ess/PAS2136/Hawaii-2025/beetles_intake/BeetlePUUM/CANON/individual_images/IMG_0133.JPG/c3d45a60-1442-454c-996e-b7145fa71251.png,Blackburnia,Trechus,Trechus,Trechus,Mecyclothorax,Trechus,Mecyclothorax,Trechus,Trechus
/fs/ess/PAS2136/Hawaii-2025/beetles_intake/BeetlePUUM/CANON/individual_images/IMG_0512.JPG/9aae655f-93c6-4037-812f-0d6b8547730c.png,Mecyclothorax,Trechus,Mecyclothorax,Mecyclothorax,Mecyclothorax,Mecyclothorax,Mecyclothorax,Mecyclothorax,Mecyclothorax
/fs/ess/PAS2136/Hawaii-2025/beetles_intake/BeetlePUUM/CANON/individual_images/IMG_0334.JPG/ede71543-7562-451b-bce9-50181ae01fa2.png,Trechus,Trechus,Trechus,Trechus,Mecyclothorax,Trechus,Mecyclothorax,Trechus,Trechus
/fs/ess/PAS2136/Hawaii-2025/beetles_intake/BeetlePUUM/CANON/individual_images/IMG_0373.JPG/b58391b1-4092-4f8d-b749-9753a060df7e.png,Mecyclothorax,Mecyclothorax,Mecyclothorax,Mecyclothorax,Mecyclothorax,Mecyclothorax,Mecyclothorax,Mecyclothorax,Mecyclothorax
/fs/ess/PAS2136/Hawaii-2025/beetles_intake/BeetlePUUM/CANON/individual_images/IMG_0246.JPG/cc1bd472-d45b-4a19-a2fa-f40315f8fca5.png,Agonum,Mecyclothorax,Agonum,Agonum,Mecyclothorax,Mecyclothorax,Mecyclothorax,Mecyclothorax,Agonum
/fs/ess/PAS2136/Hawaii-2025/beetles_intake/BeetlePUUM/CANON/individual_images/IMG_0433.JPG/a6596993-1ff2-459a-944e-12ddfc095c10.png,Mecyclothorax,Mecyclothorax,Mecyclothorax,Mecyclothorax,Mecyclothorax,Mecyclothorax,Mecyclothorax,Mecyclothorax,Mecyclothorax
/fs/ess/PAS2136/Hawaii-2025/beetles_intake/BeetlePUUM/CANON/individual_images/IMG_0193.JPG/e9662c45-e67c-47cb-a925-3d3a0e5693e7.png,Mecyclothorax,Mecyclothorax,Mecyclothorax,Mecyclothorax,Trechus,Mecyclothorax,Mecyclothorax,Mecyclothorax,Mecyclothorax
/fs/ess/PAS2136/Hawaii-2025/beetles_intake/BeetlePUUM/CANON/individual_images/IMG_0233.JPG/5e3f18f1-79e6-43df-8335-39409d3598e7.png,Trechus,Trechus,Trechus,Trechus,Mecyclothorax,Trechus,Trechus,Trechus,Trechus
/fs/ess/PAS2136/Hawaii-2025/beetles_intake/BeetlePUUM/CANON/individual_images/IMG_0232.JPG/3d6ccdb6-03ee-4347-9963-4dc141a8beda.png,Trechus,Trechus,Trechus,Trechus,Mecyclothorax,Trechus,Trechus,Trechus,Trechus
/fs/ess/PAS2136/Hawaii-2025/beetles_intake/BeetlePUUM/CANON/individual_images/IMG_0471.JPG/51d26604-6d2f-41c1-9bac-ced25135d248.png,Trechus,Trechus,Trechus,Trechus,Mecyclothorax,Trechus,Trechus,Trechus,Trechus
/fs/ess/PAS2136/Hawaii-2025/beetles_intake/BeetlePUUM/CANON/individual_images/IMG_0180.JPG/5490fe8a-ce11-4e93-8d33-bc1bd3988cf0.png,Trechus,Trechus,Trechus,Trechus,Mecyclothorax,Trechus,Trechus,Mecyclothorax,Trechus
/fs/ess/PAS2136/Hawaii-2025/beetles_intake/BeetlePUUM/CANON/individual_images/IMG_0344.JPG/1efdbc55-6fc2-4bd1-a04a-8963ff637753.png,Trechus,Trechus,Mecyclothorax,Mecyclothorax,Mecyclothorax,Mecyclothorax,Mecyclothorax,Mecyclothorax,Mecyclothorax
/fs/ess/PAS2136/Hawaii-2025/beetles_intake/BeetlePUUM/CANON/individual_images/IMG_0549.JPG/f6698cd6-b4f4-4845-b2a5-48129ae00bbc.png,Trechus,Trechus,Trechus,Trechus,Mecyclothorax,Trechus,Trechus,Trechus,Trechus
/fs/ess/PAS2136/Hawaii-2025/beetles_intake/BeetlePUUM/CANON/individual_images/IMG_0553.JPG/6fa0c5a4-5f44-4bb7-9c7d-c9079e0c6fbf.png,Trechus,Mecyclothorax,Trechus,Trechus,Mecyclothorax,Trechus,Trechus,Trechus,Trechus
/fs/ess/PAS2136/Hawaii-2025/beetles_intake/BeetlePUUM/CANON/individual_images/IMG_0282.JPG/79a69e08-af13-4920-8ceb-f7d151e52772.png,Mecyclothorax,Trechus,Mecyclothorax,Mecyclothorax,Mecyclothorax,Mecyclothorax,Mecyclothorax,Mecyclothorax,Mecyclothorax
/fs/ess/PAS2136/Hawaii-2025/beetles_intake/BeetlePUUM/CANON/individual_images/IMG_0292.JPG/2477a814-b7c3-46a0-9168-7e745c1646f8.png,Mecyclothorax,Blackburnia,Mecyclothorax,Mecyclothorax,Mecyclothorax,Mecyclothorax,Mecyclothorax,Mecyclothorax,Mecyclothorax
/fs/ess/PAS2136/Hawaii-2025/beetles_intake/BeetlePUUM/CANON/individual_images/IMG_0184.JPG/8c002685-bee9-49c2-b0c0-a711bbd63c1e.png,Trechus,Mecyclothorax,Trechus,Trechus,Mecyclothorax,Trechus,Mecyclothorax,Mecyclothorax,Trechus
/fs/ess/PAS2136/Hawaii-2025/beetles_intake/BeetlePUUM/CANON/individual_images/IMG_0286.JPG/5d76bf06-7ce6-4e79-afac-2c86dc8a8a81.png,Mecyclothorax,Trechus,Mecyclothorax,Mecyclothorax,Mecyclothorax,Mecyclothorax,Mecyclothorax,Mecyclothorax,Mecyclothorax
/fs/ess/PAS2136/Hawaii-2025/beetles_intake/BeetlePUUM/CANON/individual_images/IMG_0496.JPG/00cb4b04-c5d4-4198-a98d-276a764d0971.png,Mecyclothorax,Trechus,Mecyclothorax,Mecyclothorax,Mecyclothorax,Mecyclothorax,Trechus,Mecyclothorax,Mecyclothorax
/fs/ess/PAS2136/Hawaii-2025/beetles_intake/BeetlePUUM/CANON/individual_images/IMG_0288.JPG/d1b46c4b-3986-4076-a6c1-8933b99341d3.png,Mecyclothorax,Trechus,Agonum,Agonum,Agonum,Mecyclothorax,Trechus,Mecyclothorax,Trechus
/fs/ess/PAS2136/Hawaii-2025/beetles_intake/BeetlePUUM/CANON/individual_images/IMG_0183.JPG/5872fb61-5722-4a0e-bd80-4895546c4789.png,Trechus,Trechus,Trechus,Trechus,Mecyclothorax,Trechus,Trechus,Trechus,Trechus
/fs/ess/PAS2136/Hawaii-2025/beetles_intake/BeetlePUUM/CANON/individual_images/IMG_0344.JPG/67c69dc9-1fbc-431f-8ec1-a26bf82a61cb.png,Trechus,Trechus,Trechus,Trechus,Mecyclothorax,Trechus,Trechus,Trechus,Trechus
/fs/ess/PAS2136/Hawaii-2025/beetles_intake/BeetlePUUM/CANON/individual_images/IMG_0362.JPG/46ba7467-4717-4f88-8255-37b85c424975.png,Mecyclothorax,Trechus,Mecyclothorax,Mecyclothorax,Mecyclothorax,Mecyclothorax,Mecyclothorax,Mecyclothorax,Mecyclothorax
/fs/ess/PAS2136/Hawaii-2025/beetles_intake/BeetlePUUM/CANON/individual_images/IMG_0355.JPG/c1b4708f-7b4c-4213-b05f-7850f90a008b.png,Mecyclothorax,Trechus,Mecyclothorax,Mecyclothorax,Mecyclothorax,Mecyclothorax,Mecyclothorax,Mecyclothorax,Mecyclothorax
/fs/ess/PAS2136/Hawaii-2025/beetles_intake/BeetlePUUM/CANON/individual_images/IMG_0210.JPG/e7a8176e-92f0-4887-bae9-614c94132156.png,Mecyclothorax,Blackburnia,Mecyclothorax,Mecyclothorax,Mecyclothorax,Mecyclothorax,Mecyclothorax,Mecyclothorax,Mecyclothorax
/fs/ess/PAS2136/Hawaii-2025/beetles_intake/BeetlePUUM/CANON/individual_images/IMG_0544.JPG/86cfc60a-ea2e-4372-b7d0-0f4613775c60.png,Trechus,Mecyclothorax,Trechus,Trechus,Mecyclothorax,Mecyclothorax,Mecyclothorax,Trechus,Trechus
/fs/ess/PAS2136/Hawaii-2025/beetles_intake/BeetlePUUM/CANON/individual_images/IMG_0277.JPG/0d769b0d-714b-4abc-8426-83ae9c3ccb85.png,Trechus,Mecyclothorax,Trechus,Trechus,Mecyclothorax,Mecyclothorax,Mecyclothorax,Mecyclothorax,Trechus
/fs/ess/PAS2136/Hawaii-2025/beetles_intake/BeetlePUUM/CANON/individual_images/IMG_0406.JPG/9d581ca1-6f0f-4883-8724-1cbe53ae8172.png,Mecyclothorax,Trechus,Mecyclothorax,Mecyclothorax,Mecyclothorax,Mecyclothorax,Mecyclothorax,Mecyclothorax,Mecyclothorax
/fs/ess/PAS2136/Hawaii-2025/beetles_intake/BeetlePUUM/CANON/individual_images/IMG_0375.JPG/c255e586-ad69-4f59-a603-ce4d61edb1a0.png,Mecyclothorax,Mecyclothorax,Mecyclothorax,Mecyclothorax,Mecyclothorax,Mecyclothorax,Mecyclothorax,Mecyclothorax,Mecyclothorax
/fs/ess/PAS2136/Hawaii-2025/beetles_intake/BeetlePUUM/CANON/individual_images/IMG_0508.JPG/a965c056-3142-4011-a88f-dd25ca8c2945.png,Mecyclothorax,Mecyclothorax,Mecyclothorax,Mecyclothorax,Mecyclothorax,Mecyclothorax,Mecyclothorax,Mecyclothorax,Mecyclothorax
/fs/ess/PAS2136/Hawaii-2025/beetles_intake/BeetlePUUM/CANON/individual_images/IMG_0230.JPG/1a53901d-965f-44d8-b313-03197316d87d.png,Trechus,Trechus,Trechus,Trechus,Mecyclothorax,Trechus,Trechus,Trechus,Trechus
/fs/ess/PAS2136/Hawaii-2025/beetles_intake/BeetlePUUM/CANON/individual_images/IMG_0426.JPG/885a751a-57ea-4ed7-be50-ef0399597a7c.png,Mecyclothorax,Trechus,Mecyclothorax,Mecyclothorax,Mecyclothorax,Mecyclothorax,Mecyclothorax,Mecyclothorax,Mecyclothorax
/fs/ess/PAS2136/Hawaii-2025/beetles_intake/BeetlePUUM/CANON/individual_images/IMG_0535.JPG/e70e6333-3803-4014-9747-b817052b71a3.png,Trechus,Trechus,Trechus,Trechus,Mecyclothorax,Trechus,Trechus,Trechus,Trechus
/fs/ess/PAS2136/Hawaii-2025/beetles_intake/BeetlePUUM/CANON/individual_images/IMG_0263.JPG/9a39072e-0a53-4afc-94ab-215b009f0361.png,Mecyclothorax,Mecyclothorax,Mecyclothorax,Mecyclothorax,Mecyclothorax,Mecyclothorax,Mecyclothorax,Mecyclothorax,Mecyclothorax
/fs/ess/PAS2136/Hawaii-2025/beetles_intake/BeetlePUUM/CANON/individual_images/IMG_0249.JPG/2651be42-5dbe-427c-9988-2e071ed06da6.png,Mecyclothorax,Trechus,Mecyclothorax,Mecyclothorax,Mecyclothorax,Mecyclothorax,Mecyclothorax,Mecyclothorax,Mecyclothorax
/fs/ess/PAS2136/Hawaii-2025/beetles_intake/BeetlePUUM/CANON/individual_images/IMG_0519.JPG/baac8f58-a81a-4307-8522-114521b140b3.png,Mecyclothorax,Trechus,Mecyclothorax,Mecyclothorax,Mecyclothorax,Mecyclothorax,Mecyclothorax,Mecyclothorax,Mecyclothorax
/fs/ess/PAS2136/Hawaii-2025/beetles_intake/BeetlePUUM/CANON/individual_images/IMG_0376.JPG/83b79a27-a3d7-4111-a53a-e57e5d893d70.png,Mecyclothorax,Mecyclothorax,Mecyclothorax,Mecyclothorax,Mecyclothorax,Mecyclothorax,Mecyclothorax,Mecyclothorax,Mecyclothorax
/fs/ess/PAS2136/Hawaii-2025/beetles_intake/BeetlePUUM/CANON/individual_images/IMG_0347.JPG/63d62604-3c26-403a-b033-2ae44c121a9d.png,Mecyclothorax,Trechus,Mecyclothorax,Mecyclothorax,Mecyclothorax,Mecyclothorax,Mecyclothorax,Mecyclothorax,Mecyclothorax
/fs/ess/PAS2136/Hawaii-2025/beetles_intake/BeetlePUUM/CANON/individual_images/IMG_0337.JPG/8c6ef134-ec23-4d70-b7ea-9e7b98ccc5ff.png,Trechus,Trechus,Trechus,Trechus,Mecyclothorax,Trechus,Mecyclothorax,Trechus,Trechus
/fs/ess/PAS2136/Hawaii-2025/beetles_intake/BeetlePUUM/CANON/individual_images/IMG_0220.JPG/2ae67f6d-6fca-4fd4-a1a3-a3e52aa577d9.png,Mecyclothorax,Mecyclothorax,Mecyclothorax,Mecyclothorax,Mecyclothorax,Mecyclothorax,Mecyclothorax,Mecyclothorax,Mecyclothorax
/fs/ess/PAS2136/Hawaii-2025/beetles_intake/BeetlePUUM/CANON/individual_images/IMG_0514.JPG/267ffd48-3c99-42ff-b0cd-abb6e27ef215.png,Mecyclothorax,Mecyclothorax,Mecyclothorax,Mecyclothorax,Mecyclothorax,Mecyclothorax,Mecyclothorax,Mecyclothorax,Mecyclothorax
/fs/ess/PAS2136/Hawaii-2025/beetles_intake/BeetlePUUM/CANON/individual_images/IMG_0557.JPG/1b11f8c8-ea5a-4913-9fc1-40111055c266.png,Trechus,Trechus,Trechus,Trechus,Mecyclothorax,Trechus,Trechus,Trechus,Trechus
/fs/ess/PAS2136/Hawaii-2025/beetles_intake/BeetlePUUM/CANON/individual_images/IMG_0428.JPG/2412540e-f815-40f0-bdd1-deaecc242493.png,Mecyclothorax,Trechus,Mecyclothorax,Mecyclothorax,Mecyclothorax,Mecyclothorax,Mecyclothorax,Mecyclothorax,Mecyclothorax
/fs/ess/PAS2136/Hawaii-2025/beetles_intake/BeetlePUUM/CANON/individual_images/IMG_0345.JPG/76a59485-d708-453a-ae92-110a1cb56b8e.png,Trechus,Trechus,Trechus,Trechus,Trechus,Trechus,Mecyclothorax,Trechus,Trechus
/fs/ess/PAS2136/Hawaii-2025/beetles_intake/BeetlePUUM/CANON/individual_images/IMG_0275.JPG/b711b3ae-29b9-4be1-b861-6b5a81a816ef.png,Trechus,Trechus,Trechus,Trechus,Mecyclothorax,Trechus,Trechus,Mecyclothorax,Trechus
/fs/ess/PAS2136/Hawaii-2025/beetles_intake/BeetlePUUM/CANON/individual_images/IMG_0407.JPG/2ed9f080-5af3-4c8b-916c-de775228466f.png,Mecyclothorax,Trechus,Mecyclothorax,Mecyclothorax,Mecyclothorax,Mecyclothorax,Mecyclothorax,Mecyclothorax,Mecyclothorax
/fs/ess/PAS2136/Hawaii-2025/beetles_intake/BeetlePUUM/CANON/individual_images/IMG_0489.JPG/bfc47cfd-752c-4b10-addc-6df7f4aa01ec.png,Trechus,Trechus,Trechus,Trechus,Trechus,Trechus,Mecyclothorax,Trechus,Trechus
/fs/ess/PAS2136/Hawaii-2025/beetles_intake/BeetlePUUM/CANON/individual_images/IMG_0505.JPG/989754cc-98f6-4bdd-8750-162743949271.png,Mecyclothorax,Trechus,Mecyclothorax,Mecyclothorax,Mecyclothorax,Mecyclothorax,Mecyclothorax,Mecyclothorax,Mecyclothorax
/fs/ess/PAS2136/Hawaii-2025/beetles_intake/BeetlePUUM/CANON/individual_images/IMG_0558.JPG/ebd4f4d7-8d92-438c-867c-ace6fc8b3430.png,Trechus,Trechus,Trechus,Trechus,Mecyclothorax,Trechus,Trechus,Trechus,Trechus
/fs/ess/PAS2136/Hawaii-2025/beetles_intake/BeetlePUUM/CANON/individual_images/IMG_0242.JPG/b4e24ee7-4e79-4d64-8255-5baf7756ceb2.png,Trechus,Trechus,Trechus,Trechus,Mecyclothorax,Trechus,Trechus,Trechus,Trechus
/fs/ess/PAS2136/Hawaii-2025/beetles_intake/BeetlePUUM/CANON/individual_images/IMG_0459.JPG/10973586-071a-4b9b-ae07-ccd11c84a151.png,Trechus,Trechus,Trechus,Trechus,Mecyclothorax,Trechus,Trechus,Trechus,Trechus
/fs/ess/PAS2136/Hawaii-2025/beetles_intake/BeetlePUUM/CANON/individual_images/IMG_0534.JPG/d03a50ef-fa8e-4380-b66f-4b18528606b7.png,Trechus,Trechus,Trechus,Trechus,Mecyclothorax,Trechus,Trechus,Trechus,Trechus
/fs/ess/PAS2136/Hawaii-2025/beetles_intake/BeetlePUUM/CANON/individual_images/IMG_0317.JPG/67d3a9fe-950f-4cdf-8715-c7a95a78f5b2.png,Trechus,Trechus,Trechus,Trechus,Mecyclothorax,Trechus,Trechus,Trechus,Trechus
/fs/ess/PAS2136/Hawaii-2025/beetles_intake/BeetlePUUM/CANON/individual_images/IMG_0268.JPG/115c6e5a-47e2-4964-b26c-05c479b4e123.png,Mecyclothorax,Mecyclothorax,Mecyclothorax,Mecyclothorax,Mecyclothorax,Mecyclothorax,Mecyclothorax,Mecyclothorax,Mecyclothorax
/fs/ess/PAS2136/Hawaii-2025/beetles_intake/BeetlePUUM/CANON/individual_images/IMG_0561.JPG/d8ea9163-a93c-419e-a63b-d708d374f5df.png,Trechus,Mecyclothorax,Trechus,Trechus,Trechus,Mecyclothorax,Trechus,Trechus,Trechus
/fs/ess/PAS2136/Hawaii-2025/beetles_intake/BeetlePUUM/CANON/individual_images/IMG_0147.JPG/38f2ae57-38ef-4b83-8899-4f6defb49d2b.png,Mecyclothorax,Mecyclothorax,Mecyclothorax,Mecyclothorax,Mecyclothorax,Mecyclothorax,Mecyclothorax,Mecyclothorax,Mecyclothorax
/fs/ess/PAS2136/Hawaii-2025/beetles_intake/BeetlePUUM/CANON/individual_images/IMG_0415.JPG/2436b7c0-04c3-4bd9-bdc2-347c37c1003a.png,Mecyclothorax,Mecyclothorax,Mecyclothorax,Mecyclothorax,Mecyclothorax,Mecyclothorax,Mecyclothorax,Mecyclothorax,Mecyclothorax
/fs/ess/PAS2136/Hawaii-2025/beetles_intake/BeetlePUUM/CANON/individual_images/IMG_0306.JPG/576d71b6-09a2-4457-8212-a713415a0b68.png,Mecyclothorax,Trechus,Mecyclothorax,Mecyclothorax,Mecyclothorax,Mecyclothorax,Mecyclothorax,Mecyclothorax,Mecyclothorax
/fs/ess/PAS2136/Hawaii-2025/beetles_intake/BeetlePUUM/CANON/individual_images/IMG_0450.JPG/db394f34-13f4-4ba9-8d00-85ba15aaa62c.png,Mecyclothorax,Mecyclothorax,Mecyclothorax,Mecyclothorax,Mecyclothorax,Mecyclothorax,Mecyclothorax,Mecyclothorax,Mecyclothorax
/fs/ess/PAS2136/Hawaii-2025/beetles_intake/BeetlePUUM/CANON/individual_images/IMG_0513.JPG/d3eb78f4-582b-4ae9-8f23-88ab0ccf8ce4.png,Mecyclothorax,Trechus,Mecyclothorax,Mecyclothorax,Mecyclothorax,Mecyclothorax,Mecyclothorax,Mecyclothorax,Mecyclothorax
/fs/ess/PAS2136/Hawaii-2025/beetles_intake/BeetlePUUM/CANON/individual_images/IMG_0374.JPG/8eed5a2b-9fa0-498d-931e-a72f260bd057.png,Mecyclothorax,Blackburnia,Mecyclothorax,Mecyclothorax,Mecyclothorax,Mecyclothorax,Mecyclothorax,Mecyclothorax,Blackburnia
/fs/ess/PAS2136/Hawaii-2025/beetles_intake/BeetlePUUM/CANON/individual_images/IMG_0374.JPG/f9cdbc31-c4f8-420e-903c-ef0dff9863e2.png,Mecyclothorax,Mecyclothorax,Mecyclothorax,Mecyclothorax,Mecyclothorax,Mecyclothorax,Mecyclothorax,Mecyclothorax,Mecyclothorax
/fs/ess/PAS2136/Hawaii-2025/beetles_intake/BeetlePUUM/CANON/individual_images/IMG_0538.JPG/ebd88def-4438-460f-a62f-6f658fd54381.png,Trechus,Trechus,Trechus,Trechus,Mecyclothorax,Trechus,Trechus,Trechus,Trechus
/fs/ess/PAS2136/Hawaii-2025/beetles_intake/BeetlePUUM/CANON/individual_images/IMG_0349.JPG/23f8099c-f474-4b86-b6ef-e0666f2c912d.png,Mecyclothorax,Trechus,Mecyclothorax,Mecyclothorax,Mecyclothorax,Mecyclothorax,Mecyclothorax,Mecyclothorax,Mecyclothorax
/fs/ess/PAS2136/Hawaii-2025/beetles_intake/BeetlePUUM/CANON/individual_images/IMG_0479.JPG/e8f0c66c-aa55-47b4-9c42-a78ef58e7721.png,Trechus,Trechus,Trechus,Trechus,Mecyclothorax,Mecyclothorax,Trechus,Mecyclothorax,Trechus
/fs/ess/PAS2136/Hawaii-2025/beetles_intake/BeetlePUUM/CANON/individual_images/IMG_0235.JPG/c1eaf125-34a2-43a0-83c2-f65c63df1ae7.png,Trechus,Trechus,Trechus,Trechus,Mecyclothorax,Trechus,Trechus,Trechus,Trechus
/fs/ess/PAS2136/Hawaii-2025/beetles_intake/BeetlePUUM/CANON/individual_images/IMG_0435.JPG/1ce79066-c7f4-48df-aae7-0be94593b840.png,Mecyclothorax,Blackburnia,Mecyclothorax,Mecyclothorax,Mecyclothorax,Mecyclothorax,Mecyclothorax,Mecyclothorax,Mecyclothorax
/fs/ess/PAS2136/Hawaii-2025/beetles_intake/BeetlePUUM/CANON/individual_images/IMG_0132.JPG/c93fcc7e-0f8a-4991-8317-8850cc6a70bf.png,Blackburnia,Blackburnia,Blackburnia,Trechus,Mecyclothorax,Mecyclothorax,Mecyclothorax,Mecyclothorax,Blackburnia
/fs/ess/PAS2136/Hawaii-2025/beetles_intake/BeetlePUUM/CANON/individual_images/IMG_0475.JPG/ae5b04ea-94e3-48d9-99a7-595c7ad9185e.png,Trechus,Trechus,Trechus,Trechus,Mecyclothorax,Trechus,Mecyclothorax,Trechus,Trechus
/fs/ess/PAS2136/Hawaii-2025/beetles_intake/BeetlePUUM/CANON/individual_images/IMG_0557.JPG/becbf6d1-306c-4633-9ad6-327c408a1c58.png,Trechus,Trechus,Trechus,Trechus,Mecyclothorax,Trechus,Mecyclothorax,Trechus,Trechus
/fs/ess/PAS2136/Hawaii-2025/beetles_intake/BeetlePUUM/CANON/individual_images/IMG_0116.JPG/3067d8b6-8332-4b8a-aeb7-6a2140dd04e0.png,Mecyclothorax,Mecyclothorax,Mecyclothorax,Mecyclothorax,Mecyclothorax,Mecyclothorax,Mecyclothorax,Mecyclothorax,Mecyclothorax
/fs/ess/PAS2136/Hawaii-2025/beetles_intake/BeetlePUUM/CANON/individual_images/IMG_0322.JPG/be4e8037-b000-4220-8213-45ab4ccaf133.png,Trechus,Trechus,Trechus,Trechus,Mecyclothorax,Trechus,Trechus,Trechus,Trechus
/fs/ess/PAS2136/Hawaii-2025/beetles_intake/BeetlePUUM/CANON/individual_images/IMG_0125.JPG/14579d88-c7d0-4ff6-8254-69a56266a5ce.png,Mecyclothorax,Mecyclothorax,Mecyclothorax,Mecyclothorax,Trechus,Mecyclothorax,Mecyclothorax,Mecyclothorax,Mecyclothorax
/fs/ess/PAS2136/Hawaii-2025/beetles_intake/BeetlePUUM/CANON/individual_images/IMG_0498.JPG/64e33528-b7f9-4c06-a070-20000aed5f4c.png,Mecyclothorax,Trechus,Mecyclothorax,Mecyclothorax,Mecyclothorax,Mecyclothorax,Trechus,Mecyclothorax,Mecyclothorax
/fs/ess/PAS2136/Hawaii-2025/beetles_intake/BeetlePUUM/CANON/individual_images/IMG_0279.JPG/37377b23-ae6c-4293-8a4c-5cfc1a788c38.png,Mecyclothorax,Trechus,Mecyclothorax,Mecyclothorax,Mecyclothorax,Mecyclothorax,Mecyclothorax,Mecyclothorax,Mecyclothorax
/fs/ess/PAS2136/Hawaii-2025/beetles_intake/BeetlePUUM/CANON/individual_images/IMG_0356.JPG/9ef0fbad-538c-4ace-9794-b2cf2cd5f2c3.png,Mecyclothorax,Trechus,Mecyclothorax,Mecyclothorax,Mecyclothorax,Mecyclothorax,Mecyclothorax,Mecyclothorax,Mecyclothorax
/fs/ess/PAS2136/Hawaii-2025/beetles_intake/BeetlePUUM/CANON/individual_images/IMG_0404.JPG/47ba7c59-9513-4805-bbb3-a9151fb42979.png,Mecyclothorax,Trechus,Mecyclothorax,Mecyclothorax,Mecyclothorax,Mecyclothorax,Mecyclothorax,Mecyclothorax,Mecyclothorax
/fs/ess/PAS2136/Hawaii-2025/beetles_intake/BeetlePUUM/CANON/individual_images/IMG_0407.JPG/cdc22adf-eab2-4568-9134-fd18bd081ca8.png,Mecyclothorax,Mecyclothorax,Mecyclothorax,Mecyclothorax,Mecyclothorax,Mecyclothorax,Mecyclothorax,Mecyclothorax,Mecyclothorax
/fs/ess/PAS2136/Hawaii-2025/beetles_intake/BeetlePUUM/CANON/individual_images/IMG_0230.JPG/b71a19a4-f1b8-4fa0-b6f4-99e5552c54f8.png,Trechus,Trechus,Mecyclothorax,Mecyclothorax,Mecyclothorax,Mecyclothorax,Trechus,Mecyclothorax,Trechus
/fs/ess/PAS2136/Hawaii-2025/beetles_intake/BeetlePUUM/CANON/individual_images/IMG_0505.JPG/7e417195-2c1a-47e1-97b9-3ca4f9d5aaf8.png,Mecyclothorax,Trechus,Mecyclothorax,Mecyclothorax,Mecyclothorax,Mecyclothorax,Mecyclothorax,Mecyclothorax,Mecyclothorax
/fs/ess/PAS2136/Hawaii-2025/beetles_intake/BeetlePUUM/CANON/individual_images/IMG_0493.JPG/86e1ee50-b4c9-40fb-836f-d1193eb17dc5.png,Trechus,Mecyclothorax,Trechus,Trechus,Blackburnia,Mecyclothorax,Trechus,Mecyclothorax,Trechus
/fs/ess/PAS2136/Hawaii-2025/beetles_intake/BeetlePUUM/CANON/individual_images/IMG_0389.JPG/36cd3684-eaa1-4f55-9c43-7984430f6e67.png,Mecyclothorax,Trechus,Mecyclothorax,Mecyclothorax,Mecyclothorax,Mecyclothorax,Mecyclothorax,Mecyclothorax,Mecyclothorax
/fs/ess/PAS2136/Hawaii-2025/beetles_intake/BeetlePUUM/CANON/individual_images/IMG_0554.JPG/2d4da3a8-4b56-4e47-9286-079c32ac749a.png,Trechus,Mecyclothorax,Trechus,Trechus,Mecyclothorax,Trechus,Mecyclothorax,Trechus,Trechus
/fs/ess/PAS2136/Hawaii-2025/beetles_intake/BeetlePUUM/CANON/individual_images/IMG_0422.JPG/dec2fbbb-6150-40eb-993e-22cd0a1113d8.png,Mecyclothorax,Mecyclothorax,Mecyclothorax,Mecyclothorax,Mecyclothorax,Mecyclothorax,Mecyclothorax,Mecyclothorax,Mecyclothorax
/fs/ess/PAS2136/Hawaii-2025/beetles_intake/BeetlePUUM/CANON/individual_images/IMG_0422.JPG/ce9b329d-d222-4c32-93c8-9e299a475bbc.png,Mecyclothorax,Trechus,Mecyclothorax,Mecyclothorax,Mecyclothorax,Mecyclothorax,Trechus,Mecyclothorax,Mecyclothorax
/fs/ess/PAS2136/Hawaii-2025/beetles_intake/BeetlePUUM/CANON/individual_images/IMG_0511.JPG/ad653f05-d1c6-4900-b01d-f10499422d66.png,Mecyclothorax,Trechus,Mecyclothorax,Mecyclothorax,Mecyclothorax,Mecyclothorax,Mecyclothorax,Mecyclothorax,Mecyclothorax
/fs/ess/PAS2136/Hawaii-2025/beetles_intake/BeetlePUUM/CANON/individual_images/IMG_0441.JPG/bfb4a1c1-9599-43c0-bb5d-821074da4c8a.png,Mecyclothorax,Mecyclothorax,Mecyclothorax,Mecyclothorax,Mecyclothorax,Mecyclothorax,Mecyclothorax,Mecyclothorax,Mecyclothorax
/fs/ess/PAS2136/Hawaii-2025/beetles_intake/BeetlePUUM/CANON/individual_images/IMG_0439.JPG/bd8256a3-7f81-4eb6-b5f6-3a8305d61ba6.png,Mecyclothorax,Trechus,Mecyclothorax,Mecyclothorax,Mecyclothorax,Trechus,Mecyclothorax,Mecyclothorax,Trechus
/fs/ess/PAS2136/Hawaii-2025/beetles_intake/BeetlePUUM/CANON/individual_images/IMG_0554.JPG/1844894e-4241-410a-bb8a-0c06b924c9f4.png,Trechus,Trechus,Trechus,Trechus,Mecyclothorax,Trechus,Mecyclothorax,Trechus,Trechus
/fs/ess/PAS2136/Hawaii-2025/beetles_intake/BeetlePUUM/CANON/individual_images/IMG_0302.JPG/7be0ed79-e8af-4b84-9145-a28fb6984d2f.png,Mecyclothorax,Trechus,Mecyclothorax,Mecyclothorax,Mecyclothorax,Mecyclothorax,Mecyclothorax,Mecyclothorax,Mecyclothorax
/fs/ess/PAS2136/Hawaii-2025/beetles_intake/BeetlePUUM/CANON/individual_images/IMG_0284.JPG/bac8571c-4783-4265-9232-c7d0f58bc725.png,Mecyclothorax,Mecyclothorax,Mecyclothorax,Mecyclothorax,Mecyclothorax,Mecyclothorax,Mecyclothorax,Mecyclothorax,Mecyclothorax
/fs/ess/PAS2136/Hawaii-2025/beetles_intake/BeetlePUUM/CANON/individual_images/IMG_0267.JPG/3c7771aa-349f-46c2-89be-397917ad7ecf.png,Mecyclothorax,Mecyclothorax,Mecyclothorax,Mecyclothorax,Trechus,Mecyclothorax,Mecyclothorax,Mecyclothorax,Mecyclothorax
/fs/ess/PAS2136/Hawaii-2025/beetles_intake/BeetlePUUM/CANON/individual_images/IMG_0399.JPG/498432aa-98f9-4147-863e-4a894302d708.png,Mecyclothorax,Mecyclothorax,Mecyclothorax,Mecyclothorax,Mecyclothorax,Mecyclothorax,Mecyclothorax,Mecyclothorax,Mecyclothorax
/fs/ess/PAS2136/Hawaii-2025/beetles_intake/BeetlePUUM/CANON/individual_images/IMG_0173.JPG/90efee5b-2875-42f0-9ab0-a6af2d34be1c.png,Trechus,Blackburnia,Trechus,Trechus,Mecyclothorax,Mecyclothorax,Mecyclothorax,Mecyclothorax,Trechus
/fs/ess/PAS2136/Hawaii-2025/beetles_intake/BeetlePUUM/CANON/individual_images/IMG_0342.JPG/f589cee4-0127-44ff-b17f-c1da1c6d1650.png,Trechus,Trechus,Trechus,Trechus,Trechus,Trechus,Trechus,Trechus,Trechus
/fs/ess/PAS2136/Hawaii-2025/beetles_intake/BeetlePUUM/CANON/individual_images/IMG_0460.JPG/41cac88d-9570-42fa-84e4-9fc7242c4b36.png,Trechus,Trechus,Trechus,Trechus,Trechus,Trechus,Trechus,Trechus,Trechus
/fs/ess/PAS2136/Hawaii-2025/beetles_intake/BeetlePUUM/CANON/individual_images/IMG_0483.JPG/505d87db-9752-48f1-b46f-5c2a15f50269.png,Trechus,Trechus,Trechus,Trechus,Mecyclothorax,Trechus,Mecyclothorax,Mecyclothorax,Trechus
/fs/ess/PAS2136/Hawaii-2025/beetles_intake/BeetlePUUM/CANON/individual_images/IMG_0410.JPG/b8ff3f7e-a01d-4353-88a1-06ad191c0ada.png,Mecyclothorax,Mecyclothorax,Mecyclothorax,Mecyclothorax,Mecyclothorax,Mecyclothorax,Mecyclothorax,Mecyclothorax,Mecyclothorax
/fs/ess/PAS2136/Hawaii-2025/beetles_intake/BeetlePUUM/CANON/individual_images/IMG_0350.JPG/926b12d3-0511-4abd-a7a9-cb02bfa5ed8a.png,Mecyclothorax,Trechus,Mecyclothorax,Mecyclothorax,Mecyclothorax,Mecyclothorax,Mecyclothorax,Mecyclothorax,Mecyclothorax
/fs/ess/PAS2136/Hawaii-2025/beetles_intake/BeetlePUUM/CANON/individual_images/IMG_0518.JPG/08c4d9e4-1f5a-4c53-a883-5abd7cc9e454.png,Mecyclothorax,Blackburnia,Mecyclothorax,Mecyclothorax,Mecyclothorax,Mecyclothorax,Mecyclothorax,Mecyclothorax,Mecyclothorax
/fs/ess/PAS2136/Hawaii-2025/beetles_intake/BeetlePUUM/CANON/individual_images/IMG_0342.JPG/41edb675-16ac-47b9-af6a-4f64caed3cec.png,Trechus,Trechus,Trechus,Trechus,Trechus,Trechus,Trechus,Trechus,Trechus
/fs/ess/PAS2136/Hawaii-2025/beetles_intake/BeetlePUUM/CANON/individual_images/IMG_0286.JPG/d9ca060e-175e-4d2d-bcf6-47c7b0c0fdc7.png,Mecyclothorax,Trechus,Mecyclothorax,Mecyclothorax,Mecyclothorax,Mecyclothorax,Mecyclothorax,Mecyclothorax,Mecyclothorax
/fs/ess/PAS2136/Hawaii-2025/beetles_intake/BeetlePUUM/CANON/individual_images/IMG_0490.JPG/66c6c7a3-f47e-4c78-8014-61d88f454493.png,Trechus,Trechus,Trechus,Trechus,Mecyclothorax,Trechus,Mecyclothorax,Trechus,Trechus
/fs/ess/PAS2136/Hawaii-2025/beetles_intake/BeetlePUUM/CANON/individual_images/IMG_0396.JPG/e72c7fb0-644d-4ed1-ac92-901b61e18e5d.png,Mecyclothorax,Blackburnia,Mecyclothorax,Mecyclothorax,Mecyclothorax,Mecyclothorax,Mecyclothorax,Mecyclothorax,Mecyclothorax
/fs/ess/PAS2136/Hawaii-2025/beetles_intake/BeetlePUUM/CANON/individual_images/IMG_0119.JPG/21b412bc-9f5e-4c59-b39e-37399219c107.png,Mecyclothorax,Mecyclothorax,Mecyclothorax,Mecyclothorax,Mecyclothorax,Mecyclothorax,Mecyclothorax,Mecyclothorax,Mecyclothorax
/fs/ess/PAS2136/Hawaii-2025/beetles_intake/BeetlePUUM/CANON/individual_images/IMG_0182.JPG/0cad77aa-0c5f-4fb3-b5f3-5245d5357c48.png,Trechus,Trechus,Trechus,Trechus,Mecyclothorax,Trechus,Trechus,Trechus,Trechus
/fs/ess/PAS2136/Hawaii-2025/beetles_intake/BeetlePUUM/CANON/individual_images/IMG_0309.JPG/9f99cc43-7da3-430a-ac37-94c8b9d98163.png,Trechus,Trechus,Trechus,Trechus,Mecyclothorax,Trechus,Trechus,Trechus,Trechus
/fs/ess/PAS2136/Hawaii-2025/beetles_intake/BeetlePUUM/CANON/individual_images/IMG_0540.JPG/a35e0590-3873-48c7-8fa5-a2cdcb334050.png,Trechus,Trechus,Trechus,Trechus,Mecyclothorax,Trechus,Mecyclothorax,Trechus,Trechus
/fs/ess/PAS2136/Hawaii-2025/beetles_intake/BeetlePUUM/CANON/individual_images/IMG_0544.JPG/ff457702-7039-47a9-a128-7ae3c459d6b7.png,Trechus,Mecyclothorax,Trechus,Trechus,Mecyclothorax,Trechus,Trechus,Trechus,Trechus
/fs/ess/PAS2136/Hawaii-2025/beetles_intake/BeetlePUUM/CANON/individual_images/IMG_0274.JPG/00ba6e4c-423c-4e4e-a2b1-0087df223933.png,Trechus,Trechus,Trechus,Trechus,Mecyclothorax,Trechus,Mecyclothorax,Trechus,Trechus
/fs/ess/PAS2136/Hawaii-2025/beetles_intake/BeetlePUUM/CANON/individual_images/IMG_0450.JPG/d1a3d019-dd08-441c-8d32-ee34d65fb29f.png,Mecyclothorax,Trechus,Mecyclothorax,Mecyclothorax,Mecyclothorax,Mecyclothorax,Mecyclothorax,Mecyclothorax,Mecyclothorax
/fs/ess/PAS2136/Hawaii-2025/beetles_intake/BeetlePUUM/CANON/individual_images/IMG_0371.JPG/09be25ec-ed6a-49e2-9802-f4687bed8c8d.png,Mecyclothorax,Mecyclothorax,Mecyclothorax,Mecyclothorax,Mecyclothorax,Mecyclothorax,Mecyclothorax,Mecyclothorax,Mecyclothorax
/fs/ess/PAS2136/Hawaii-2025/beetles_intake/BeetlePUUM/CANON/individual_images/IMG_0320.JPG/b920754a-e35c-4795-b489-5888cfa7c443.png,Trechus,Trechus,Trechus,Trechus,Mecyclothorax,Trechus,Trechus,Trechus,Trechus
/fs/ess/PAS2136/Hawaii-2025/beetles_intake/BeetlePUUM/CANON/individual_images/IMG_0349.JPG/6e588f9e-9f8c-44ee-b358-a72c2ff81eb7.png,Mecyclothorax,Trechus,Mecyclothorax,Mecyclothorax,Mecyclothorax,Mecyclothorax,Mecyclothorax,Mecyclothorax,Mecyclothorax
/fs/ess/PAS2136/Hawaii-2025/beetles_intake/BeetlePUUM/CANON/individual_images/IMG_0391.JPG/8f145af5-6755-45b8-808f-68bf5361ab36.png,Mecyclothorax,Trechus,Agonum,Mecyclothorax,Agonum,Mecyclothorax,Trechus,Mecyclothorax,Trechus
/fs/ess/PAS2136/Hawaii-2025/beetles_intake/BeetlePUUM/CANON/individual_images/IMG_0166.JPG/69b33323-400f-4045-a3e8-d758a257119f.png,Mecyclothorax,Mecyclothorax,Mecyclothorax,Mecyclothorax,Mecyclothorax,Mecyclothorax,Mecyclothorax,Mecyclothorax,Mecyclothorax
/fs/ess/PAS2136/Hawaii-2025/beetles_intake/BeetlePUUM/CANON/individual_images/IMG_0412.JPG/075e5e76-52ba-4a5e-901e-81e7fc2aa083.png,Mecyclothorax,Trechus,Mecyclothorax,Mecyclothorax,Mecyclothorax,Mecyclothorax,Mecyclothorax,Mecyclothorax,Mecyclothorax
/fs/ess/PAS2136/Hawaii-2025/beetles_intake/BeetlePUUM/CANON/individual_images/IMG_0329.JPG/213b06ed-6a51-4871-8f8f-f03c58fe776d.png,Mecyclothorax,Blackburnia,Mecyclothorax,Mecyclothorax,Mecyclothorax,Mecyclothorax,Mecyclothorax,Mecyclothorax,Mecyclothorax
/fs/ess/PAS2136/Hawaii-2025/beetles_intake/BeetlePUUM/CANON/individual_images/IMG_0485.JPG/8cdccead-6762-4985-a7bc-7d416b9b59b0.png,Trechus,Trechus,Trechus,Trechus,Mecyclothorax,Trechus,Trechus,Trechus,Trechus
/fs/ess/PAS2136/Hawaii-2025/beetles_intake/BeetlePUUM/CANON/individual_images/IMG_0131.JPG/02a31120-3bb5-4ca6-a140-d15795607a32.png,Blackburnia,Blackburnia,Blackburnia,Blackburnia,Trechus,Mecyclothorax,Mecyclothorax,Trechus,Trechus
/fs/ess/PAS2136/Hawaii-2025/beetles_intake/BeetlePUUM/CANON/individual_images/IMG_0516.JPG/a7a3d40d-d065-4e95-b23b-85fba98b5782.png,Mecyclothorax,Mecyclothorax,Mecyclothorax,Mecyclothorax,Mecyclothorax,Mecyclothorax,Mecyclothorax,Mecyclothorax,Mecyclothorax
/fs/ess/PAS2136/Hawaii-2025/beetles_intake/BeetlePUUM/CANON/individual_images/IMG_0480.JPG/13b9a377-6cbd-44c9-9199-dd172e079a75.png,Trechus,Trechus,Trechus,Trechus,Mecyclothorax,Trechus,Trechus,Trechus,Trechus
/fs/ess/PAS2136/Hawaii-2025/beetles_intake/BeetlePUUM/CANON/individual_images/IMG_0321.JPG/0a93caf8-5723-4aef-a8d4-a57115b0099f.png,Trechus,Mecyclothorax,Trechus,Mecyclothorax,Mecyclothorax,Trechus,Trechus,Mecyclothorax,Trechus
/fs/ess/PAS2136/Hawaii-2025/beetles_intake/BeetlePUUM/CANON/individual_images/IMG_0532.JPG/7d62149a-44ec-43e4-8d12-0284ff19110f.png,Trechus,Trechus,Mecyclothorax,Mecyclothorax,Mecyclothorax,Mecyclothorax,Mecyclothorax,Mecyclothorax,Trechus
/fs/ess/PAS2136/Hawaii-2025/beetles_intake/BeetlePUUM/CANON/individual_images/IMG_0144.JPG/5524ff2d-4842-4cb7-846e-675b139cfe65.png,Mecyclothorax,Mecyclothorax,Mecyclothorax,Mecyclothorax,Mecyclothorax,Mecyclothorax,Mecyclothorax,Mecyclothorax,Mecyclothorax
/fs/ess/PAS2136/Hawaii-2025/beetles_intake/BeetlePUUM/CANON/individual_images/IMG_0433.JPG/8651d611-5278-4a39-bd97-08a03aad16e8.png,Mecyclothorax,Trechus,Mecyclothorax,Mecyclothorax,Mecyclothorax,Mecyclothorax,Mecyclothorax,Mecyclothorax,Mecyclothorax
/fs/ess/PAS2136/Hawaii-2025/beetles_intake/BeetlePUUM/CANON/individual_images/IMG_0513.JPG/b3a84fcc-1251-4e1a-83d7-3905541deaef.png,Mecyclothorax,Trechus,Mecyclothorax,Mecyclothorax,Mecyclothorax,Mecyclothorax,Mecyclothorax,Mecyclothorax,Mecyclothorax
/fs/ess/PAS2136/Hawaii-2025/beetles_intake/BeetlePUUM/CANON/individual_images/IMG_0231.JPG/c3110d07-8d3a-4d75-802f-44c40de94431.png,Trechus,Trechus,Trechus,Trechus,Mecyclothorax,Trechus,Trechus,Trechus,Trechus
/fs/ess/PAS2136/Hawaii-2025/beetles_intake/BeetlePUUM/CANON/individual_images/IMG_0494.JPG/cbefac7e-3e06-42ae-8eeb-3194c9cdc9cf.png,Mecyclothorax,Trechus,Mecyclothorax,Mecyclothorax,Mecyclothorax,Mecyclothorax,Mecyclothorax,Mecyclothorax,Mecyclothorax
/fs/ess/PAS2136/Hawaii-2025/beetles_intake/BeetlePUUM/CANON/individual_images/IMG_0235.JPG/83833cdf-2adf-49fc-a70a-e86385107c4c.png,Trechus,Trechus,Trechus,Trechus,Mecyclothorax,Trechus,Mecyclothorax,Mecyclothorax,Trechus
/fs/ess/PAS2136/Hawaii-2025/beetles_intake/BeetlePUUM/CANON/individual_images/IMG_0538.JPG/0bfde7e6-70f4-454e-bb74-dbd92224b22b.png,Trechus,Trechus,Trechus,Trechus,Mecyclothorax,Trechus,Trechus,Trechus,Trechus
/fs/ess/PAS2136/Hawaii-2025/beetles_intake/BeetlePUUM/CANON/individual_images/IMG_0282.JPG/40818483-dd2b-4405-90df-bd1712424879.png,Mecyclothorax,Mecyclothorax,Mecyclothorax,Mecyclothorax,Mecyclothorax,Mecyclothorax,Mecyclothorax,Mecyclothorax,Mecyclothorax
/fs/ess/PAS2136/Hawaii-2025/beetles_intake/BeetlePUUM/CANON/individual_images/IMG_0210.JPG/55521fe4-8971-4c78-803a-8c66f2ef52fe.png,Mecyclothorax,Mecyclothorax,Mecyclothorax,Mecyclothorax,Trechus,Mecyclothorax,Mecyclothorax,Mecyclothorax,Mecyclothorax
/fs/ess/PAS2136/Hawaii-2025/beetles_intake/BeetlePUUM/CANON/individual_images/IMG_0211.JPG/5adb71be-d44f-4438-bc4d-1ef3c0b4a3d2.png,Mecyclothorax,Trechus,Mecyclothorax,Mecyclothorax,Mecyclothorax,Mecyclothorax,Mecyclothorax,Mecyclothorax,Mecyclothorax
/fs/ess/PAS2136/Hawaii-2025/beetles_intake/BeetlePUUM/CANON/individual_images/IMG_0551.JPG/73a86606-53a9-405c-835a-ef553f6f6e06.png,Trechus,Mecyclothorax,Trechus,Trechus,Mecyclothorax,Mecyclothorax,Mecyclothorax,Trechus,Trechus
/fs/ess/PAS2136/Hawaii-2025/beetles_intake/BeetlePUUM/CANON/individual_images/IMG_0234.JPG/ff6c6aca-63f5-429f-85ae-9fdb0e185e65.png,Trechus,Trechus,Trechus,Trechus,Trechus,Trechus,Trechus,Trechus,Trechus
/fs/ess/PAS2136/Hawaii-2025/beetles_intake/BeetlePUUM/CANON/individual_images/IMG_0414.JPG/c9210a3b-c14e-46b1-9e35-e1e624f0e97c.png,Mecyclothorax,Trechus,Mecyclothorax,Mecyclothorax,Mecyclothorax,Mecyclothorax,Mecyclothorax,Mecyclothorax,Mecyclothorax
/fs/ess/PAS2136/Hawaii-2025/beetles_intake/BeetlePUUM/CANON/individual_images/IMG_0503.JPG/c89de848-6d32-406c-9a1c-5b9c57fab487.png,Mecyclothorax,Trechus,Trechus,Trechus,Mecyclothorax,Trechus,Mecyclothorax,Trechus,Trechus
/fs/ess/PAS2136/Hawaii-2025/beetles_intake/BeetlePUUM/CANON/individual_images/IMG_0552.JPG/57336151-ad1f-4a7b-bff5-4f47c69308ef.png,Trechus,Trechus,Trechus,Trechus,Trechus,Trechus,Trechus,Trechus,Trechus
/fs/ess/PAS2136/Hawaii-2025/beetles_intake/BeetlePUUM/CANON/individual_images/IMG_0399.JPG/9189a050-47d4-45d0-8a91-b3322e330353.png,Mecyclothorax,Mecyclothorax,Mecyclothorax,Mecyclothorax,Mecyclothorax,Mecyclothorax,Mecyclothorax,Mecyclothorax,Mecyclothorax
/fs/ess/PAS2136/Hawaii-2025/beetles_intake/BeetlePUUM/CANON/individual_images/IMG_0225.JPG/e9fe26c1-d3b4-45fe-87e3-6b3babae6f20.png,Mecyclothorax,Trechus,Mecyclothorax,Mecyclothorax,Mecyclothorax,Mecyclothorax,Mecyclothorax,Mecyclothorax,Mecyclothorax
