annotation_uuid,BeetleID,BeetlePosition,ImageFileName,ImageSize,ImageFilePath,detection_coords,cropped_image_path,CollectionDate,SpeciesCode,ScientificName,Genus,Species,PlotID,TrapID,Plot_Trap,Barcoded?,Photographer,SiteID,SiteName,SiteState,SiteDomainCode,SiteLatitude,SiteLongitude,SiteType,SiteTerrain,max_temp,min_temp,precipitation,rain_sum,snowfall_sum,precipitation_hours,wind_speed_max,wind_gusts_max,shortwave_radiation,evapotranspiration,weather_code,sunshine_duration
cd1b368b-f26e-478b-bbd7-9b1ed0ca3317,BET.D20.000003,0,BET.D20.000003.png,"4632, 3488",group_images/BET.D20.000003.png,"[1442, 135, 2680, 3131]",individual_images/BET.D20.000003.png/cd1b368b-f26e-478b-bbd7-9b1ed0ca3317.png,2019-04-24,MECKON,Mecyclothorax konanus,Mecyclothorax,Konanus,16,W,016W,Y,SMR,PUUM,Puu Makaala Natural Area Reserve NEON,HI,D20,19.55309,-155.31731,CORE,TERRESTRIAL,14.9,9.8,0.7,0.7,0.0,4.0,12.3,29.9,21.15,3.03,51.0,42183.39
ced73591-50cf-4b6e-a248-a558e5e0b7da,BET.D20.000007,0,BET.D20.000007.png,"4632, 3488",group_images/BET.D20.000007.png,"[1826, 47, 3393, 3301]",individual_images/BET.D20.000007.png/ced73591-50cf-4b6e-a248-a558e5e0b7da.png,2019-04-24,MECKON,Mecyclothorax konanus,Mecyclothorax,Konanus,6,E,006E,Y,SMR,PUUM,Puu Makaala Natural Area Reserve NEON,HI,D20,19.55309,-155.31731,CORE,TERRESTRIAL,14.9,9.8,0.7,0.7,0.0,4.0,12.3,29.9,21.15,3.03,51.0,42183.39
fe4f9348-8c40-4f75-817d-7dee10ef0ebe,BET.D20.000010,0,BET.D20.000010.png,"4632, 3488",group_images/BET.D20.000010.png,"[1128, 56, 3162, 3302]",individual_images/BET.D20.000010.png/fe4f9348-8c40-4f75-817d-7dee10ef0ebe.png,2019-04-24,MECKON,Mecyclothorax konanus,Mecyclothorax,Konanus,14,W,014W,Y,SMR,PUUM,Puu Makaala Natural Area Reserve NEON,HI,D20,19.55309,-155.31731,CORE,TERRESTRIAL,14.9,9.8,0.7,0.7,0.0,4.0,12.3,29.9,21.15,3.03,51.0,42183.39
84c8de18-a26a-4064-b0a9-0699543424e8,BET.D20.000014,0,BET.D20.000014.png,"4632, 3488",group_images/BET.D20.000014.png,"[1327, 121, 3493, 3243]",individual_images/BET.D20.000014.png/84c8de18-a26a-4064-b0a9-0699543424e8.png,2019-05-08,BLAHAW,Blackburnia hawaiiensis,Blackburnia,Hawaiiensis,15,W,015W,Y,SMR,PUUM,Puu Makaala Natural Area Reserve NEON,HI,D20,19.55309,-155.31731,CORE,TERRESTRIAL,15.8,10.8,1.6,1.6,0.0,7.0,14.8,32.4,13.95,2.12,53.0,23941.84
60d0a889-8bab-454b-960c-9fb8df29a1ec,BET.D20.000015,0,BET.D20.000015.png,"4632, 3488",group_images/BET.D20.000015.png,"[1190, 25, 3163, 3354]",individual_images/BET.D20.000015.png/60d0a889-8bab-454b-960c-9fb8df29a1ec.png,2019-05-08,BLAKIL,Blackburnia kilauea,Blackburnia,Kilauea,15,S,015S,Y,SMR,PUUM,Puu Makaala Natural Area Reserve NEON,HI,D20,19.55309,-155.31731,CORE,TERRESTRIAL,15.8,10.8,1.6,1.6,0.0,7.0,14.8,32.4,13.95,2.12,53.0,23941.84
b42f3fc5-31a9-497d-8c39-87075b2b6bdd,BET.D20.000037,0,BET.D20.000037.png,"4632, 3488",group_images/BET.D20.000037.png,"[1058, 533, 2522, 3203]",individual_images/BET.D20.000037.png/b42f3fc5-31a9-497d-8c39-87075b2b6bdd.png,2019-05-08,MECDIS,Mecyclothorax discedens,Mecyclothorax,Discedens,7,S,007S,Y,SMR,PUUM,Puu Makaala Natural Area Reserve NEON,HI,D20,19.55309,-155.31731,CORE,TERRESTRIAL,15.8,10.8,1.6,1.6,0.0,7.0,14.8,32.4,13.95,2.12,53.0,23941.84
75e974e1-b178-4b9f-a388-49b721b0c4ad,BET.D20.000044,0,BET.D20.000044.png,"4632, 3488",group_images/BET.D20.000044.png,"[1116, 937, 2585, 3135]",individual_images/BET.D20.000044.png/75e974e1-b178-4b9f-a388-49b721b0c4ad.png,2019-05-22,MECRUF,Mecyclothorax rufipennis,Mecyclothorax,Rufipennis,17,S,017S,Y,SMR,PUUM,Puu Makaala Natural Area Reserve NEON,HI,D20,19.55309,-155.31731,CORE,TERRESTRIAL,17.1,9.9,9.5,9.5,0.0,9.0,10.9,27.4,20.76,3.28,61.0,28768.82
6493a2e0-d4a0-491a-8c56-224582207bf1,BET.D20.000047,0,BET.D20.000047.png,"4632, 3488",group_images/BET.D20.000047.png,"[1023, 95, 2559, 3408]",individual_images/BET.D20.000047.png/6493a2e0-d4a0-491a-8c56-224582207bf1.png,2019-05-08,MECRUF,Mecyclothorax rufipennis,Mecyclothorax,Rufipennis,7,E,007E,Y,SMR,PUUM,Puu Makaala Natural Area Reserve NEON,HI,D20,19.55309,-155.31731,CORE,TERRESTRIAL,15.8,10.8,1.6,1.6,0.0,7.0,14.8,32.4,13.95,2.12,53.0,23941.84
31f2513d-49ce-4334-95cc-a22ece0700bf,BET.D20.000048,0,BET.D20.000048.png,"4632, 3488",group_images/BET.D20.000048.png,"[1201, 67, 3491, 3430]",individual_images/BET.D20.000048.png/31f2513d-49ce-4334-95cc-a22ece0700bf.png,2019-05-08,MECBRU,Mecyclothorax brunneonubiger,Mecyclothorax,Brunneonubiger,17,W,017W,Y,SMR,PUUM,Puu Makaala Natural Area Reserve NEON,HI,D20,19.55309,-155.31731,CORE,TERRESTRIAL,15.8,10.8,1.6,1.6,0.0,7.0,14.8,32.4,13.95,2.12,53.0,23941.84
16061cf9-eb8d-4347-a2db-04f338d09f0a,BET.D20.000054,0,BET.D20.000054.png,"4632, 3488",group_images/BET.D20.000054.png,"[1035, 644, 2353, 3284]",individual_images/BET.D20.000054.png/16061cf9-eb8d-4347-a2db-04f338d09f0a.png,2019-05-08,TREOBT,Trechus obtusus,Trechus,Obtusus,13,W,013W,Y,SMR,PUUM,Puu Makaala Natural Area Reserve NEON,HI,D20,19.55309,-155.31731,CORE,TERRESTRIAL,15.8,10.8,1.6,1.6,0.0,7.0,14.8,32.4,13.95,2.12,53.0,23941.84
85c42ec9-cd41-406b-a27e-bd449204c469,BET.D20.000057,0,BET.D20.000057.png,"4632, 3488",group_images/BET.D20.000057.png,"[1377, 210, 2648, 3377]",individual_images/BET.D20.000057.png/85c42ec9-cd41-406b-a27e-bd449204c469.png,2019-05-08,MECDIS,Mecyclothorax discedens,Mecyclothorax,Discedens,7,W,007W,Y,SMR,PUUM,Puu Makaala Natural Area Reserve NEON,HI,D20,19.55309,-155.31731,CORE,TERRESTRIAL,15.8,10.8,1.6,1.6,0.0,7.0,14.8,32.4,13.95,2.12,53.0,23941.84
1058f6c2-92b6-4802-a2c6-1edd3edefc4b,BET.D20.000059,0,BET.D20.000059.png,"4632, 3488",group_images/BET.D20.000059.png,"[1116, 252, 3389, 3351]",individual_images/BET.D20.000059.png/1058f6c2-92b6-4802-a2c6-1edd3edefc4b.png,2019-05-08,AGOMUE,Agonum muelleri,Agonum,Muelleri,2,W,002W,Y,SMR,PUUM,Puu Makaala Natural Area Reserve NEON,HI,D20,19.55309,-155.31731,CORE,TERRESTRIAL,15.8,10.8,1.6,1.6,0.0,7.0,14.8,32.4,13.95,2.12,53.0,23941.84
a79b81ff-1ec4-4064-b591-69f59c83c926,BET.D20.000089,0,BET.D20.000089.png,"4632, 3488",group_images/BET.D20.000089.png,"[1517, 150, 2694, 3217]",individual_images/BET.D20.000089.png/a79b81ff-1ec4-4064-b591-69f59c83c926.png,2019-05-08,MECKON,Mecyclothorax konanus,Mecyclothorax,Konanus,6,W,006W,Y,SMR,PUUM,Puu Makaala Natural Area Reserve NEON,HI,D20,19.55309,-155.31731,CORE,TERRESTRIAL,15.8,10.8,1.6,1.6,0.0,7.0,14.8,32.4,13.95,2.12,53.0,23941.84
5427b776-e0f6-4e80-ba7b-9ad200b777f8,BET.D20.000105,0,BET.D20.000105.png,"4632, 3488",group_images/BET.D20.000105.png,"[943, 546, 3846, 3102]",individual_images/BET.D20.000105.png/5427b776-e0f6-4e80-ba7b-9ad200b777f8.png,2019-05-08,MECBRU,Mecyclothorax brunneonubiger,Mecyclothorax,Brunneonubiger,14,E,014E,Y,SMR,PUUM,Puu Makaala Natural Area Reserve NEON,HI,D20,19.55309,-155.31731,CORE,TERRESTRIAL,15.8,10.8,1.6,1.6,0.0,7.0,14.8,32.4,13.95,2.12,53.0,23941.84
258cd353-8b6a-4a52-905a-b250512f2b3c,BET.D20.000117,0,BET.D20.000117.png,"4632, 3488",group_images/BET.D20.000117.png,"[1226, 79, 3073, 3421]",individual_images/BET.D20.000117.png/258cd353-8b6a-4a52-905a-b250512f2b3c.png,2019-05-22,BLAKIL,Blackburnia kilauea,Blackburnia,Kilauea,15,E,015E,Y,SMR,PUUM,Puu Makaala Natural Area Reserve NEON,HI,D20,19.55309,-155.31731,CORE,TERRESTRIAL,17.1,9.9,9.5,9.5,0.0,9.0,10.9,27.4,20.76,3.28,61.0,28768.82
f2cbe287-da49-4672-8d8c-b75ccee4723e,BET.D20.000118,0,BET.D20.000118.png,"4632, 3488",group_images/BET.D20.000118.png,"[761, 332, 2666, 3168]",individual_images/BET.D20.000118.png/f2cbe287-da49-4672-8d8c-b75ccee4723e.png,2019-05-22,BLAKIL,Blackburnia kilauea,Blackburnia,Kilauea,15,E,015E,Y,SMR,PUUM,Puu Makaala Natural Area Reserve NEON,HI,D20,19.55309,-155.31731,CORE,TERRESTRIAL,17.1,9.9,9.5,9.5,0.0,9.0,10.9,27.4,20.76,3.28,61.0,28768.82
9e0a887c-557d-4abe-90eb-30f6146f7699,BET.D20.000121,0,BET.D20.000121.png,"4632, 3488",group_images/BET.D20.000121.png,"[603, 495, 2448, 3126]",individual_images/BET.D20.000121.png/9e0a887c-557d-4abe-90eb-30f6146f7699.png,2019-05-22,BLAKIL,Blackburnia kilauea,Blackburnia,Kilauea,15,W,015W,Y,SMR,PUUM,Puu Makaala Natural Area Reserve NEON,HI,D20,19.55309,-155.31731,CORE,TERRESTRIAL,17.1,9.9,9.5,9.5,0.0,9.0,10.9,27.4,20.76,3.28,61.0,28768.82
98739a07-6d0b-4e0f-8343-c3f1f004da4f,BET.D20.000132,0,BET.D20.000132.png,"4632, 3488",group_images/BET.D20.000132.png,"[1120, 386, 2594, 3022]",individual_images/BET.D20.000132.png/98739a07-6d0b-4e0f-8343-c3f1f004da4f.png,2019-05-22,MECDIS,Mecyclothorax discedens,Mecyclothorax,Discedens,4,S,004S,Y,SMR,PUUM,Puu Makaala Natural Area Reserve NEON,HI,D20,19.55309,-155.31731,CORE,TERRESTRIAL,17.1,9.9,9.5,9.5,0.0,9.0,10.9,27.4,20.76,3.28,61.0,28768.82
42da586f-02c3-46ea-aea1-13d42b5d48f2,BET.D20.000144,0,BET.D20.000144.png,"4632, 3488",group_images/BET.D20.000144.png,"[1484, 315, 3612, 2897]",individual_images/BET.D20.000144.png/42da586f-02c3-46ea-aea1-13d42b5d48f2.png,2019-05-08,MECKON,Mecyclothorax konanus,Mecyclothorax,Konanus,14,W,014W,Y,SMR,PUUM,Puu Makaala Natural Area Reserve NEON,HI,D20,19.55309,-155.31731,CORE,TERRESTRIAL,15.8,10.8,1.6,1.6,0.0,7.0,14.8,32.4,13.95,2.12,53.0,23941.84
60b63aa6-d291-485f-9eb6-f9485a508482,BET.D20.000156,0,BET.D20.000156.png,"4632, 3488",group_images/BET.D20.000156.png,"[1517, 1103, 2658, 2954]",individual_images/BET.D20.000156.png/60b63aa6-d291-485f-9eb6-f9485a508482.png,2019-06-05,MECRUF,Mecyclothorax rufipennis,Mecyclothorax,Rufipennis,14,E,014E,Y,SMR,PUUM,Puu Makaala Natural Area Reserve NEON,HI,D20,19.55309,-155.31731,CORE,TERRESTRIAL,16.2,9.5,5.2,5.2,0.0,12.0,13.6,31.7,15.14,2.33,55.0,44178.14
64bae6a1-d280-40e5-9175-2e0263139f57,BET.D20.000164,0,BET.D20.000164.png,"4632, 3488",group_images/BET.D20.000164.png,"[1129, 248, 2803, 3109]",individual_images/BET.D20.000164.png/64bae6a1-d280-40e5-9175-2e0263139f57.png,2019-05-22,MECKON,Mecyclothorax konanus,Mecyclothorax,Konanus,14,W,014W,Y,SMR,PUUM,Puu Makaala Natural Area Reserve NEON,HI,D20,19.55309,-155.31731,CORE,TERRESTRIAL,17.1,9.9,9.5,9.5,0.0,9.0,10.9,27.4,20.76,3.28,61.0,28768.82
772059da-d6a0-4816-a0fb-488aff58f3d0,BET.D20.000204,0,BET.D20.000204.png,"4632, 3488",group_images/BET.D20.000204.png,"[1110, 517, 2937, 3206]",individual_images/BET.D20.000204.png/772059da-d6a0-4816-a0fb-488aff58f3d0.png,2019-06-05,MECKON,Mecyclothorax konanus,Mecyclothorax,Konanus,6,W,006W,Y,SMR,PUUM,Puu Makaala Natural Area Reserve NEON,HI,D20,19.55309,-155.31731,CORE,TERRESTRIAL,16.2,9.5,5.2,5.2,0.0,12.0,13.6,31.7,15.14,2.33,55.0,44178.14
343a072e-9627-4ee5-88b5-620d92fade9f,BET.D20.000224,0,BET.D20.000224.png,"4632, 3488",group_images/BET.D20.000224.png,"[1081, 150, 3413, 3218]",individual_images/BET.D20.000224.png/343a072e-9627-4ee5-88b5-620d92fade9f.png,2019-06-05,MECKON,Mecyclothorax konanus,Mecyclothorax,Konanus,14,S,014S,Y,SMR,PUUM,Puu Makaala Natural Area Reserve NEON,HI,D20,19.55309,-155.31731,CORE,TERRESTRIAL,16.2,9.5,5.2,5.2,0.0,12.0,13.6,31.7,15.14,2.33,55.0,44178.14
d0de2854-c3ff-434e-aab8-9a8a724d7fe9,BET.D20.000264,0,BET.D20.000264.png,"4632, 3488",group_images/BET.D20.000264.png,"[925, 32, 2734, 3431]",individual_images/BET.D20.000264.png/d0de2854-c3ff-434e-aab8-9a8a724d7fe9.png,2019-06-05,MECBRU,Mecyclothorax brunneonubiger,Mecyclothorax,Brunneonubiger,17,E,017E,Y,SMR,PUUM,Puu Makaala Natural Area Reserve NEON,HI,D20,19.55309,-155.31731,CORE,TERRESTRIAL,16.2,9.5,5.2,5.2,0.0,12.0,13.6,31.7,15.14,2.33,55.0,44178.14
90f127a2-a645-4d5e-8a56-4611996c6959,BET.D20.000265,0,BET.D20.000265.png,"4632, 3488",group_images/BET.D20.000265.png,"[1527, 111, 3473, 3390]",individual_images/BET.D20.000265.png/90f127a2-a645-4d5e-8a56-4611996c6959.png,2019-06-05,MECKON,Mecyclothorax konanus,Mecyclothorax,Konanus,17,E,017E,Y,SMR,PUUM,Puu Makaala Natural Area Reserve NEON,HI,D20,19.55309,-155.31731,CORE,TERRESTRIAL,16.2,9.5,5.2,5.2,0.0,12.0,13.6,31.7,15.14,2.33,55.0,44178.14
cc4ee0d9-93ca-4665-9789-b493c82a94e9,BET.D20.000286,0,BET.D20.000286.png,"4632, 3488",group_images/BET.D20.000286.png,"[1891, 120, 3802, 3406]",individual_images/BET.D20.000286.png/cc4ee0d9-93ca-4665-9789-b493c82a94e9.png,2019-06-05,BLAHAW,Blackburnia hawaiiensis,Blackburnia,Hawaiiensis,15,E,015E,Y,SMR,PUUM,Puu Makaala Natural Area Reserve NEON,HI,D20,19.55309,-155.31731,CORE,TERRESTRIAL,16.2,9.5,5.2,5.2,0.0,12.0,13.6,31.7,15.14,2.33,55.0,44178.14
246819c9-fa45-4eaa-88bf-13ecd71763a4,BET.D20.000287,0,BET.D20.000287.png,"4632, 3488",group_images/BET.D20.000287.png,"[1418, 289, 3211, 3326]",individual_images/BET.D20.000287.png/246819c9-fa45-4eaa-88bf-13ecd71763a4.png,2019-06-05,BLAHAW,Blackburnia hawaiiensis,Blackburnia,Hawaiiensis,15,E,015E,Y,SMR,PUUM,Puu Makaala Natural Area Reserve NEON,HI,D20,19.55309,-155.31731,CORE,TERRESTRIAL,16.2,9.5,5.2,5.2,0.0,12.0,13.6,31.7,15.14,2.33,55.0,44178.14
9bee2fb8-7bdb-4c3f-92a1-796a8a45cc58,BET.D20.000319,0,BET.D20.000319.png,"4632, 3488",group_images/BET.D20.000319.png,"[808, 493, 2597, 3141]",individual_images/BET.D20.000319.png/9bee2fb8-7bdb-4c3f-92a1-796a8a45cc58.png,2019-05-22,MECPUN,Mecyclothorax punakukini,Mecyclothorax,Punakukini,3,E,003E,Y,SMR,PUUM,Puu Makaala Natural Area Reserve NEON,HI,D20,19.55309,-155.31731,CORE,TERRESTRIAL,17.1,9.9,9.5,9.5,0.0,9.0,10.9,27.4,20.76,3.28,61.0,28768.82
bc56aa36-7c58-4779-be3b-df585f5ef8d0,BET.D20.000343,0,BET.D20.000343.png,"4632, 3488",group_images/BET.D20.000343.png,"[1447, 346, 3657, 3257]",individual_images/BET.D20.000343.png/bc56aa36-7c58-4779-be3b-df585f5ef8d0.png,2019-06-19,MECKON,Mecyclothorax konanus,Mecyclothorax,Konanus,6,W,006W,Y,SMR,PUUM,Puu Makaala Natural Area Reserve NEON,HI,D20,19.55309,-155.31731,CORE,TERRESTRIAL,17.1,11.6,1.4,1.4,0.0,6.0,12.1,31.0,23.61,3.72,53.0,45118.34
1c2ffde8-d964-41ef-85d1-57d70ca0232a,BET.D20.000347,0,BET.D20.000347.png,"4632, 3488",group_images/BET.D20.000347.png,"[1765, 471, 3215, 3028]",individual_images/BET.D20.000347.png/1c2ffde8-d964-41ef-85d1-57d70ca0232a.png,2019-06-19,MECRUF,Mecyclothorax rufipennis,Mecyclothorax,Rufipennis,6,S,006S,Y,SMR,PUUM,Puu Makaala Natural Area Reserve NEON,HI,D20,19.55309,-155.31731,CORE,TERRESTRIAL,17.1,11.6,1.4,1.4,0.0,6.0,12.1,31.0,23.61,3.72,53.0,45118.34
1f3e29d5-4ac1-4169-ba1c-ffaf91f25164,BET.D20.000351,0,BET.D20.000351.png,"4632, 3488",group_images/BET.D20.000351.png,"[909, 846, 2558, 3057]",individual_images/BET.D20.000351.png/1f3e29d5-4ac1-4169-ba1c-ffaf91f25164.png,2019-05-22,MECDIS,Mecyclothorax discedens,Mecyclothorax,Discedens,4,E,004E,Y,SMR,PUUM,Puu Makaala Natural Area Reserve NEON,HI,D20,19.55309,-155.31731,CORE,TERRESTRIAL,17.1,9.9,9.5,9.5,0.0,9.0,10.9,27.4,20.76,3.28,61.0,28768.82
ebef5cb2-2886-432f-9294-20559d5e09fc,BET.D20.000377,0,BET.D20.000377.png,"4632, 3488",group_images/BET.D20.000377.png,"[1580, 394, 3604, 2969]",individual_images/BET.D20.000377.png/ebef5cb2-2886-432f-9294-20559d5e09fc.png,2019-06-05,MECKON,Mecyclothorax konanus,Mecyclothorax,Konanus,14,W,014W,Y,SMR,PUUM,Puu Makaala Natural Area Reserve NEON,HI,D20,19.55309,-155.31731,CORE,TERRESTRIAL,16.2,9.5,5.2,5.2,0.0,12.0,13.6,31.7,15.14,2.33,55.0,44178.14
80f5e688-605b-41e0-80d2-8ccc0cc37a0f,BET.D20.000380,0,BET.D20.000380.png,"4632, 3488",group_images/BET.D20.000380.png,"[1258, 484, 2706, 3213]",individual_images/BET.D20.000380.png/80f5e688-605b-41e0-80d2-8ccc0cc37a0f.png,2019-06-05,BLAKIL,Blackburnia kilauea,Blackburnia,Kilauea,15,S,015S,Y,SMR,PUUM,Puu Makaala Natural Area Reserve NEON,HI,D20,19.55309,-155.31731,CORE,TERRESTRIAL,16.2,9.5,5.2,5.2,0.0,12.0,13.6,31.7,15.14,2.33,55.0,44178.14
3d4742cd-dd73-4585-8de2-61a838ac940d,BET.D20.000382,0,BET.D20.000382.png,"4632, 3488",group_images/BET.D20.000382.png,"[522, 184, 2515, 3210]",individual_images/BET.D20.000382.png/3d4742cd-dd73-4585-8de2-61a838ac940d.png,2019-06-05,BLAKIL,Blackburnia kilauea,Blackburnia,Kilauea,15,S,015S,Y,SMR,PUUM,Puu Makaala Natural Area Reserve NEON,HI,D20,19.55309,-155.31731,CORE,TERRESTRIAL,16.2,9.5,5.2,5.2,0.0,12.0,13.6,31.7,15.14,2.33,55.0,44178.14
9ea46cc0-917f-4afb-9f9e-708a0d01eee8,BET.D20.000417,0,BET.D20.000417.png,"4632, 3488",group_images/BET.D20.000417.png,"[1395, 53, 2666, 3426]",individual_images/BET.D20.000417.png/9ea46cc0-917f-4afb-9f9e-708a0d01eee8.png,2019-06-19,MECBRU,Mecyclothorax brunneonubiger,Mecyclothorax,Brunneonubiger,17,E,017E,Y,SMR,PUUM,Puu Makaala Natural Area Reserve NEON,HI,D20,19.55309,-155.31731,CORE,TERRESTRIAL,17.1,11.6,1.4,1.4,0.0,6.0,12.1,31.0,23.61,3.72,53.0,45118.34
e3487271-721d-4e41-9719-562a81963d4d,BET.D20.000418,0,BET.D20.000418.png,"4632, 3488",group_images/BET.D20.000418.png,"[745, 64, 2734, 3436]",individual_images/BET.D20.000418.png/e3487271-721d-4e41-9719-562a81963d4d.png,2019-06-19,MECBRU,Mecyclothorax brunneonubiger,Mecyclothorax,Brunneonubiger,17,E,017E,Y,SMR,PUUM,Puu Makaala Natural Area Reserve NEON,HI,D20,19.55309,-155.31731,CORE,TERRESTRIAL,17.1,11.6,1.4,1.4,0.0,6.0,12.1,31.0,23.61,3.72,53.0,45118.34
bea252b0-c0db-4f28-a805-b41d1a8c74a1,BET.D20.000419,0,BET.D20.000419.png,"4632, 3488",group_images/BET.D20.000419.png,"[1117, 408, 3038, 3248]",individual_images/BET.D20.000419.png/bea252b0-c0db-4f28-a805-b41d1a8c74a1.png,2019-06-19,MECKON,Mecyclothorax konanus,Mecyclothorax,Konanus,14,W,014W,Y,SMR,PUUM,Puu Makaala Natural Area Reserve NEON,HI,D20,19.55309,-155.31731,CORE,TERRESTRIAL,17.1,11.6,1.4,1.4,0.0,6.0,12.1,31.0,23.61,3.72,53.0,45118.34
2327c286-fc95-4817-b386-2ddb11b546cf,BET.D20.000481,0,BET.D20.000481.png,"4632, 3488",group_images/BET.D20.000481.png,"[778, 767, 2678, 3148]",individual_images/BET.D20.000481.png/2327c286-fc95-4817-b386-2ddb11b546cf.png,2019-06-19,MECDIS,Mecyclothorax discedens,Mecyclothorax,Discedens,4,W,004W,Y,SMR,PUUM,Puu Makaala Natural Area Reserve NEON,HI,D20,19.55309,-155.31731,CORE,TERRESTRIAL,17.1,11.6,1.4,1.4,0.0,6.0,12.1,31.0,23.61,3.72,53.0,45118.34
0e4b9ec2-1e01-4234-9c0c-1352623ac784,BET.D20.000482,0,BET.D20.000482.png,"4632, 3488",group_images/BET.D20.000482.png,"[1040, 438, 2567, 3340]",individual_images/BET.D20.000482.png/0e4b9ec2-1e01-4234-9c0c-1352623ac784.png,2019-06-19,TREOBT,Trechus obtusus,Trechus,Obtusus,2,E,002E,Y,SMR,PUUM,Puu Makaala Natural Area Reserve NEON,HI,D20,19.55309,-155.31731,CORE,TERRESTRIAL,17.1,11.6,1.4,1.4,0.0,6.0,12.1,31.0,23.61,3.72,53.0,45118.34
022ce443-f0ef-4b27-a0d7-678ed0d7d0c5,BET.D20.000487,0,BET.D20.000487.png,"4632, 3488",group_images/BET.D20.000487.png,"[658, 29, 4297, 3301]",individual_images/BET.D20.000487.png/022ce443-f0ef-4b27-a0d7-678ed0d7d0c5.png,2019-06-19,BLAHAW,Blackburnia hawaiiensis,Blackburnia,Hawaiiensis,7,W,007W,Y,SMR,PUUM,Puu Makaala Natural Area Reserve NEON,HI,D20,19.55309,-155.31731,CORE,TERRESTRIAL,17.1,11.6,1.4,1.4,0.0,6.0,12.1,31.0,23.61,3.72,53.0,45118.34
3121a64b-f3eb-4052-a911-eb6c12d2b916,BET.D20.000488,0,BET.D20.000488.png,"4632, 3488",group_images/BET.D20.000488.png,"[1058, 454, 2591, 3061]",individual_images/BET.D20.000488.png/3121a64b-f3eb-4052-a911-eb6c12d2b916.png,2019-06-19,MECNIT,Mecyclothorax nitidus,Mecyclothorax,Nitidus,14,S,014S,Y,SMR,PUUM,Puu Makaala Natural Area Reserve NEON,HI,D20,19.55309,-155.31731,CORE,TERRESTRIAL,17.1,11.6,1.4,1.4,0.0,6.0,12.1,31.0,23.61,3.72,53.0,45118.34
f47a4206-b42e-4b51-a7b7-dcc3d688833a,BET.D20.000516,0,BET.D20.000516.png,"4632, 3488",group_images/BET.D20.000516.png,"[1703, 54, 2921, 3278]",individual_images/BET.D20.000516.png/f47a4206-b42e-4b51-a7b7-dcc3d688833a.png,2019-07-03,MECKON,Mecyclothorax konanus,Mecyclothorax,Konanus,6,W,006W,Y,SMR,PUUM,Puu Makaala Natural Area Reserve NEON,HI,D20,19.55309,-155.31731,CORE,TERRESTRIAL,17.3,10.9,0.0,0.0,0.0,0.0,14.7,31.7,20.53,3.16,3.0,42593.97
c19da1e6-1c9a-4143-86e7-9362645b7251,BET.D20.000535,0,BET.D20.000535.png,"4632, 3488",group_images/BET.D20.000535.png,"[1344, 511, 2743, 3334]",individual_images/BET.D20.000535.png/c19da1e6-1c9a-4143-86e7-9362645b7251.png,2019-07-03,MECKON,Mecyclothorax konanus,Mecyclothorax,Konanus,14,E,014E,Y,SMR,PUUM,Puu Makaala Natural Area Reserve NEON,HI,D20,19.55309,-155.31731,CORE,TERRESTRIAL,17.3,10.9,0.0,0.0,0.0,0.0,14.7,31.7,20.53,3.16,3.0,42593.97
f1e70b9e-d1ae-4e80-8fb7-9fa22f26ca68,BET.D20.000576,0,BET.D20.000576.png,"4632, 3488",group_images/BET.D20.000576.png,"[1597, 79, 3085, 3358]",individual_images/BET.D20.000576.png/f1e70b9e-d1ae-4e80-8fb7-9fa22f26ca68.png,2019-07-03,MECKON,Mecyclothorax konanus,Mecyclothorax,Konanus,8,W,008W,Y,SMR,PUUM,Puu Makaala Natural Area Reserve NEON,HI,D20,19.55309,-155.31731,CORE,TERRESTRIAL,17.3,10.9,0.0,0.0,0.0,0.0,14.7,31.7,20.53,3.16,3.0,42593.97
d5c2aa6e-d557-49fe-aaa7-82ee59ae4dbe,BET.D20.000588,0,BET.D20.000588.png,"4632, 3488",group_images/BET.D20.000588.png,"[1704, 481, 3136, 3100]",individual_images/BET.D20.000588.png/d5c2aa6e-d557-49fe-aaa7-82ee59ae4dbe.png,2019-07-03,MECKON,Mecyclothorax konanus,Mecyclothorax,Konanus,14,E,014E,Y,SMR,PUUM,Puu Makaala Natural Area Reserve NEON,HI,D20,19.55309,-155.31731,CORE,TERRESTRIAL,17.3,10.9,0.0,0.0,0.0,0.0,14.7,31.7,20.53,3.16,3.0,42593.97
f8108522-4c6e-479f-a129-6c07dd3cf0f0,BET.D20.000604,0,BET.D20.000604.png,"4632, 3488",group_images/BET.D20.000604.png,"[668, 366, 2209, 3143]",individual_images/BET.D20.000604.png/f8108522-4c6e-479f-a129-6c07dd3cf0f0.png,2019-07-03,MECKON,Mecyclothorax konanus,Mecyclothorax,Konanus,14,W,014W,Y,SMR,PUUM,Puu Makaala Natural Area Reserve NEON,HI,D20,19.55309,-155.31731,CORE,TERRESTRIAL,17.3,10.9,0.0,0.0,0.0,0.0,14.7,31.7,20.53,3.16,3.0,42593.97
b25ba489-7a93-4389-9c4e-e71fcb65e374,BET.D20.000607,0,BET.D20.000607.png,"4632, 3488",group_images/BET.D20.000607.png,"[1671, 74, 2956, 3402]",individual_images/BET.D20.000607.png/b25ba489-7a93-4389-9c4e-e71fcb65e374.png,2019-07-03,MECKON,Mecyclothorax konanus,Mecyclothorax,Konanus,14,S,014S,Y,SMR,PUUM,Puu Makaala Natural Area Reserve NEON,HI,D20,19.55309,-155.31731,CORE,TERRESTRIAL,17.3,10.9,0.0,0.0,0.0,0.0,14.7,31.7,20.53,3.16,3.0,42593.97
ed92bc6f-295e-45e6-bad1-71c2336c1ce9,BET.D20.000610,0,BET.D20.000610.png,"4632, 3488",group_images/BET.D20.000610.png,"[1089, 337, 3022, 3118]",individual_images/BET.D20.000610.png/ed92bc6f-295e-45e6-bad1-71c2336c1ce9.png,2019-07-03,TREOBT,Trechus obtusus,Trechus,Obtusus,2,E,002E,Y,SMR,PUUM,Puu Makaala Natural Area Reserve NEON,HI,D20,19.55309,-155.31731,CORE,TERRESTRIAL,17.3,10.9,0.0,0.0,0.0,0.0,14.7,31.7,20.53,3.16,3.0,42593.97
40b54b29-1e0c-4d59-af44-3cdbf7e0f2a3,BET.D20.000638,0,BET.D20.000638.png,"4632, 3488",group_images/BET.D20.000638.png,"[1182, 201, 2842, 3299]",individual_images/BET.D20.000638.png/40b54b29-1e0c-4d59-af44-3cdbf7e0f2a3.png,2019-07-03,MECKON,Mecyclothorax konanus,Mecyclothorax,Konanus,17,E,017E,Y,SMR,PUUM,Puu Makaala Natural Area Reserve NEON,HI,D20,19.55309,-155.31731,CORE,TERRESTRIAL,17.3,10.9,0.0,0.0,0.0,0.0,14.7,31.7,20.53,3.16,3.0,42593.97
0cf607da-b3bc-4333-9be8-53d5494d782b,BET.D20.000657,0,BET.D20.000657.png,"4632, 3488",group_images/BET.D20.000657.png,"[1605, 266, 3134, 2749]",individual_images/BET.D20.000657.png/0cf607da-b3bc-4333-9be8-53d5494d782b.png,2019-07-03,MECKAR,Mecyclothorax karschi,Mecyclothorax,Karschi,14,W,014W,Y,SMR,PUUM,Puu Makaala Natural Area Reserve NEON,HI,D20,19.55309,-155.31731,CORE,TERRESTRIAL,17.3,10.9,0.0,0.0,0.0,0.0,14.7,31.7,20.53,3.16,3.0,42593.97
ae9d31d8-989c-4092-9c24-5e36141d9274,BET.D20.000659,0,BET.D20.000659.png,"4632, 3488",group_images/BET.D20.000659.png,"[1509, 232, 3166, 3332]",individual_images/BET.D20.000659.png/ae9d31d8-989c-4092-9c24-5e36141d9274.png,2019-07-17,MECKON,Mecyclothorax konanus,Mecyclothorax,Konanus,14,W,014W,Y,SMR,PUUM,Puu Makaala Natural Area Reserve NEON,HI,D20,19.55309,-155.31731,CORE,TERRESTRIAL,16.8,10.7,4.3,4.3,0.0,12.0,11.8,28.1,21.37,3.5,53.0,44328.95
21f5f7b4-277c-4086-b4fc-64b02a9d6298,BET.D20.000676,0,BET.D20.000676.png,"4632, 3488",group_images/BET.D20.000676.png,"[1066, 693, 2573, 3180]",individual_images/BET.D20.000676.png/21f5f7b4-277c-4086-b4fc-64b02a9d6298.png,2019-07-17,MECVUL,Mecyclothorax vulcanus,Mecyclothorax,Vulcanus,14,W,014W,Y,SMR,PUUM,Puu Makaala Natural Area Reserve NEON,HI,D20,19.55309,-155.31731,CORE,TERRESTRIAL,16.8,10.7,4.3,4.3,0.0,12.0,11.8,28.1,21.37,3.5,53.0,44328.95
c0e43090-c8b8-4c23-b6a9-f26fa8998a50,BET.D20.000678,0,BET.D20.000678.png,"4632, 3488",group_images/BET.D20.000678.png,"[1463, 185, 3216, 3103]",individual_images/BET.D20.000678.png/c0e43090-c8b8-4c23-b6a9-f26fa8998a50.png,2019-07-17,MECKON,Mecyclothorax konanus,Mecyclothorax,Konanus,17,E,017E,Y,SMR,PUUM,Puu Makaala Natural Area Reserve NEON,HI,D20,19.55309,-155.31731,CORE,TERRESTRIAL,16.8,10.7,4.3,4.3,0.0,12.0,11.8,28.1,21.37,3.5,53.0,44328.95
e23705a1-b9b6-493e-9c26-9808150aef3e,BET.D20.000681,0,BET.D20.000681.png,"4632, 3488",group_images/BET.D20.000681.png,"[982, 655, 2667, 3128]",individual_images/BET.D20.000681.png/e23705a1-b9b6-493e-9c26-9808150aef3e.png,2019-07-17,MECRUF,Mecyclothorax rufipennis,Mecyclothorax,Rufipennis,17,E,017E,Y,SMR,PUUM,Puu Makaala Natural Area Reserve NEON,HI,D20,19.55309,-155.31731,CORE,TERRESTRIAL,16.8,10.7,4.3,4.3,0.0,12.0,11.8,28.1,21.37,3.5,53.0,44328.95
4ab7a6aa-3caf-4e11-9220-5afbbd9320c2,BET.D20.000702,0,BET.D20.000702.png,"4632, 3488",group_images/BET.D20.000702.png,"[1679, 474, 2841, 2954]",individual_images/BET.D20.000702.png/4ab7a6aa-3caf-4e11-9220-5afbbd9320c2.png,2019-07-17,MECKAR,Mecyclothorax karschi,Mecyclothorax,Karschi,14,W,014W,Y,SMR,PUUM,Puu Makaala Natural Area Reserve NEON,HI,D20,19.55309,-155.31731,CORE,TERRESTRIAL,16.8,10.7,4.3,4.3,0.0,12.0,11.8,28.1,21.37,3.5,53.0,44328.95
c5be3fbd-fe2e-44a9-9e74-a6f3ec02f93b,BET.D20.000715,0,BET.D20.000715.png,"4632, 3488",group_images/BET.D20.000715.png,"[1504, 395, 3010, 3155]",individual_images/BET.D20.000715.png/c5be3fbd-fe2e-44a9-9e74-a6f3ec02f93b.png,2019-07-17,MECKON,Mecyclothorax konanus,Mecyclothorax,Konanus,14,S,014S,Y,SMR,PUUM,Puu Makaala Natural Area Reserve NEON,HI,D20,19.55309,-155.31731,CORE,TERRESTRIAL,16.8,10.7,4.3,4.3,0.0,12.0,11.8,28.1,21.37,3.5,53.0,44328.95
5891824e-8428-4fc9-beea-54fe4b0e507a,BET.D20.000751,0,BET.D20.000751.png,"4632, 3488",group_images/BET.D20.000751.png,"[2925, 440, 4265, 2451]",individual_images/BET.D20.000751.png/5891824e-8428-4fc9-beea-54fe4b0e507a.png,2019-07-17,MECRUF,Mecyclothorax rufipennis,Mecyclothorax,Rufipennis,14,E,014E,Y,SMR,PUUM,Puu Makaala Natural Area Reserve NEON,HI,D20,19.55309,-155.31731,CORE,TERRESTRIAL,16.8,10.7,4.3,4.3,0.0,12.0,11.8,28.1,21.37,3.5,53.0,44328.95
0b846afe-c328-4f36-b8ae-a23ea72e4698,BET.D20.000764,0,BET.D20.000764.png,"4632, 3488",group_images/BET.D20.000764.png,"[896, 312, 3040, 3186]",individual_images/BET.D20.000764.png/0b846afe-c328-4f36-b8ae-a23ea72e4698.png,2019-07-17,MECKON,Mecyclothorax konanus,Mecyclothorax,Konanus,14,E,014E,Y,SMR,PUUM,Puu Makaala Natural Area Reserve NEON,HI,D20,19.55309,-155.31731,CORE,TERRESTRIAL,16.8,10.7,4.3,4.3,0.0,12.0,11.8,28.1,21.37,3.5,53.0,44328.95
872903d1-4e32-4364-a10c-d418c75f17ba,BET.D20.000766,0,BET.D20.000766.png,"4632, 3488",group_images/BET.D20.000766.png,"[1849, 373, 3940, 3287]",individual_images/BET.D20.000766.png/872903d1-4e32-4364-a10c-d418c75f17ba.png,2019-07-17,MECKON,Mecyclothorax konanus,Mecyclothorax,Konanus,14,E,014E,Y,SMR,PUUM,Puu Makaala Natural Area Reserve NEON,HI,D20,19.55309,-155.31731,CORE,TERRESTRIAL,16.8,10.7,4.3,4.3,0.0,12.0,11.8,28.1,21.37,3.5,53.0,44328.95
4c817a72-3fca-446a-8f2e-aa6f44f236e4,BET.D20.000794,0,BET.D20.000794.png,"4632, 3488",group_images/BET.D20.000794.png,"[876, 30, 2927, 3346]",individual_images/BET.D20.000794.png/4c817a72-3fca-446a-8f2e-aa6f44f236e4.png,2019-07-31,BLAHAW,Blackburnia hawaiiensis,Blackburnia,Hawaiiensis,7,S,007S,Y,SMR,PUUM,Puu Makaala Natural Area Reserve NEON,HI,D20,19.55309,-155.31731,CORE,TERRESTRIAL,17.7,11.4,1.3,1.3,0.0,9.0,12.8,31.0,24.94,4.12,51.0,44195.77
5877e47b-399a-4950-88dc-919d7e53ad75,BET.D20.000797,0,BET.D20.000797.png,"4632, 3488",group_images/BET.D20.000797.png,"[1682, 499, 3255, 3171]",individual_images/BET.D20.000797.png/5877e47b-399a-4950-88dc-919d7e53ad75.png,2019-07-31,MECRUF,Mecyclothorax rufipennis,Mecyclothorax,Rufipennis,17,E,017E,Y,SMR,PUUM,Puu Makaala Natural Area Reserve NEON,HI,D20,19.55309,-155.31731,CORE,TERRESTRIAL,17.7,11.4,1.3,1.3,0.0,9.0,12.8,31.0,24.94,4.12,51.0,44195.77
6d28afd2-d9b5-413d-9220-ba1808a3e8f1,BET.D20.000828,0,BET.D20.000828.png,"4632, 3488",group_images/BET.D20.000828.png,"[1611, 453, 3458, 3213]",individual_images/BET.D20.000828.png/6d28afd2-d9b5-413d-9220-ba1808a3e8f1.png,2019-07-31,MECKAR,Mecyclothorax karschi,Mecyclothorax,Karschi,14,W,014W,Y,SMR,PUUM,Puu Makaala Natural Area Reserve NEON,HI,D20,19.55309,-155.31731,CORE,TERRESTRIAL,17.7,11.4,1.3,1.3,0.0,9.0,12.8,31.0,24.94,4.12,51.0,44195.77
ddd705aa-2ea8-4861-b0d3-993dccdc5cb0,BET.D20.000831,0,BET.D20.000831.png,"4632, 3488",group_images/BET.D20.000831.png,"[1235, 80, 2772, 3323]",individual_images/BET.D20.000831.png/ddd705aa-2ea8-4861-b0d3-993dccdc5cb0.png,2019-07-31,BLAHAW,Blackburnia hawaiiensis,Blackburnia,Hawaiiensis,15,E,015E,Y,SMR,PUUM,Puu Makaala Natural Area Reserve NEON,HI,D20,19.55309,-155.31731,CORE,TERRESTRIAL,17.7,11.4,1.3,1.3,0.0,9.0,12.8,31.0,24.94,4.12,51.0,44195.77
4879ebef-840b-4bf0-bdc8-8f9275c63dbd,BET.D20.000834,0,BET.D20.000834.png,"4632, 3488",group_images/BET.D20.000834.png,"[1734, 128, 3256, 3321]",individual_images/BET.D20.000834.png/4879ebef-840b-4bf0-bdc8-8f9275c63dbd.png,2019-07-31,MECKON,Mecyclothorax konanus,Mecyclothorax,Konanus,14,S,014S,Y,SMR,PUUM,Puu Makaala Natural Area Reserve NEON,HI,D20,19.55309,-155.31731,CORE,TERRESTRIAL,17.7,11.4,1.3,1.3,0.0,9.0,12.8,31.0,24.94,4.12,51.0,44195.77
2e43c155-a72c-42ae-bbf5-94a68c541696,BET.D20.000872,0,BET.D20.000872.png,"4632, 3488",group_images/BET.D20.000872.png,"[1233, 63, 2904, 3267]",individual_images/BET.D20.000872.png/2e43c155-a72c-42ae-bbf5-94a68c541696.png,2019-07-31,MECKON,Mecyclothorax konanus,Mecyclothorax,Konanus,14,W,014W,Y,SMR,PUUM,Puu Makaala Natural Area Reserve NEON,HI,D20,19.55309,-155.31731,CORE,TERRESTRIAL,17.7,11.4,1.3,1.3,0.0,9.0,12.8,31.0,24.94,4.12,51.0,44195.77
c4199b3c-1a4a-4842-8c17-4176e19c0b13,BET.D20.000878,0,BET.D20.000878.png,"4632, 3488",group_images/BET.D20.000878.png,"[1485, 357, 3408, 3152]",individual_images/BET.D20.000878.png/c4199b3c-1a4a-4842-8c17-4176e19c0b13.png,2019-07-31,MECKON,Mecyclothorax konanus,Mecyclothorax,Konanus,14,E,014E,Y,SMR,PUUM,Puu Makaala Natural Area Reserve NEON,HI,D20,19.55309,-155.31731,CORE,TERRESTRIAL,17.7,11.4,1.3,1.3,0.0,9.0,12.8,31.0,24.94,4.12,51.0,44195.77
bf538977-d308-4f52-b9d5-522347b6941c,BET.D20.000879,0,BET.D20.000879.png,"4632, 3488",group_images/BET.D20.000879.png,"[1465, 583, 3193, 3141]",individual_images/BET.D20.000879.png/bf538977-d308-4f52-b9d5-522347b6941c.png,2019-07-31,TREOBT,Trechus obtusus,Trechus,Obtusus,14,S,014S,Y,SMR,PUUM,Puu Makaala Natural Area Reserve NEON,HI,D20,19.55309,-155.31731,CORE,TERRESTRIAL,17.7,11.4,1.3,1.3,0.0,9.0,12.8,31.0,24.94,4.12,51.0,44195.77
40e54c19-fe38-48b2-ab2b-3018b5a0a467,BET.D20.000881,0,BET.D20.000881.png,"4632, 3488",group_images/BET.D20.000881.png,"[1400, 183, 3101, 3218]",individual_images/BET.D20.000881.png/40e54c19-fe38-48b2-ab2b-3018b5a0a467.png,2019-07-31,MECKON,Mecyclothorax konanus,Mecyclothorax,Konanus,14,W,014W,Y,SMR,PUUM,Puu Makaala Natural Area Reserve NEON,HI,D20,19.55309,-155.31731,CORE,TERRESTRIAL,17.7,11.4,1.3,1.3,0.0,9.0,12.8,31.0,24.94,4.12,51.0,44195.77
cc916f58-91f6-41be-a39c-03a09937b4cc,BET.D20.000888,0,BET.D20.000888.png,"4632, 3488",group_images/BET.D20.000888.png,"[1551, 757, 2830, 3121]",individual_images/BET.D20.000888.png/cc916f58-91f6-41be-a39c-03a09937b4cc.png,2019-07-31,MECRUF,Mecyclothorax rufipennis,Mecyclothorax,Rufipennis,14,E,014E,Y,SMR,PUUM,Puu Makaala Natural Area Reserve NEON,HI,D20,19.55309,-155.31731,CORE,TERRESTRIAL,17.7,11.4,1.3,1.3,0.0,9.0,12.8,31.0,24.94,4.12,51.0,44195.77
29b75a3d-581c-405a-ab8b-6887babecf6a,BET.D20.000894,0,BET.D20.000894.png,"4632, 3488",group_images/BET.D20.000894.png,"[1335, 123, 2943, 3437]",individual_images/BET.D20.000894.png/29b75a3d-581c-405a-ab8b-6887babecf6a.png,2019-07-31,MECKON,Mecyclothorax konanus,Mecyclothorax,Konanus,6,E,006E,Y,SMR,PUUM,Puu Makaala Natural Area Reserve NEON,HI,D20,19.55309,-155.31731,CORE,TERRESTRIAL,17.7,11.4,1.3,1.3,0.0,9.0,12.8,31.0,24.94,4.12,51.0,44195.77
7e16bd7b-7e1c-4d5d-aa90-00ef45840e81,BET.D20.000963,0,BET.D20.000963.png,"4632, 3488",group_images/BET.D20.000963.png,"[1765, 114, 3046, 3278]",individual_images/BET.D20.000963.png/7e16bd7b-7e1c-4d5d-aa90-00ef45840e81.png,2019-08-14,TREOBT,Trechus obtusus,Trechus,Obtusus,14,S,014S,Y,SMR,PUUM,Puu Makaala Natural Area Reserve NEON,HI,D20,19.55309,-155.31731,CORE,TERRESTRIAL,17.8,12.3,4.6,4.6,0.0,11.0,12.2,29.9,19.67,3.17,55.0,38220.97
7fef8cbe-bab5-4461-bbcb-7ce777e18d24,BET.D20.000967,0,BET.D20.000967.png,"4632, 3488",group_images/BET.D20.000967.png,"[1633, 144, 2873, 3357]",individual_images/BET.D20.000967.png/7fef8cbe-bab5-4461-bbcb-7ce777e18d24.png,2019-08-14,MECKON,Mecyclothorax konanus,Mecyclothorax,Konanus,14,E,014E,Y,SMR,PUUM,Puu Makaala Natural Area Reserve NEON,HI,D20,19.55309,-155.31731,CORE,TERRESTRIAL,17.8,12.3,4.6,4.6,0.0,11.0,12.2,29.9,19.67,3.17,55.0,38220.97
02ea08e0-12c8-4a8f-b1f9-5be252c0c64b,BET.D20.000978,0,BET.D20.000978.png,"4632, 3488",group_images/BET.D20.000978.png,"[1605, 195, 3404, 3002]",individual_images/BET.D20.000978.png/02ea08e0-12c8-4a8f-b1f9-5be252c0c64b.png,2019-08-14,MECKAR,Mecyclothorax karschi,Mecyclothorax,Karschi,14,W,014W,Y,SMR,PUUM,Puu Makaala Natural Area Reserve NEON,HI,D20,19.55309,-155.31731,CORE,TERRESTRIAL,17.8,12.3,4.6,4.6,0.0,11.0,12.2,29.9,19.67,3.17,55.0,38220.97
7f7a2c15-2d01-47d9-b59d-1feeb65718ed,BET.D20.001008,0,BET.D20.001008.png,"4632, 3488",group_images/BET.D20.001008.png,"[1090, 131, 2356, 2584]",individual_images/BET.D20.001008.png/7f7a2c15-2d01-47d9-b59d-1feeb65718ed.png,2019-08-28,MECKAR,Mecyclothorax karschi,Mecyclothorax,Karschi,14,W,014W,Y,SMR,PUUM,Puu Makaala Natural Area Reserve NEON,HI,D20,19.55309,-155.31731,CORE,TERRESTRIAL,19.7,12.1,0.2,0.2,0.0,2.0,10.9,28.8,23.26,3.88,51.0,40773.3
b87d0c83-d9fc-4955-b66a-f304a1854131,BET.D20.001035,0,BET.D20.001035.png,"4632, 3488",group_images/BET.D20.001035.png,"[1452, 407, 2951, 3027]",individual_images/BET.D20.001035.png/b87d0c83-d9fc-4955-b66a-f304a1854131.png,2019-08-28,MECKON,Mecyclothorax konanus,Mecyclothorax,Konanus,17,W,017W,Y,SMR,PUUM,Puu Makaala Natural Area Reserve NEON,HI,D20,19.55309,-155.31731,CORE,TERRESTRIAL,19.7,12.1,0.2,0.2,0.0,2.0,10.9,28.8,23.26,3.88,51.0,40773.3
c3d45711-19d7-4715-99c0-f1d97a2df935,BET.D20.001081,0,BET.D20.001081.png,"4632, 3488",group_images/BET.D20.001081.png,"[1385, 401, 2827, 3136]",individual_images/BET.D20.001081.png/c3d45711-19d7-4715-99c0-f1d97a2df935.png,2019-09-11,MECKON,Mecyclothorax konanus,Mecyclothorax,Konanus,14,S,014S,Y,SMR,PUUM,Puu Makaala Natural Area Reserve NEON,HI,D20,19.55309,-155.31731,CORE,TERRESTRIAL,17.8,11.2,0.3,0.3,0.0,2.0,13.9,34.6,19.84,3.09,51.0,41200.23
c80bc953-f3c3-4dc9-9f95-7ddf6d525357,BET.D20.001085,0,BET.D20.001085.png,"4632, 3488",group_images/BET.D20.001085.png,"[1576, 502, 3014, 3120]",individual_images/BET.D20.001085.png/c80bc953-f3c3-4dc9-9f95-7ddf6d525357.png,2019-08-28,MECKON,Mecyclothorax konanus,Mecyclothorax,Konanus,14,S,014S,Y,SMR,PUUM,Puu Makaala Natural Area Reserve NEON,HI,D20,19.55309,-155.31731,CORE,TERRESTRIAL,19.7,12.1,0.2,0.2,0.0,2.0,10.9,28.8,23.26,3.88,51.0,40773.3
a36579f5-903c-4da1-9fc0-31f05ec64b65,BET.D20.001089,0,BET.D20.001089.png,"4632, 3488",group_images/BET.D20.001089.png,"[1368, 562, 2619, 3143]",individual_images/BET.D20.001089.png/a36579f5-903c-4da1-9fc0-31f05ec64b65.png,2019-08-28,MECKON,Mecyclothorax konanus,Mecyclothorax,Konanus,14,S,014S,Y,SMR,PUUM,Puu Makaala Natural Area Reserve NEON,HI,D20,19.55309,-155.31731,CORE,TERRESTRIAL,19.7,12.1,0.2,0.2,0.0,2.0,10.9,28.8,23.26,3.88,51.0,40773.3
35d10f47-f70d-479c-8aba-d1bb6d2643b4,BET.D20.001099,0,BET.D20.001099.png,"4632, 3488",group_images/BET.D20.001099.png,"[1115, 433, 3020, 3331]",individual_images/BET.D20.001099.png/35d10f47-f70d-479c-8aba-d1bb6d2643b4.png,2019-09-11,BLAHAW,Blackburnia hawaiiensis,Blackburnia,Hawaiiensis,15,E,015E,Y,SMR,PUUM,Puu Makaala Natural Area Reserve NEON,HI,D20,19.55309,-155.31731,CORE,TERRESTRIAL,17.8,11.2,0.3,0.3,0.0,2.0,13.9,34.6,19.84,3.09,51.0,41200.23
595ac5d2-5bed-4b29-87f8-187b7ef4b379,BET.D20.001101,0,BET.D20.001101.png,"4632, 3488",group_images/BET.D20.001101.png,"[1578, 55, 3226, 3443]",individual_images/BET.D20.001101.png/595ac5d2-5bed-4b29-87f8-187b7ef4b379.png,2019-09-11,MECVUL,Mecyclothorax vulcanus,Mecyclothorax,Vulcanus,14,W,014W,Y,SMR,PUUM,Puu Makaala Natural Area Reserve NEON,HI,D20,19.55309,-155.31731,CORE,TERRESTRIAL,17.8,11.2,0.3,0.3,0.0,2.0,13.9,34.6,19.84,3.09,51.0,41200.23
63439e49-328c-4044-b421-2136e46d2d35,BET.D20.001118,0,BET.D20.001118.png,"4632, 3488",group_images/BET.D20.001118.png,"[895, 339, 2448, 3144]",individual_images/BET.D20.001118.png/63439e49-328c-4044-b421-2136e46d2d35.png,2019-09-11,MECBRU,Mecyclothorax brunneonubiger,Mecyclothorax,Brunneonubiger,14,W,014W,Y,SMR,PUUM,Puu Makaala Natural Area Reserve NEON,HI,D20,19.55309,-155.31731,CORE,TERRESTRIAL,17.8,11.2,0.3,0.3,0.0,2.0,13.9,34.6,19.84,3.09,51.0,41200.23
2f9130f9-d713-4d0b-aaed-7b208721a171,BET.D20.001118,0,BET.D20.001118.png,"4632, 3488",group_images/BET.D20.001118.png,"[2552, 1087, 4125, 3046]",individual_images/BET.D20.001118.png/2f9130f9-d713-4d0b-aaed-7b208721a171.png,2019-09-11,MECBRU,Mecyclothorax brunneonubiger,Mecyclothorax,Brunneonubiger,14,W,014W,Y,SMR,PUUM,Puu Makaala Natural Area Reserve NEON,HI,D20,19.55309,-155.31731,CORE,TERRESTRIAL,17.8,11.2,0.3,0.3,0.0,2.0,13.9,34.6,19.84,3.09,51.0,41200.23
a0c67f17-b527-41aa-a197-7fae42c91e86,BET.D20.001160,0,BET.D20.001160.png,"4632, 3488",group_images/BET.D20.001160.png,"[1128, 216, 2359, 3093]",individual_images/BET.D20.001160.png/a0c67f17-b527-41aa-a197-7fae42c91e86.png,2019-09-11,MECKON,Mecyclothorax konanus,Mecyclothorax,Konanus,6,W,006W,Y,SMR,PUUM,Puu Makaala Natural Area Reserve NEON,HI,D20,19.55309,-155.31731,CORE,TERRESTRIAL,17.8,11.2,0.3,0.3,0.0,2.0,13.9,34.6,19.84,3.09,51.0,41200.23
54bad68d-c3d4-4930-9aee-aa2d18f6c4b6,BET.D20.001168,0,BET.D20.001168.png,"4632, 3488",group_images/BET.D20.001168.png,"[1253, 421, 2742, 3395]",individual_images/BET.D20.001168.png/54bad68d-c3d4-4930-9aee-aa2d18f6c4b6.png,2019-09-11,TREOBT,Trechus obtusus,Trechus,Obtusus,14,S,014S,Y,SMR,PUUM,Puu Makaala Natural Area Reserve NEON,HI,D20,19.55309,-155.31731,CORE,TERRESTRIAL,17.8,11.2,0.3,0.3,0.0,2.0,13.9,34.6,19.84,3.09,51.0,41200.23
f81967b8-089c-4bae-a8ab-490ff82e3b41,BET.D20.001175,0,BET.D20.001175.png,"4632, 3488",group_images/BET.D20.001175.png,"[1389, 58, 3156, 3345]",individual_images/BET.D20.001175.png/f81967b8-089c-4bae-a8ab-490ff82e3b41.png,2019-09-11,MECKON,Mecyclothorax konanus,Mecyclothorax,Konanus,6,W,006W,Y,SMR,PUUM,Puu Makaala Natural Area Reserve NEON,HI,D20,19.55309,-155.31731,CORE,TERRESTRIAL,17.8,11.2,0.3,0.3,0.0,2.0,13.9,34.6,19.84,3.09,51.0,41200.23
e362fdf5-137e-4611-9995-a4dcd9c41fdc,BET.D20.001181,0,BET.D20.001181.png,"4632, 3488",group_images/BET.D20.001181.png,"[1155, 166, 2786, 3344]",individual_images/BET.D20.001181.png/e362fdf5-137e-4611-9995-a4dcd9c41fdc.png,2019-09-11,TREOBT,Trechus obtusus,Trechus,Obtusus,14,E,014E,Y,SMR,PUUM,Puu Makaala Natural Area Reserve NEON,HI,D20,19.55309,-155.31731,CORE,TERRESTRIAL,17.8,11.2,0.3,0.3,0.0,2.0,13.9,34.6,19.84,3.09,51.0,41200.23
a9ffc843-e995-4868-b794-f62873efe07c,BET.D20.001197,0,BET.D20.001197.png,"4632, 3488",group_images/BET.D20.001197.png,"[1149, 106, 2906, 3425]",individual_images/BET.D20.001197.png/a9ffc843-e995-4868-b794-f62873efe07c.png,2019-09-25,MECKON,Mecyclothorax konanus,Mecyclothorax,Konanus,14,E,014E,Y,SMR,PUUM,Puu Makaala Natural Area Reserve NEON,HI,D20,19.55309,-155.31731,CORE,TERRESTRIAL,18.3,11.0,0.0,0.0,0.0,0.0,10.0,28.4,19.95,3.19,2.0,40947.52
02baf52a-ff64-4cff-8d62-b60d93edf51d,BET.D20.001273,0,BET.D20.001273.png,"4632, 3488",group_images/BET.D20.001273.png,"[1056, 521, 3110, 3018]",individual_images/BET.D20.001273.png/02baf52a-ff64-4cff-8d62-b60d93edf51d.png,2019-09-25,MECDIS,Mecyclothorax discedens,Mecyclothorax,Discedens,7,S,007S,Y,SMR,PUUM,Puu Makaala Natural Area Reserve NEON,HI,D20,19.55309,-155.31731,CORE,TERRESTRIAL,18.3,11.0,0.0,0.0,0.0,0.0,10.0,28.4,19.95,3.19,2.0,40947.52
87807d56-0da4-4e39-ab5a-04cc3414c4fd,BET.D20.001296,0,BET.D20.001296.png,"4632, 3488",group_images/BET.D20.001296.png,"[1052, 86, 3363, 3412]",individual_images/BET.D20.001296.png/87807d56-0da4-4e39-ab5a-04cc3414c4fd.png,2021-08-10,MECBRU,Mecyclothorax brunneonubiger,Mecyclothorax,Brunneonubiger,17,S,017S,Y,SMR,PUUM,Puu Makaala Natural Area Reserve NEON,HI,D20,19.55309,-155.31731,CORE,TERRESTRIAL,18.2,13.7,6.2,6.2,0.0,17.0,11.5,35.3,21.2,3.38,55.0,36989.69
246a829c-da51-42d4-b658-370dd3b31902,BET.D20.001305,0,BET.D20.001305.png,"4632, 3488",group_images/BET.D20.001305.png,"[918, 481, 2856, 3140]",individual_images/BET.D20.001305.png/246a829c-da51-42d4-b658-370dd3b31902.png,2019-09-25,MECKAR,Mecyclothorax karschi,Mecyclothorax,Karschi,14,W,014W,Y,SMR,PUUM,Puu Makaala Natural Area Reserve NEON,HI,D20,19.55309,-155.31731,CORE,TERRESTRIAL,18.3,11.0,0.0,0.0,0.0,0.0,10.0,28.4,19.95,3.19,2.0,40947.52
6d84ef4c-5ed0-459a-a420-c50f4dff9dd7,BET.D20.001323,0,BET.D20.001323.png,"4632, 3488",group_images/BET.D20.001323.png,"[2070, 34, 3298, 3400]",individual_images/BET.D20.001323.png/6d84ef4c-5ed0-459a-a420-c50f4dff9dd7.png,2019-10-09,MECKON,Mecyclothorax konanus,Mecyclothorax,Konanus,14,E,014E,Y,SMR,PUUM,Puu Makaala Natural Area Reserve NEON,HI,D20,19.55309,-155.31731,CORE,TERRESTRIAL,18.9,9.9,3.2,3.2,0.0,8.0,12.3,28.8,18.35,3.02,55.0,28994.43
829d9e42-ca4c-4d27-aff9-d27aa2b7a5f2,BET.D20.001359,0,BET.D20.001359.png,"4632, 3488",group_images/BET.D20.001359.png,"[1063, 87, 2761, 3276]",individual_images/BET.D20.001359.png/829d9e42-ca4c-4d27-aff9-d27aa2b7a5f2.png,2019-10-09,MECKON,Mecyclothorax konanus,Mecyclothorax,Konanus,14,S,014S,Y,SMR,PUUM,Puu Makaala Natural Area Reserve NEON,HI,D20,19.55309,-155.31731,CORE,TERRESTRIAL,18.9,9.9,3.2,3.2,0.0,8.0,12.3,28.8,18.35,3.02,55.0,28994.43
b9ac8e57-f28f-437c-979b-bbb6550ba155,BET.D20.001409,0,BET.D20.001409.png,"4632, 3488",group_images/BET.D20.001409.png,"[1071, 175, 2534, 3340]",individual_images/BET.D20.001409.png/b9ac8e57-f28f-437c-979b-bbb6550ba155.png,2019-10-09,MECKON,Mecyclothorax konanus,Mecyclothorax,Konanus,6,W,006W,Y,SMR,PUUM,Puu Makaala Natural Area Reserve NEON,HI,D20,19.55309,-155.31731,CORE,TERRESTRIAL,18.9,9.9,3.2,3.2,0.0,8.0,12.3,28.8,18.35,3.02,55.0,28994.43
13137c24-1155-4554-8597-ccc111821f6b,BET.D20.001421,0,BET.D20.001421.png,"4632, 3488",group_images/BET.D20.001421.png,"[836, 55, 2787, 3272]",individual_images/BET.D20.001421.png/13137c24-1155-4554-8597-ccc111821f6b.png,2019-10-09,AGOMUE,Agonum muelleri,Agonum,Muelleri,8,S,008S,Y,SMR,PUUM,Puu Makaala Natural Area Reserve NEON,HI,D20,19.55309,-155.31731,CORE,TERRESTRIAL,18.9,9.9,3.2,3.2,0.0,8.0,12.3,28.8,18.35,3.02,55.0,28994.43
10564bcc-d296-4b98-be51-27dce8c25edd,BET.D20.001427,0,BET.D20.001427.png,"4632, 3488",group_images/BET.D20.001427.png,"[1390, 404, 3055, 2971]",individual_images/BET.D20.001427.png/10564bcc-d296-4b98-be51-27dce8c25edd.png,2020-06-23,MECRUF,Mecyclothorax rufipennis,Mecyclothorax,Rufipennis,17,E,017E,Y,SMR,PUUM,Puu Makaala Natural Area Reserve NEON,HI,D20,19.55309,-155.31731,CORE,TERRESTRIAL,15.3,8.5,4.0,4.0,0.0,11.0,14.1,30.6,18.19,2.77,53.0,27109.95
e50d2fac-320f-4ee5-bd28-8ca8bd33a3f9,BET.D20.001442,0,BET.D20.001442.png,"4632, 3488",group_images/BET.D20.001442.png,"[1488, 489, 3247, 3222]",individual_images/BET.D20.001442.png/e50d2fac-320f-4ee5-bd28-8ca8bd33a3f9.png,2020-06-23,TREOBT,Trechus obtusus,Trechus,Obtusus,14,E,014E,Y,SMR,PUUM,Puu Makaala Natural Area Reserve NEON,HI,D20,19.55309,-155.31731,CORE,TERRESTRIAL,15.3,8.5,4.0,4.0,0.0,11.0,14.1,30.6,18.19,2.77,53.0,27109.95
5dada529-590b-4d62-b5ec-953bb73a090f,BET.D20.001450,0,BET.D20.001450.png,"4632, 3488",group_images/BET.D20.001450.png,"[1768, 34, 3284, 3309]",individual_images/BET.D20.001450.png/5dada529-590b-4d62-b5ec-953bb73a090f.png,2020-06-23,TREOBT,Trechus obtusus,Trechus,Obtusus,14,E,014E,Y,SMR,PUUM,Puu Makaala Natural Area Reserve NEON,HI,D20,19.55309,-155.31731,CORE,TERRESTRIAL,15.3,8.5,4.0,4.0,0.0,11.0,14.1,30.6,18.19,2.77,53.0,27109.95
527a18ad-9ec4-4c1c-a0e9-85a07198783c,BET.D20.001451,0,BET.D20.001451.png,"4632, 3488",group_images/BET.D20.001451.png,"[1580, 530, 2913, 3083]",individual_images/BET.D20.001451.png/527a18ad-9ec4-4c1c-a0e9-85a07198783c.png,2020-06-23,MECKON,Mecyclothorax konanus,Mecyclothorax,Konanus,6,W,006W,Y,SMR,PUUM,Puu Makaala Natural Area Reserve NEON,HI,D20,19.55309,-155.31731,CORE,TERRESTRIAL,15.3,8.5,4.0,4.0,0.0,11.0,14.1,30.6,18.19,2.77,53.0,27109.95
9e4a1a57-9a67-4c3e-ad0b-b334ca9fc4b4,BET.D20.001455,0,BET.D20.001455.png,"4632, 3488",group_images/BET.D20.001455.png,"[500, 463, 2732, 3025]",individual_images/BET.D20.001455.png/9e4a1a57-9a67-4c3e-ad0b-b334ca9fc4b4.png,2020-06-23,MECKON,Mecyclothorax konanus,Mecyclothorax,Konanus,6,W,006W,Y,SMR,PUUM,Puu Makaala Natural Area Reserve NEON,HI,D20,19.55309,-155.31731,CORE,TERRESTRIAL,15.3,8.5,4.0,4.0,0.0,11.0,14.1,30.6,18.19,2.77,53.0,27109.95
0810f226-66b5-4a1a-ba8c-0cf8c7c88e86,BET.D20.001462,0,BET.D20.001462.png,"4632, 3488",group_images/BET.D20.001462.png,"[1524, 477, 2968, 2846]",individual_images/BET.D20.001462.png/0810f226-66b5-4a1a-ba8c-0cf8c7c88e86.png,2020-06-23,MECDIS,Mecyclothorax discedens,Mecyclothorax,Discedens,4,W,004W,Y,SMR,PUUM,Puu Makaala Natural Area Reserve NEON,HI,D20,19.55309,-155.31731,CORE,TERRESTRIAL,15.3,8.5,4.0,4.0,0.0,11.0,14.1,30.6,18.19,2.77,53.0,27109.95
c0f0f732-7753-4e5f-a4fc-1fa01c8f30d4,BET.D20.001467,0,BET.D20.001467.png,"4632, 3488",group_images/BET.D20.001467.png,"[979, 315, 2350, 3261]",individual_images/BET.D20.001467.png/c0f0f732-7753-4e5f-a4fc-1fa01c8f30d4.png,2020-06-23,MECDIS,Mecyclothorax discedens,Mecyclothorax,Discedens,7,W,007W,Y,SMR,PUUM,Puu Makaala Natural Area Reserve NEON,HI,D20,19.55309,-155.31731,CORE,TERRESTRIAL,15.3,8.5,4.0,4.0,0.0,11.0,14.1,30.6,18.19,2.77,53.0,27109.95
86acc5b6-35ff-49ab-a3af-afa3861a1c5c,BET.D20.001469,0,BET.D20.001469.png,"4632, 3488",group_images/BET.D20.001469.png,"[1774, 257, 2785, 3439]",individual_images/BET.D20.001469.png/86acc5b6-35ff-49ab-a3af-afa3861a1c5c.png,2020-07-07,MECKON,Mecyclothorax konanus,Mecyclothorax,Konanus,14,W,014W,Y,SMR,PUUM,Puu Makaala Natural Area Reserve NEON,HI,D20,19.55309,-155.31731,CORE,TERRESTRIAL,16.8,10.3,2.0,2.0,0.0,10.0,16.1,36.4,23.31,3.33,51.0,44400.89
d4c231bc-dc00-40f3-830d-df22f24e6f54,BET.D20.001469,0,BET.D20.001469_1.png,"4632, 3488",group_images/BET.D20.001469_1.png,"[1551, 111, 2550, 3251]",individual_images/BET.D20.001469_1.png/d4c231bc-dc00-40f3-830d-df22f24e6f54.png,2020-07-07,MECKON,Mecyclothorax konanus,Mecyclothorax,Konanus,14,W,014W,Y,SMR,PUUM,Puu Makaala Natural Area Reserve NEON,HI,D20,19.55309,-155.31731,CORE,TERRESTRIAL,16.8,10.3,2.0,2.0,0.0,10.0,16.1,36.4,23.31,3.33,51.0,44400.89
e7262be1-b8ba-441c-8204-4ce40b421c2e,BET.D20.001474,0,BET.D20.001474.png,"4632, 3488",group_images/BET.D20.001474.png,"[1506, 698, 3009, 3138]",individual_images/BET.D20.001474.png/e7262be1-b8ba-441c-8204-4ce40b421c2e.png,2020-06-23,TREOBT,Trechus obtusus,Trechus,Obtusus,14,E,014E,Y,SMR,PUUM,Puu Makaala Natural Area Reserve NEON,HI,D20,19.55309,-155.31731,CORE,TERRESTRIAL,15.3,8.5,4.0,4.0,0.0,11.0,14.1,30.6,18.19,2.77,53.0,27109.95
7b11b611-998d-4ee6-b09e-2e22ecf69001,BET.D20.001484,0,BET.D20.001484.png,"4632, 3488",group_images/BET.D20.001484.png,"[1444, 774, 3164, 3071]",individual_images/BET.D20.001484.png/7b11b611-998d-4ee6-b09e-2e22ecf69001.png,2020-07-07,MECKON,Mecyclothorax konanus,Mecyclothorax,Konanus,6,W,006W,Y,SMR,PUUM,Puu Makaala Natural Area Reserve NEON,HI,D20,19.55309,-155.31731,CORE,TERRESTRIAL,16.8,10.3,2.0,2.0,0.0,10.0,16.1,36.4,23.31,3.33,51.0,44400.89
5ad81a42-10d2-4524-813b-71859e72c831,BET.D20.001488,0,BET.D20.001488.png,"4632, 3488",group_images/BET.D20.001488.png,"[781, 514, 2996, 3361]",individual_images/BET.D20.001488.png/5ad81a42-10d2-4524-813b-71859e72c831.png,2020-07-07,BLAHAW,Blackburnia hawaiiensis,Blackburnia,Hawaiiensis,15,E,015E,Y,SMR,PUUM,Puu Makaala Natural Area Reserve NEON,HI,D20,19.55309,-155.31731,CORE,TERRESTRIAL,16.8,10.3,2.0,2.0,0.0,10.0,16.1,36.4,23.31,3.33,51.0,44400.89
30e05712-b4fa-4ce1-8260-0c73b827e02d,BET.D20.001489,0,BET.D20.001489.png,"4632, 3488",group_images/BET.D20.001489.png,"[194, 14, 3132, 3142]",individual_images/BET.D20.001489.png/30e05712-b4fa-4ce1-8260-0c73b827e02d.png,2020-07-07,BLAHAW,Blackburnia hawaiiensis,Blackburnia,Hawaiiensis,15,E,015E,Y,SMR,PUUM,Puu Makaala Natural Area Reserve NEON,HI,D20,19.55309,-155.31731,CORE,TERRESTRIAL,16.8,10.3,2.0,2.0,0.0,10.0,16.1,36.4,23.31,3.33,51.0,44400.89
c9927ad6-9277-40da-9c0f-f046e03a56e3,BET.D20.001490,0,BET.D20.001490.png,"4632, 3488",group_images/BET.D20.001490.png,"[1228, 423, 2413, 3035]",individual_images/BET.D20.001490.png/c9927ad6-9277-40da-9c0f-f046e03a56e3.png,2020-07-07,MECRUF,Mecyclothorax rufipennis,Mecyclothorax,Rufipennis,17,S,017S,Y,SMR,PUUM,Puu Makaala Natural Area Reserve NEON,HI,D20,19.55309,-155.31731,CORE,TERRESTRIAL,16.8,10.3,2.0,2.0,0.0,10.0,16.1,36.4,23.31,3.33,51.0,44400.89
9956fd25-6e86-46ae-8b77-aa9b39f70883,BET.D20.001491,0,BET.D20.001491.png,"4632, 3488",group_images/BET.D20.001491.png,"[1190, 241, 2810, 3089]",individual_images/BET.D20.001491.png/9956fd25-6e86-46ae-8b77-aa9b39f70883.png,2020-07-07,MECKON,Mecyclothorax konanus,Mecyclothorax,Konanus,17,S,017S,Y,SMR,PUUM,Puu Makaala Natural Area Reserve NEON,HI,D20,19.55309,-155.31731,CORE,TERRESTRIAL,16.8,10.3,2.0,2.0,0.0,10.0,16.1,36.4,23.31,3.33,51.0,44400.89
17e7481f-d05a-45d8-84ca-3d163d196715,BET.D20.001496,0,BET.D20.001496.png,"4632, 3488",group_images/BET.D20.001496.png,"[1657, 244, 2950, 3404]",individual_images/BET.D20.001496.png/17e7481f-d05a-45d8-84ca-3d163d196715.png,2020-07-07,MECDIS,Mecyclothorax discedens,Mecyclothorax,Discedens,4,E,004E,Y,SMR,PUUM,Puu Makaala Natural Area Reserve NEON,HI,D20,19.55309,-155.31731,CORE,TERRESTRIAL,16.8,10.3,2.0,2.0,0.0,10.0,16.1,36.4,23.31,3.33,51.0,44400.89
4a6ccbb6-946e-47f4-bf3d-339e349bb5c6,BET.D20.001503,0,BET.D20.001503.png,"4632, 3488",group_images/BET.D20.001503.png,"[1173, 523, 2651, 2889]",individual_images/BET.D20.001503.png/4a6ccbb6-946e-47f4-bf3d-339e349bb5c6.png,2020-07-21,MECDIS,Mecyclothorax discedens,Mecyclothorax,Discedens,4,E,004E,Y,SMR,PUUM,Puu Makaala Natural Area Reserve NEON,HI,D20,19.55309,-155.31731,CORE,TERRESTRIAL,16.9,10.5,1.7,1.7,0.0,7.0,18.9,38.5,18.66,2.72,53.0,40156.79
e9a9ada5-54c3-4a1f-95e3-8e9ab19dd17f,BET.D20.001508,0,BET.D20.001508.png,"4632, 3488",group_images/BET.D20.001508.png,"[1514, 226, 2920, 3289]",individual_images/BET.D20.001508.png/e9a9ada5-54c3-4a1f-95e3-8e9ab19dd17f.png,2020-07-21,MECKON,Mecyclothorax konanus,Mecyclothorax,Konanus,7,W,007W,Y,SMR,PUUM,Puu Makaala Natural Area Reserve NEON,HI,D20,19.55309,-155.31731,CORE,TERRESTRIAL,16.9,10.5,1.7,1.7,0.0,7.0,18.9,38.5,18.66,2.72,53.0,40156.79
7123a796-d469-49ed-9291-5b3e6cbe822b,BET.D20.001510,0,BET.D20.001510.png,"4632, 3488",group_images/BET.D20.001510.png,"[770, 270, 3336, 3275]",individual_images/BET.D20.001510.png/7123a796-d469-49ed-9291-5b3e6cbe822b.png,2020-07-21,BLAHAW,Blackburnia hawaiiensis,Blackburnia,Hawaiiensis,7,S,007S,Y,SMR,PUUM,Puu Makaala Natural Area Reserve NEON,HI,D20,19.55309,-155.31731,CORE,TERRESTRIAL,16.9,10.5,1.7,1.7,0.0,7.0,18.9,38.5,18.66,2.72,53.0,40156.79
bd1bb5b5-161b-470c-8141-9023112b5364,BET.D20.001512,0,BET.D20.001512.png,"4632, 3488",group_images/BET.D20.001512.png,"[1441, 244, 2977, 3325]",individual_images/BET.D20.001512.png/bd1bb5b5-161b-470c-8141-9023112b5364.png,2020-07-21,MECKON,Mecyclothorax konanus,Mecyclothorax,Konanus,14,S,014S,Y,SMR,PUUM,Puu Makaala Natural Area Reserve NEON,HI,D20,19.55309,-155.31731,CORE,TERRESTRIAL,16.9,10.5,1.7,1.7,0.0,7.0,18.9,38.5,18.66,2.72,53.0,40156.79
c616f5cc-34b0-423d-a678-bc1be7566b68,BET.D20.001513,0,BET.D20.001513.png,"4632, 3488",group_images/BET.D20.001513.png,"[1187, 119, 2936, 3123]",individual_images/BET.D20.001513.png/c616f5cc-34b0-423d-a678-bc1be7566b68.png,2020-07-21,MECKON,Mecyclothorax konanus,Mecyclothorax,Konanus,14,S,014S,Y,SMR,PUUM,Puu Makaala Natural Area Reserve NEON,HI,D20,19.55309,-155.31731,CORE,TERRESTRIAL,16.9,10.5,1.7,1.7,0.0,7.0,18.9,38.5,18.66,2.72,53.0,40156.79
b1812872-e41e-4f7d-8cc2-9e4a0c3de01a,BET.D20.001521,0,BET.D20.001521.png,"4632, 3488",group_images/BET.D20.001521.png,"[1883, 193, 3219, 3254]",individual_images/BET.D20.001521.png/b1812872-e41e-4f7d-8cc2-9e4a0c3de01a.png,2020-07-21,TREOBT,Trechus obtusus,Trechus,Obtusus,14,E,014E,Y,SMR,PUUM,Puu Makaala Natural Area Reserve NEON,HI,D20,19.55309,-155.31731,CORE,TERRESTRIAL,16.9,10.5,1.7,1.7,0.0,7.0,18.9,38.5,18.66,2.72,53.0,40156.79
65b81bef-e07e-40c6-aed8-8b6b5787fde3,BET.D20.001532,0,BET.D20.001532.png,"4632, 3488",group_images/BET.D20.001532.png,"[2172, 33, 3331, 3122]",individual_images/BET.D20.001532.png/65b81bef-e07e-40c6-aed8-8b6b5787fde3.png,2020-07-21,MECKON,Mecyclothorax konanus,Mecyclothorax,Konanus,17,E,017E,Y,SMR,PUUM,Puu Makaala Natural Area Reserve NEON,HI,D20,19.55309,-155.31731,CORE,TERRESTRIAL,16.9,10.5,1.7,1.7,0.0,7.0,18.9,38.5,18.66,2.72,53.0,40156.79
b3d98c97-cb48-4af9-b1ad-5cf50381c397,BET.D20.001534,0,BET.D20.001534.png,"4632, 3488",group_images/BET.D20.001534.png,"[1095, 83, 2528, 3270]",individual_images/BET.D20.001534.png/b3d98c97-cb48-4af9-b1ad-5cf50381c397.png,2020-07-21,MECKON,Mecyclothorax konanus,Mecyclothorax,Konanus,17,W,017W,Y,SMR,PUUM,Puu Makaala Natural Area Reserve NEON,HI,D20,19.55309,-155.31731,CORE,TERRESTRIAL,16.9,10.5,1.7,1.7,0.0,7.0,18.9,38.5,18.66,2.72,53.0,40156.79
1a5208c6-d4a3-4783-ac62-e088f771aace,BET.D20.001536,0,BET.D20.001536.png,"4632, 3488",group_images/BET.D20.001536.png,"[1283, 141, 3072, 3220]",individual_images/BET.D20.001536.png/1a5208c6-d4a3-4783-ac62-e088f771aace.png,2020-08-04,TREOBT,Trechus obtusus,Trechus,Obtusus,2,W,002W,Y,SMR,PUUM,Puu Makaala Natural Area Reserve NEON,HI,D20,19.55309,-155.31731,CORE,TERRESTRIAL,17.6,8.5,0.6,0.6,0.0,3.0,14.8,34.6,25.5,3.9,51.0,43985.43
020a073d-0e14-48af-8e26-be3ffc440c84,BET.D20.001539,0,BET.D20.001539.png,"4632, 3488",group_images/BET.D20.001539.png,"[1249, 376, 3127, 3300]",individual_images/BET.D20.001539.png/020a073d-0e14-48af-8e26-be3ffc440c84.png,2020-08-04,TREOBT,Trechus obtusus,Trechus,Obtusus,2,E,002E,Y,SMR,PUUM,Puu Makaala Natural Area Reserve NEON,HI,D20,19.55309,-155.31731,CORE,TERRESTRIAL,17.6,8.5,0.6,0.6,0.0,3.0,14.8,34.6,25.5,3.9,51.0,43985.43
cb83f6be-e891-44f0-a60c-256c53fcb5e4,BET.D20.001540,0,BET.D20.001540.png,"4632, 3488",group_images/BET.D20.001540.png,"[1244, 341, 2773, 3080]",individual_images/BET.D20.001540.png/cb83f6be-e891-44f0-a60c-256c53fcb5e4.png,2020-08-04,TREOBT,Trechus obtusus,Trechus,Obtusus,3,W,003W,Y,SMR,PUUM,Puu Makaala Natural Area Reserve NEON,HI,D20,19.55309,-155.31731,CORE,TERRESTRIAL,17.6,8.5,0.6,0.6,0.0,3.0,14.8,34.6,25.5,3.9,51.0,43985.43
cd6940dc-5b57-4d6d-afd8-bf3dfa328e16,BET.D20.001542,0,BET.D20.001542.png,"4632, 3488",group_images/BET.D20.001542.png,"[1299, 310, 3024, 2705]",individual_images/BET.D20.001542.png/cd6940dc-5b57-4d6d-afd8-bf3dfa328e16.png,2020-08-04,MECDIS,Mecyclothorax discedens,Mecyclothorax,Discedens,4,E,004E,Y,SMR,PUUM,Puu Makaala Natural Area Reserve NEON,HI,D20,19.55309,-155.31731,CORE,TERRESTRIAL,17.6,8.5,0.6,0.6,0.0,3.0,14.8,34.6,25.5,3.9,51.0,43985.43
00139f00-75ba-4f16-a2dc-a75a87dec08e,BET.D20.001545,0,BET.D20.001545.png,"4632, 3488",group_images/BET.D20.001545.png,"[1456, 449, 3218, 2823]",individual_images/BET.D20.001545.png/00139f00-75ba-4f16-a2dc-a75a87dec08e.png,2020-08-04,MECRUF,Mecyclothorax rufipennis,Mecyclothorax,Rufipennis,4,E,004E,Y,SMR,PUUM,Puu Makaala Natural Area Reserve NEON,HI,D20,19.55309,-155.31731,CORE,TERRESTRIAL,17.6,8.5,0.6,0.6,0.0,3.0,14.8,34.6,25.5,3.9,51.0,43985.43
68dc51b6-59fa-4704-a299-74608b63f74f,BET.D20.001547,0,BET.D20.001547.png,"4632, 3488",group_images/BET.D20.001547.png,"[1594, 333, 2913, 3270]",individual_images/BET.D20.001547.png/68dc51b6-59fa-4704-a299-74608b63f74f.png,2020-08-04,MECDIS,Mecyclothorax discedens,Mecyclothorax,Discedens,4,W,004W,Y,SMR,PUUM,Puu Makaala Natural Area Reserve NEON,HI,D20,19.55309,-155.31731,CORE,TERRESTRIAL,17.6,8.5,0.6,0.6,0.0,3.0,14.8,34.6,25.5,3.9,51.0,43985.43
ca9b4436-2602-472f-9502-e95547494744,BET.D20.001562,0,BET.D20.001562.png,"4632, 3488",group_images/BET.D20.001562.png,"[975, 353, 2482, 3341]",individual_images/BET.D20.001562.png/ca9b4436-2602-472f-9502-e95547494744.png,2020-08-04,MECRUF,Mecyclothorax rufipennis,Mecyclothorax,Rufipennis,14,E,014E,Y,SMR,PUUM,Puu Makaala Natural Area Reserve NEON,HI,D20,19.55309,-155.31731,CORE,TERRESTRIAL,17.6,8.5,0.6,0.6,0.0,3.0,14.8,34.6,25.5,3.9,51.0,43985.43
bc8192e5-3343-4e64-a129-c27b1c788172,BET.D20.001563,0,BET.D20.001563.png,"4632, 3488",group_images/BET.D20.001563.png,"[1121, 373, 2846, 3170]",individual_images/BET.D20.001563.png/bc8192e5-3343-4e64-a129-c27b1c788172.png,2020-08-04,MECRUF,Mecyclothorax rufipennis,Mecyclothorax,Rufipennis,14,W,014W,Y,SMR,PUUM,Puu Makaala Natural Area Reserve NEON,HI,D20,19.55309,-155.31731,CORE,TERRESTRIAL,17.6,8.5,0.6,0.6,0.0,3.0,14.8,34.6,25.5,3.9,51.0,43985.43
4a1b4c75-55f9-40ef-a492-d8552ebbca5d,BET.D20.001578,0,BET.D20.001578.png,"4632, 3488",group_images/BET.D20.001578.png,"[814, 163, 2417, 3386]",individual_images/BET.D20.001578.png/4a1b4c75-55f9-40ef-a492-d8552ebbca5d.png,2020-08-04,BLAHAW,Blackburnia hawaiiensis,Blackburnia,Hawaiiensis,15,S,015S,Y,SMR,PUUM,Puu Makaala Natural Area Reserve NEON,HI,D20,19.55309,-155.31731,CORE,TERRESTRIAL,17.6,8.5,0.6,0.6,0.0,3.0,14.8,34.6,25.5,3.9,51.0,43985.43
7e27e16a-1ecb-4f20-a7b2-6e9ff3abb8d4,BET.D20.001579,0,BET.D20.001579.png,"4632, 3488",group_images/BET.D20.001579.png,"[1840, 618, 3165, 3060]",individual_images/BET.D20.001579.png/7e27e16a-1ecb-4f20-a7b2-6e9ff3abb8d4.png,2020-08-04,MECRUF,Mecyclothorax rufipennis,Mecyclothorax,Rufipennis,15,E,015E,Y,SMR,PUUM,Puu Makaala Natural Area Reserve NEON,HI,D20,19.55309,-155.31731,CORE,TERRESTRIAL,17.6,8.5,0.6,0.6,0.0,3.0,14.8,34.6,25.5,3.9,51.0,43985.43
0c0bc62b-80a0-48f3-9c09-387f30d99e07,BET.D20.001580,0,BET.D20.001580.png,"4632, 3488",group_images/BET.D20.001580.png,"[1286, 724, 2657, 3095]",individual_images/BET.D20.001580.png/0c0bc62b-80a0-48f3-9c09-387f30d99e07.png,2020-08-04,BLAKIL,Blackburnia kilauea,Blackburnia,Kilauea,15,S,015S,Y,SMR,PUUM,Puu Makaala Natural Area Reserve NEON,HI,D20,19.55309,-155.31731,CORE,TERRESTRIAL,17.6,8.5,0.6,0.6,0.0,3.0,14.8,34.6,25.5,3.9,51.0,43985.43
d122e9ef-4532-4198-9933-f206b33f4abf,BET.D20.001581,0,BET.D20.001581.png,"4632, 3488",group_images/BET.D20.001581.png,"[1186, 523, 2863, 2953]",individual_images/BET.D20.001581.png/d122e9ef-4532-4198-9933-f206b33f4abf.png,2020-08-04,BLAKIL,Blackburnia kilauea,Blackburnia,Kilauea,15,S,015S,Y,SMR,PUUM,Puu Makaala Natural Area Reserve NEON,HI,D20,19.55309,-155.31731,CORE,TERRESTRIAL,17.6,8.5,0.6,0.6,0.0,3.0,14.8,34.6,25.5,3.9,51.0,43985.43
472bcefc-d14d-4950-abc4-6e5a5d60de3e,BET.D20.001582,0,BET.D20.001582.png,"4632, 3488",group_images/BET.D20.001582.png,"[1046, 108, 2632, 3182]",individual_images/BET.D20.001582.png/472bcefc-d14d-4950-abc4-6e5a5d60de3e.png,2020-08-04,BLAHAW,Blackburnia hawaiiensis,Blackburnia,Hawaiiensis,15,E,015E,Y,SMR,PUUM,Puu Makaala Natural Area Reserve NEON,HI,D20,19.55309,-155.31731,CORE,TERRESTRIAL,17.6,8.5,0.6,0.6,0.0,3.0,14.8,34.6,25.5,3.9,51.0,43985.43
4d732aaa-f0a8-4f9e-abdf-d877a9c2a1ae,BET.D20.001583,0,BET.D20.001583.png,"4632, 3488",group_images/BET.D20.001583.png,"[1155, 472, 2714, 3176]",individual_images/BET.D20.001583.png/4d732aaa-f0a8-4f9e-abdf-d877a9c2a1ae.png,2020-08-04,BLAHAW,Blackburnia hawaiiensis,Blackburnia,Hawaiiensis,15,W,015W,Y,SMR,PUUM,Puu Makaala Natural Area Reserve NEON,HI,D20,19.55309,-155.31731,CORE,TERRESTRIAL,17.6,8.5,0.6,0.6,0.0,3.0,14.8,34.6,25.5,3.9,51.0,43985.43
60e42f6d-8e7d-4486-8f79-e8eaf629c5be,BET.D20.001591,0,BET.D20.001591.png,"4632, 3488",group_images/BET.D20.001591.png,"[1370, 279, 3205, 3070]",individual_images/BET.D20.001591.png/60e42f6d-8e7d-4486-8f79-e8eaf629c5be.png,2020-08-18,TREOBT,Trechus obtusus,Trechus,Obtusus,3,W,003W,Y,SMR,PUUM,Puu Makaala Natural Area Reserve NEON,HI,D20,19.55309,-155.31731,CORE,TERRESTRIAL,15.6,9.6,1.8,1.8,0.0,9.0,12.5,32.4,16.78,2.5,51.0,30745.72
823daa50-5adc-4253-84a9-f28e9612699d,BET.D20.001592,0,BET.D20.001592.png,"4632, 3488",group_images/BET.D20.001592.png,"[1517, 395, 3459, 3092]",individual_images/BET.D20.001592.png/823daa50-5adc-4253-84a9-f28e9612699d.png,2020-08-18,TREOBT,Trechus obtusus,Trechus,Obtusus,3,W,003W,Y,SMR,PUUM,Puu Makaala Natural Area Reserve NEON,HI,D20,19.55309,-155.31731,CORE,TERRESTRIAL,15.6,9.6,1.8,1.8,0.0,9.0,12.5,32.4,16.78,2.5,51.0,30745.72
0a95275f-f0ac-425f-a673-bc1917eb760c,BET.D20.001594,0,BET.D20.001594.png,"4632, 3488",group_images/BET.D20.001594.png,"[1003, 562, 3033, 3252]",individual_images/BET.D20.001594.png/0a95275f-f0ac-425f-a673-bc1917eb760c.png,2020-08-18,MECDIS,Mecyclothorax discedens,Mecyclothorax,Discedens,4,W,004W,Y,SMR,PUUM,Puu Makaala Natural Area Reserve NEON,HI,D20,19.55309,-155.31731,CORE,TERRESTRIAL,15.6,9.6,1.8,1.8,0.0,9.0,12.5,32.4,16.78,2.5,51.0,30745.72
f0bc9da4-2726-4744-9a21-78d2c080f928,BET.D20.001603,0,BET.D20.001603.png,"4632, 3488",group_images/BET.D20.001603.png,"[1426, 462, 3277, 3242]",individual_images/BET.D20.001603.png/f0bc9da4-2726-4744-9a21-78d2c080f928.png,2020-08-18,MECKON,Mecyclothorax konanus,Mecyclothorax,Konanus,6,W,006W,Y,SMR,PUUM,Puu Makaala Natural Area Reserve NEON,HI,D20,19.55309,-155.31731,CORE,TERRESTRIAL,15.6,9.6,1.8,1.8,0.0,9.0,12.5,32.4,16.78,2.5,51.0,30745.72
84a3cd25-920f-4ce1-a7b1-29446850d474,BET.D20.001606,0,BET.D20.001606.png,"4632, 3488",group_images/BET.D20.001606.png,"[916, 145, 2896, 3373]",individual_images/BET.D20.001606.png/84a3cd25-920f-4ce1-a7b1-29446850d474.png,2020-08-18,BLAHAW,Blackburnia hawaiiensis,Blackburnia,Hawaiiensis,7,W,007W,Y,SMR,PUUM,Puu Makaala Natural Area Reserve NEON,HI,D20,19.55309,-155.31731,CORE,TERRESTRIAL,15.6,9.6,1.8,1.8,0.0,9.0,12.5,32.4,16.78,2.5,51.0,30745.72
7eb718be-63dc-4444-9098-2137def3028b,BET.D20.001607,0,BET.D20.001607.png,"4632, 3488",group_images/BET.D20.001607.png,"[1375, 92, 2952, 3428]",individual_images/BET.D20.001607.png/7eb718be-63dc-4444-9098-2137def3028b.png,2020-08-18,MECKON,Mecyclothorax konanus,Mecyclothorax,Konanus,8,E,008E,Y,SMR,PUUM,Puu Makaala Natural Area Reserve NEON,HI,D20,19.55309,-155.31731,CORE,TERRESTRIAL,15.6,9.6,1.8,1.8,0.0,9.0,12.5,32.4,16.78,2.5,51.0,30745.72
6d385814-5d05-4993-950e-a3ab45177789,BET.D20.001631,0,BET.D20.001631.png,"4632, 3488",group_images/BET.D20.001631.png,"[1312, 122, 2879, 3210]",individual_images/BET.D20.001631.png/6d385814-5d05-4993-950e-a3ab45177789.png,2020-08-18,MECKON,Mecyclothorax konanus,Mecyclothorax,Konanus,14,E,014E,Y,SMR,PUUM,Puu Makaala Natural Area Reserve NEON,HI,D20,19.55309,-155.31731,CORE,TERRESTRIAL,15.6,9.6,1.8,1.8,0.0,9.0,12.5,32.4,16.78,2.5,51.0,30745.72
4fa69ba6-5f0f-4ca0-8973-7de834e894ea,BET.D20.001636,0,BET.D20.001636.png,"4632, 3488",group_images/BET.D20.001636.png,"[482, 122, 3067, 3226]",individual_images/BET.D20.001636.png/4fa69ba6-5f0f-4ca0-8973-7de834e894ea.png,2020-08-18,MECRUF,Mecyclothorax rufipennis,Mecyclothorax,Rufipennis,17,E,017E,Y,SMR,PUUM,Puu Makaala Natural Area Reserve NEON,HI,D20,19.55309,-155.31731,CORE,TERRESTRIAL,15.6,9.6,1.8,1.8,0.0,9.0,12.5,32.4,16.78,2.5,51.0,30745.72
5b8280b8-60d4-43bb-aad7-652af0fa2f29,BET.D20.001637,0,BET.D20.001637.png,"4632, 3488",group_images/BET.D20.001637.png,"[1067, 104, 2511, 3182]",individual_images/BET.D20.001637.png/5b8280b8-60d4-43bb-aad7-652af0fa2f29.png,2020-08-18,MECRUF,Mecyclothorax rufipennis,Mecyclothorax,Rufipennis,17,E,017E,Y,SMR,PUUM,Puu Makaala Natural Area Reserve NEON,HI,D20,19.55309,-155.31731,CORE,TERRESTRIAL,15.6,9.6,1.8,1.8,0.0,9.0,12.5,32.4,16.78,2.5,51.0,30745.72
68d1cbb3-67a1-40f8-8e13-1e0cc0e2d7e3,BET.D20.001640,0,BET.D20.001640.png,"4632, 3488",group_images/BET.D20.001640.png,"[763, 392, 2413, 2917]",individual_images/BET.D20.001640.png/68d1cbb3-67a1-40f8-8e13-1e0cc0e2d7e3.png,2020-08-18,BLAKIL,Blackburnia kilauea,Blackburnia,Kilauea,15,S,015S,Y,SMR,PUUM,Puu Makaala Natural Area Reserve NEON,HI,D20,19.55309,-155.31731,CORE,TERRESTRIAL,15.6,9.6,1.8,1.8,0.0,9.0,12.5,32.4,16.78,2.5,51.0,30745.72
0ea0e5a1-f36e-497f-9f63-803cf54e9391,BET.D20.001641,0,BET.D20.001641.png,"4632, 3488",group_images/BET.D20.001641.png,"[1656, 180, 2779, 3211]",individual_images/BET.D20.001641.png/0ea0e5a1-f36e-497f-9f63-803cf54e9391.png,2020-08-18,MECKON,Mecyclothorax konanus,Mecyclothorax,Konanus,17,E,017E,Y,SMR,PUUM,Puu Makaala Natural Area Reserve NEON,HI,D20,19.55309,-155.31731,CORE,TERRESTRIAL,15.6,9.6,1.8,1.8,0.0,9.0,12.5,32.4,16.78,2.5,51.0,30745.72
aca5449e-d7b8-4082-9609-dd814e76c0df,BET.D20.001644,0,BET.D20.001644.png,"4632, 3488",group_images/BET.D20.001644.png,"[1092, 550, 2657, 3189]",individual_images/BET.D20.001644.png/aca5449e-d7b8-4082-9609-dd814e76c0df.png,2020-09-01,BLAHAW,Blackburnia hawaiiensis,Blackburnia,Hawaiiensis,7,W,007W,Y,SMR,PUUM,Puu Makaala Natural Area Reserve NEON,HI,D20,19.55309,-155.31731,CORE,TERRESTRIAL,16.5,11.8,6.0,6.0,0.0,14.0,14.2,33.1,15.17,2.33,55.0,25413.12
9da5f1aa-f072-47a4-a7d5-639bcb3bdfc9,BET.D20.001646,0,BET.D20.001646.png,"4632, 3488",group_images/BET.D20.001646.png,"[1247, 554, 2994, 3229]",individual_images/BET.D20.001646.png/9da5f1aa-f072-47a4-a7d5-639bcb3bdfc9.png,2020-09-01,MECDIS,Mecyclothorax discedens,Mecyclothorax,Discedens,7,W,007W,Y,SMR,PUUM,Puu Makaala Natural Area Reserve NEON,HI,D20,19.55309,-155.31731,CORE,TERRESTRIAL,16.5,11.8,6.0,6.0,0.0,14.0,14.2,33.1,15.17,2.33,55.0,25413.12
f115d224-e654-4ec9-9de9-62afffef9165,BET.D20.001651,0,BET.D20.001651.png,"4632, 3488",group_images/BET.D20.001651.png,"[877, 167, 2925, 3378]",individual_images/BET.D20.001651.png/f115d224-e654-4ec9-9de9-62afffef9165.png,2020-09-01,MECDIS,Mecyclothorax discedens,Mecyclothorax,Discedens,4,E,004E,Y,SMR,PUUM,Puu Makaala Natural Area Reserve NEON,HI,D20,19.55309,-155.31731,CORE,TERRESTRIAL,16.5,11.8,6.0,6.0,0.0,14.0,14.2,33.1,15.17,2.33,55.0,25413.12
d373a5a5-59f4-48bd-8c32-21df6d2a7576,BET.D20.001654,0,BET.D20.001654.png,"4632, 3488",group_images/BET.D20.001654.png,"[870, 234, 3080, 3083]",individual_images/BET.D20.001654.png/d373a5a5-59f4-48bd-8c32-21df6d2a7576.png,2020-09-01,MECDIS,Mecyclothorax discedens,Mecyclothorax,Discedens,4,E,004E,Y,SMR,PUUM,Puu Makaala Natural Area Reserve NEON,HI,D20,19.55309,-155.31731,CORE,TERRESTRIAL,16.5,11.8,6.0,6.0,0.0,14.0,14.2,33.1,15.17,2.33,55.0,25413.12
4f78b788-77ed-43fd-a2f4-ae55c932f811,BET.D20.001671,0,BET.D20.001671.png,"4632, 3488",group_images/BET.D20.001671.png,"[1241, 232, 2846, 3168]",individual_images/BET.D20.001671.png/4f78b788-77ed-43fd-a2f4-ae55c932f811.png,2020-09-01,TREOBT,Trechus obtusus,Trechus,Obtusus,14,E,014E,Y,SMR,PUUM,Puu Makaala Natural Area Reserve NEON,HI,D20,19.55309,-155.31731,CORE,TERRESTRIAL,16.5,11.8,6.0,6.0,0.0,14.0,14.2,33.1,15.17,2.33,55.0,25413.12
e32e2b27-f972-4801-8957-d664654675a8,BET.D20.001686,0,BET.D20.001686.png,"4632, 3488",group_images/BET.D20.001686.png,"[1448, 301, 3075, 3096]",individual_images/BET.D20.001686.png/e32e2b27-f972-4801-8957-d664654675a8.png,2020-09-01,MECKON,Mecyclothorax konanus,Mecyclothorax,Konanus,14,S,014S,Y,SMR,PUUM,Puu Makaala Natural Area Reserve NEON,HI,D20,19.55309,-155.31731,CORE,TERRESTRIAL,16.5,11.8,6.0,6.0,0.0,14.0,14.2,33.1,15.17,2.33,55.0,25413.12
2ed75097-1ed7-4adf-87cb-a8b6f445f3e1,BET.D20.001701,0,BET.D20.001701.png,"4632, 3488",group_images/BET.D20.001701.png,"[798, 346, 2907, 3111]",individual_images/BET.D20.001701.png/2ed75097-1ed7-4adf-87cb-a8b6f445f3e1.png,2020-09-15,BLAKIL,Blackburnia kilauea,Blackburnia,Kilauea,15,E,015E,Y,SMR,PUUM,Puu Makaala Natural Area Reserve NEON,HI,D20,19.55309,-155.31731,CORE,TERRESTRIAL,17.9,9.9,5.6,5.6,0.0,8.0,17.6,37.8,18.51,2.85,61.0,26992.89
421c4984-f222-4246-a391-fb9542750953,BET.D20.001702,0,BET.D20.001702.png,"4632, 3488",group_images/BET.D20.001702.png,"[1111, 133, 3232, 3384]",individual_images/BET.D20.001702.png/421c4984-f222-4246-a391-fb9542750953.png,2020-09-15,BLAKIL,Blackburnia kilauea,Blackburnia,Kilauea,15,E,015E,Y,SMR,PUUM,Puu Makaala Natural Area Reserve NEON,HI,D20,19.55309,-155.31731,CORE,TERRESTRIAL,17.9,9.9,5.6,5.6,0.0,8.0,17.6,37.8,18.51,2.85,61.0,26992.89
a7edb25e-6240-48c1-8446-a0137b358a7c,BET.D20.001704,0,BET.D20.001704.png,"4632, 3488",group_images/BET.D20.001704.png,"[1317, 122, 2818, 3066]",individual_images/BET.D20.001704.png/a7edb25e-6240-48c1-8446-a0137b358a7c.png,2020-09-15,BLAHAW,Blackburnia hawaiiensis,Blackburnia,Hawaiiensis,15,W,015W,Y,SMR,PUUM,Puu Makaala Natural Area Reserve NEON,HI,D20,19.55309,-155.31731,CORE,TERRESTRIAL,17.9,9.9,5.6,5.6,0.0,8.0,17.6,37.8,18.51,2.85,61.0,26992.89
052129ba-70bc-4619-ad44-307c5f114a3c,BET.D20.001705,0,BET.D20.001705.png,"4632, 3488",group_images/BET.D20.001705.png,"[1749, 136, 3184, 3206]",individual_images/BET.D20.001705.png/052129ba-70bc-4619-ad44-307c5f114a3c.png,2020-09-15,MECRUF,Mecyclothorax rufipennis,Mecyclothorax,Rufipennis,8,E,008E,Y,SMR,PUUM,Puu Makaala Natural Area Reserve NEON,HI,D20,19.55309,-155.31731,CORE,TERRESTRIAL,17.9,9.9,5.6,5.6,0.0,8.0,17.6,37.8,18.51,2.85,61.0,26992.89
9d385827-5d49-4bf1-abd2-86793262e430,BET.D20.001708,0,BET.D20.001708.png,"4632, 3488",group_images/BET.D20.001708.png,"[1142, 433, 3334, 3382]",individual_images/BET.D20.001708.png/9d385827-5d49-4bf1-abd2-86793262e430.png,2020-09-15,MECKAR,Mecyclothorax karschi,Mecyclothorax,Karschi,14,W,014W,Y,SMR,PUUM,Puu Makaala Natural Area Reserve NEON,HI,D20,19.55309,-155.31731,CORE,TERRESTRIAL,17.9,9.9,5.6,5.6,0.0,8.0,17.6,37.8,18.51,2.85,61.0,26992.89
653f9b7e-6d92-44ce-89f9-de62db58a07a,BET.D20.001712,0,BET.D20.001712.png,"4632, 3488",group_images/BET.D20.001712.png,"[1634, 280, 3652, 3194]",individual_images/BET.D20.001712.png/653f9b7e-6d92-44ce-89f9-de62db58a07a.png,2020-09-15,TREOBT,Trechus obtusus,Trechus,Obtusus,3,S,003S,Y,SMR,PUUM,Puu Makaala Natural Area Reserve NEON,HI,D20,19.55309,-155.31731,CORE,TERRESTRIAL,17.9,9.9,5.6,5.6,0.0,8.0,17.6,37.8,18.51,2.85,61.0,26992.89
c4d7a21b-4f6a-4783-8a00-4247d960caeb,BET.D20.001715,0,BET.D20.001715.png,"4632, 3488",group_images/BET.D20.001715.png,"[1189, 590, 2454, 3221]",individual_images/BET.D20.001715.png/c4d7a21b-4f6a-4783-8a00-4247d960caeb.png,2020-09-15,MECDIS,Mecyclothorax discedens,Mecyclothorax,Discedens,4,E,004E,Y,SMR,PUUM,Puu Makaala Natural Area Reserve NEON,HI,D20,19.55309,-155.31731,CORE,TERRESTRIAL,17.9,9.9,5.6,5.6,0.0,8.0,17.6,37.8,18.51,2.85,61.0,26992.89
bb505a12-2acb-4c4e-ab60-27f9936455db,BET.D20.001717,0,BET.D20.001717.png,"4632, 3488",group_images/BET.D20.001717.png,"[1181, 558, 3216, 3323]",individual_images/BET.D20.001717.png/bb505a12-2acb-4c4e-ab60-27f9936455db.png,2020-09-15,BLAKIL,Blackburnia kilauea,Blackburnia,Kilauea,15,S,015S,Y,SMR,PUUM,Puu Makaala Natural Area Reserve NEON,HI,D20,19.55309,-155.31731,CORE,TERRESTRIAL,17.9,9.9,5.6,5.6,0.0,8.0,17.6,37.8,18.51,2.85,61.0,26992.89
b7176eda-5206-431c-991e-b69e910dea9b,BET.D20.001719,0,BET.D20.001719.png,"4632, 3488",group_images/BET.D20.001719.png,"[1906, 194, 3553, 3205]",individual_images/BET.D20.001719.png/b7176eda-5206-431c-991e-b69e910dea9b.png,2020-09-15,MECKON,Mecyclothorax konanus,Mecyclothorax,Konanus,14,S,014S,Y,SMR,PUUM,Puu Makaala Natural Area Reserve NEON,HI,D20,19.55309,-155.31731,CORE,TERRESTRIAL,17.9,9.9,5.6,5.6,0.0,8.0,17.6,37.8,18.51,2.85,61.0,26992.89
d64cecf7-0a3b-4a51-8152-d47cfc1e431e,BET.D20.001721,0,BET.D20.001721.png,"4632, 3488",group_images/BET.D20.001721.png,"[1146, 65, 2815, 3365]",individual_images/BET.D20.001721.png/d64cecf7-0a3b-4a51-8152-d47cfc1e431e.png,2020-09-15,TREOBT,Trechus obtusus,Trechus,Obtusus,14,W,014W,Y,SMR,PUUM,Puu Makaala Natural Area Reserve NEON,HI,D20,19.55309,-155.31731,CORE,TERRESTRIAL,17.9,9.9,5.6,5.6,0.0,8.0,17.6,37.8,18.51,2.85,61.0,26992.89
9fc55beb-68ca-44e0-a075-f6d4d963fe7b,BET.D20.001726,0,BET.D20.001726.png,"4632, 3488",group_images/BET.D20.001726.png,"[1271, 650, 2726, 3071]",individual_images/BET.D20.001726.png/9fc55beb-68ca-44e0-a075-f6d4d963fe7b.png,2020-09-15,MECKON,Mecyclothorax konanus,Mecyclothorax,Konanus,17,E,017E,Y,SMR,PUUM,Puu Makaala Natural Area Reserve NEON,HI,D20,19.55309,-155.31731,CORE,TERRESTRIAL,17.9,9.9,5.6,5.6,0.0,8.0,17.6,37.8,18.51,2.85,61.0,26992.89
757e56c6-8e78-44e7-b3b5-6ea73c905ee8,BET.D20.001729,0,BET.D20.001729.png,"4632, 3488",group_images/BET.D20.001729.png,"[1371, 713, 3293, 3037]",individual_images/BET.D20.001729.png/757e56c6-8e78-44e7-b3b5-6ea73c905ee8.png,2020-09-15,MECKON,Mecyclothorax konanus,Mecyclothorax,Konanus,14,W,014W,Y,SMR,PUUM,Puu Makaala Natural Area Reserve NEON,HI,D20,19.55309,-155.31731,CORE,TERRESTRIAL,17.9,9.9,5.6,5.6,0.0,8.0,17.6,37.8,18.51,2.85,61.0,26992.89
d76e956e-9abb-4d9a-85d0-d8f7625342b4,BET.D20.001740,0,BET.D20.001740.png,"4632, 3488",group_images/BET.D20.001740.png,"[1070, 65, 3113, 3296]",individual_images/BET.D20.001740.png/d76e956e-9abb-4d9a-85d0-d8f7625342b4.png,2020-09-15,TREOBT,Trechus obtusus,Trechus,Obtusus,14,E,014E,Y,SMR,PUUM,Puu Makaala Natural Area Reserve NEON,HI,D20,19.55309,-155.31731,CORE,TERRESTRIAL,17.9,9.9,5.6,5.6,0.0,8.0,17.6,37.8,18.51,2.85,61.0,26992.89
3e01cf0f-d75a-47f6-ad6c-e0cbf99b9ff5,BET.D20.001746,0,BET.D20.001746.png,"4632, 3488",group_images/BET.D20.001746.png,"[1203, 286, 3203, 3094]",individual_images/BET.D20.001746.png/3e01cf0f-d75a-47f6-ad6c-e0cbf99b9ff5.png,2020-09-15,MECKON,Mecyclothorax konanus,Mecyclothorax,Konanus,14,E,014E,Y,SMR,PUUM,Puu Makaala Natural Area Reserve NEON,HI,D20,19.55309,-155.31731,CORE,TERRESTRIAL,17.9,9.9,5.6,5.6,0.0,8.0,17.6,37.8,18.51,2.85,61.0,26992.89
56a354dd-f78d-4954-be1f-cba33221b1a2,BET.D20.001752,0,BET.D20.001752.png,"4632, 3488",group_images/BET.D20.001752.png,"[1304, 606, 3289, 3305]",individual_images/BET.D20.001752.png/56a354dd-f78d-4954-be1f-cba33221b1a2.png,2020-09-15,TREOBT,Trechus obtusus,Trechus,Obtusus,14,S,014S,Y,SMR,PUUM,Puu Makaala Natural Area Reserve NEON,HI,D20,19.55309,-155.31731,CORE,TERRESTRIAL,17.9,9.9,5.6,5.6,0.0,8.0,17.6,37.8,18.51,2.85,61.0,26992.89
eab6ab68-f359-46a6-a842-03a855529bd4,BET.D20.001753,0,BET.D20.001753.png,"4632, 3488",group_images/BET.D20.001753.png,"[1096, 269, 2540, 3314]",individual_images/BET.D20.001753.png/eab6ab68-f359-46a6-a842-03a855529bd4.png,2020-09-29,MECRUF,Mecyclothorax rufipennis,Mecyclothorax,Rufipennis,5,E,005E,Y,SMR,PUUM,Puu Makaala Natural Area Reserve NEON,HI,D20,19.55309,-155.31731,CORE,TERRESTRIAL,19.3,10.9,0.0,0.0,0.0,0.0,13.5,29.5,23.85,4.45,1.0,40625.51
f102ccdb-8958-4ddd-a330-a61bf8663a56,BET.D20.001756,0,BET.D20.001756.png,"4632, 3488",group_images/BET.D20.001756.png,"[947, 583, 2606, 3217]",individual_images/BET.D20.001756.png/f102ccdb-8958-4ddd-a330-a61bf8663a56.png,2020-09-29,TREOBT,Trechus obtusus,Trechus,Obtusus,2,E,002E,Y,SMR,PUUM,Puu Makaala Natural Area Reserve NEON,HI,D20,19.55309,-155.31731,CORE,TERRESTRIAL,19.3,10.9,0.0,0.0,0.0,0.0,13.5,29.5,23.85,4.45,1.0,40625.51
ea51b9d0-1f24-4d51-8560-f556aec3630b,BET.D20.001758,0,BET.D20.001758.png,"4632, 3488",group_images/BET.D20.001758.png,"[837, 351, 2150, 2992]",individual_images/BET.D20.001758.png/ea51b9d0-1f24-4d51-8560-f556aec3630b.png,2020-09-29,MECKON,Mecyclothorax konanus,Mecyclothorax,Konanus,6,S,006S,Y,SMR,PUUM,Puu Makaala Natural Area Reserve NEON,HI,D20,19.55309,-155.31731,CORE,TERRESTRIAL,19.3,10.9,0.0,0.0,0.0,0.0,13.5,29.5,23.85,4.45,1.0,40625.51
5a18da5b-4754-458c-a77a-b29754275929,BET.D20.001765,0,BET.D20.001765.png,"4632, 3488",group_images/BET.D20.001765.png,"[443, 547, 2520, 3238]",individual_images/BET.D20.001765.png/5a18da5b-4754-458c-a77a-b29754275929.png,2020-09-29,MECDIS,Mecyclothorax discedens,Mecyclothorax,Discedens,4,E,004E,Y,SMR,PUUM,Puu Makaala Natural Area Reserve NEON,HI,D20,19.55309,-155.31731,CORE,TERRESTRIAL,19.3,10.9,0.0,0.0,0.0,0.0,13.5,29.5,23.85,4.45,1.0,40625.51
ea48e792-edd2-49eb-80e4-7721a76bf6b7,BET.D20.001781,0,BET.D20.001781.png,"4632, 3488",group_images/BET.D20.001781.png,"[1091, 213, 3063, 2960]",individual_images/BET.D20.001781.png/ea48e792-edd2-49eb-80e4-7721a76bf6b7.png,2020-09-29,TREOBT,Trechus obtusus,Trechus,Obtusus,14,W,014W,Y,SMR,PUUM,Puu Makaala Natural Area Reserve NEON,HI,D20,19.55309,-155.31731,CORE,TERRESTRIAL,19.3,10.9,0.0,0.0,0.0,0.0,13.5,29.5,23.85,4.45,1.0,40625.51
097d8844-ba80-42b4-b281-458ab1455384,BET.D20.001782,0,BET.D20.001782.png,"4632, 3488",group_images/BET.D20.001782.png,"[732, 284, 2632, 3183]",individual_images/BET.D20.001782.png/097d8844-ba80-42b4-b281-458ab1455384.png,2020-09-29,MECKON,Mecyclothorax konanus,Mecyclothorax,Konanus,14,W,014W,Y,SMR,PUUM,Puu Makaala Natural Area Reserve NEON,HI,D20,19.55309,-155.31731,CORE,TERRESTRIAL,19.3,10.9,0.0,0.0,0.0,0.0,13.5,29.5,23.85,4.45,1.0,40625.51
a3cf4c79-cc3b-4450-80e1-3ec8c127513d,BET.D20.001784,0,BET.D20.001784.png,"4632, 3488",group_images/BET.D20.001784.png,"[826, 163, 2922, 3286]",individual_images/BET.D20.001784.png/a3cf4c79-cc3b-4450-80e1-3ec8c127513d.png,2020-09-29,MECKON,Mecyclothorax konanus,Mecyclothorax,Konanus,14,E,014E,Y,SMR,PUUM,Puu Makaala Natural Area Reserve NEON,HI,D20,19.55309,-155.31731,CORE,TERRESTRIAL,19.3,10.9,0.0,0.0,0.0,0.0,13.5,29.5,23.85,4.45,1.0,40625.51
8f76dfca-506c-42a2-b80d-4a08856330af,BET.D20.001786,0,BET.D20.001786.png,"4632, 3488",group_images/BET.D20.001786.png,"[1080, 380, 3003, 3296]",individual_images/BET.D20.001786.png/8f76dfca-506c-42a2-b80d-4a08856330af.png,2020-09-29,MECKON,Mecyclothorax konanus,Mecyclothorax,Konanus,14,S,014S,Y,SMR,PUUM,Puu Makaala Natural Area Reserve NEON,HI,D20,19.55309,-155.31731,CORE,TERRESTRIAL,19.3,10.9,0.0,0.0,0.0,0.0,13.5,29.5,23.85,4.45,1.0,40625.51
199d3407-e129-4d34-911e-591ff2710af7,BET.D20.001789,0,BET.D20.001789.png,"4632, 3488",group_images/BET.D20.001789.png,"[1424, 320, 3266, 3248]",individual_images/BET.D20.001789.png/199d3407-e129-4d34-911e-591ff2710af7.png,2020-09-29,TREOBT,Trechus obtusus,Trechus,Obtusus,14,E,014E,Y,SMR,PUUM,Puu Makaala Natural Area Reserve NEON,HI,D20,19.55309,-155.31731,CORE,TERRESTRIAL,19.3,10.9,0.0,0.0,0.0,0.0,13.5,29.5,23.85,4.45,1.0,40625.51
aaeeac2f-3e6c-4881-88df-84bbfbe62f43,BET.D20.001799,0,BET.D20.001799.png,"4632, 3488",group_images/BET.D20.001799.png,"[1464, 208, 2811, 3352]",individual_images/BET.D20.001799.png/aaeeac2f-3e6c-4881-88df-84bbfbe62f43.png,2020-10-13,MECKON,Mecyclothorax konanus,Mecyclothorax,Konanus,17,W,017W,Y,SMR,PUUM,Puu Makaala Natural Area Reserve NEON,HI,D20,19.55309,-155.31731,CORE,TERRESTRIAL,17.7,12.6,10.4,10.4,0.0,14.0,16.2,35.6,17.85,2.86,61.0,27273.84
de1a430a-d0c7-47c2-9839-f5c4c6fbf944,BET.D20.001806,0,BET.D20.001806.png,"4632, 3488",group_images/BET.D20.001806.png,"[1164, 163, 2828, 3396]",individual_images/BET.D20.001806.png/de1a430a-d0c7-47c2-9839-f5c4c6fbf944.png,2020-10-13,MECKAR,Mecyclothorax karschi,Mecyclothorax,Karschi,6,W,006W,Y,SMR,PUUM,Puu Makaala Natural Area Reserve NEON,HI,D20,19.55309,-155.31731,CORE,TERRESTRIAL,17.7,12.6,10.4,10.4,0.0,14.0,16.2,35.6,17.85,2.86,61.0,27273.84
42d35eec-0a66-4039-9faf-3088c8eac5b6,BET.D20.001808,0,BET.D20.001808.png,"4632, 3488",group_images/BET.D20.001808.png,"[1211, 148, 2706, 3323]",individual_images/BET.D20.001808.png/42d35eec-0a66-4039-9faf-3088c8eac5b6.png,2020-10-13,BLAKIL,Blackburnia kilauea,Blackburnia,Kilauea,7,E,007E,Y,SMR,PUUM,Puu Makaala Natural Area Reserve NEON,HI,D20,19.55309,-155.31731,CORE,TERRESTRIAL,17.7,12.6,10.4,10.4,0.0,14.0,16.2,35.6,17.85,2.86,61.0,27273.84
964cfc14-0a3c-4d53-be14-82c0b55f399a,BET.D20.001809,0,BET.D20.001809.png,"4632, 3488",group_images/BET.D20.001809.png,"[1409, 473, 3138, 3329]",individual_images/BET.D20.001809.png/964cfc14-0a3c-4d53-be14-82c0b55f399a.png,2020-10-13,TREOBT,Trechus obtusus,Trechus,Obtusus,2,E,002E,Y,SMR,PUUM,Puu Makaala Natural Area Reserve NEON,HI,D20,19.55309,-155.31731,CORE,TERRESTRIAL,17.7,12.6,10.4,10.4,0.0,14.0,16.2,35.6,17.85,2.86,61.0,27273.84
ec7c77dc-423b-44ab-adb7-a608efe38584,BET.D20.001810,0,BET.D20.001810.png,"4632, 3488",group_images/BET.D20.001810.png,"[1466, 51, 3136, 3300]",individual_images/BET.D20.001810.png/ec7c77dc-423b-44ab-adb7-a608efe38584.png,2020-10-13,TREOBT,Trechus obtusus,Trechus,Obtusus,13,E,013E,Y,SMR,PUUM,Puu Makaala Natural Area Reserve NEON,HI,D20,19.55309,-155.31731,CORE,TERRESTRIAL,17.7,12.6,10.4,10.4,0.0,14.0,16.2,35.6,17.85,2.86,61.0,27273.84
2db2e3e6-3ae3-48f1-b189-0f6fc7342e36,BET.D20.001811,0,BET.D20.001811.png,"4632, 3488",group_images/BET.D20.001811.png,"[1008, 247, 2927, 3370]",individual_images/BET.D20.001811.png/2db2e3e6-3ae3-48f1-b189-0f6fc7342e36.png,2020-10-13,MECNEO,Mecyclothorax neonomas,Mecyclothorax,Neonomas,14,E,014E,Y,SMR,PUUM,Puu Makaala Natural Area Reserve NEON,HI,D20,19.55309,-155.31731,CORE,TERRESTRIAL,17.7,12.6,10.4,10.4,0.0,14.0,16.2,35.6,17.85,2.86,61.0,27273.84
7c83f2d0-e6e7-4f42-bc8d-31fbfaf34387,BET.D20.001821,0,BET.D20.001821.png,"4632, 3488",group_images/BET.D20.001821.png,"[1637, 452, 3346, 3122]",individual_images/BET.D20.001821.png/7c83f2d0-e6e7-4f42-bc8d-31fbfaf34387.png,2020-10-13,TREOBT,Trechus obtusus,Trechus,Obtusus,14,W,014W,Y,SMR,PUUM,Puu Makaala Natural Area Reserve NEON,HI,D20,19.55309,-155.31731,CORE,TERRESTRIAL,17.7,12.6,10.4,10.4,0.0,14.0,16.2,35.6,17.85,2.86,61.0,27273.84
1a7fbef0-62ed-4393-b6c7-e0d37357a58c,BET.D20.001824,0,BET.D20.001824.png,"4632, 3488",group_images/BET.D20.001824.png,"[1603, 171, 3858, 3249]",individual_images/BET.D20.001824.png/1a7fbef0-62ed-4393-b6c7-e0d37357a58c.png,2020-10-13,MECKON,Mecyclothorax konanus,Mecyclothorax,Konanus,14,S,014S,Y,SMR,PUUM,Puu Makaala Natural Area Reserve NEON,HI,D20,19.55309,-155.31731,CORE,TERRESTRIAL,17.7,12.6,10.4,10.4,0.0,14.0,16.2,35.6,17.85,2.86,61.0,27273.84
